variable,quarter,test_date,p_gdp,K_ind,horizon,y_true,y_hat
DA_AUTO_SALES_US,2016Q3,2016-09-30,0,4,0,-1.9593475375963,-11.2754731707963
DA_AUTO_SALES_US,2017Q1,2017-03-31,0,4,0,3.93802673220733,-4.48322926311997
DA_AUTO_SALES_US,2017Q2,2017-06-30,0,4,0,3.17587049714518,1.6490840463175
DA_AUTO_SALES_US,2021Q4,2021-12-31,0,4,0,4.68597562707878,0.854055071840081
DA_AUTO_SALES_US,2022Q3,2022-09-30,0,4,0,3.87298394427411,3.06225402755955
DA_AUTO_SALES_US,2023Q1,2023-03-31,0,4,0,5.31034874051777,8.09385455191594
DA_AUTO_SALES_US,2023Q2,2023-06-30,0,4,0,3.3567849988966,5.86448976441171
DA_BGS,2016Q3,2016-09-30,0,4,0,-1.9593475375963,-2.0318450370487
DA_BGS,2017Q1,2017-03-31,0,4,0,3.93802673220733,-0.510292388059855
DA_BGS,2017Q2,2017-06-30,0,4,0,3.17587049714518,3.49547817252895
DA_BGS,2021Q4,2021-12-31,0,4,0,4.68597562707878,3.28547728565839
DA_BGS,2022Q3,2022-09-30,0,4,0,3.87298394427411,0.256713361244875
DA_BGS,2023Q1,2023-03-31,0,4,0,5.31034874051777,13.2808170746706
DA_BGS,2023Q2,2023-06-30,0,4,0,3.3567849988966,12.9724558688651
DA_CAP_UTILI_US,2016Q3,2016-09-30,0,4,0,-1.9593475375963,-3.66191951476675
DA_CAP_UTILI_US,2017Q1,2017-03-31,0,4,0,3.93802673220733,2.55381274389074
DA_CAP_UTILI_US,2017Q2,2017-06-30,0,4,0,3.17587049714518,0.564726037361739
DA_CAP_UTILI_US,2021Q4,2021-12-31,0,4,0,4.68597562707878,5.14118000713186
DA_CAP_UTILI_US,2022Q3,2022-09-30,0,4,0,3.87298394427411,-0.12198697435412
DA_CAP_UTILI_US,2023Q1,2023-03-31,0,4,0,5.31034874051777,-1.22023301870602
DA_CAP_UTILI_US,2023Q2,2023-06-30,0,4,0,3.3567849988966,-1.45357899668938
DA_CONS_CONF_US,2016Q3,2016-09-30,0,4,0,-1.9593475375963,-8.42678908387857
DA_CONS_CONF_US,2017Q1,2017-03-31,0,4,0,3.93802673220733,-3.60210466873734
DA_CONS_CONF_US,2017Q2,2017-06-30,0,4,0,3.17587049714518,-4.47266208556658
DA_CONS_CONF_US,2021Q4,2021-12-31,0,4,0,4.68597562707878,-7.79060266622959
DA_CONS_CONF_US,2022Q3,2022-09-30,0,4,0,3.87298394427411,0.708806655295115
DA_CONS_CONF_US,2023Q1,2023-03-31,0,4,0,5.31034874051777,6.81245686462406
DA_CONS_CONF_US,2023Q2,2023-06-30,0,4,0,3.3567849988966,5.22804300550924
DA_CONS_SENTI_US,2016Q3,2016-09-30,0,4,0,-1.9593475375963,-7.19476750835165
DA_CONS_SENTI_US,2017Q1,2017-03-31,0,4,0,3.93802673220733,-5.6582085800407
DA_CONS_SENTI_US,2017Q2,2017-06-30,0,4,0,3.17587049714518,-3.59738900810356
DA_CONS_SENTI_US,2021Q4,2021-12-31,0,4,0,4.68597562707878,1.79140305846154
DA_CONS_SENTI_US,2022Q3,2022-09-30,0,4,0,3.87298394427411,-12.9159381168619
DA_CONS_SENTI_US,2023Q1,2023-03-31,0,4,0,5.31034874051777,10.0460029242217
DA_CONS_SENTI_US,2023Q2,2023-06-30,0,4,0,3.3567849988966,-2.56762401233852
DA_CPI_US,2016Q3,2016-09-30,0,3,0,-1.9593475375963,-4.22057086475896
DA_CPI_US,2017Q1,2017-03-31,0,3,0,3.93802673220733,-3.58490180631547
DA_CPI_US,2017Q2,2017-06-30,0,3,0,3.17587049714518,-3.45094845710331
DA_CPI_US,2021Q4,2021-12-31,0,3,0,4.68597562707878,20.7713435578774
DA_CPI_US,2022Q3,2022-09-30,0,3,0,3.87298394427411,-5.58926712215312
DA_CPI_US,2023Q1,2023-03-31,0,3,0,5.31034874051777,6.50611364835986
DA_CPI_US,2023Q2,2023-06-30,0,3,0,3.3567849988966,2.80015186876914
DA_Credit,2016Q3,2016-09-30,0,4,0,-1.9593475375963,0.56514767872976
DA_Credit,2017Q1,2017-03-31,0,4,0,3.93802673220733,0.109011341731032
DA_Credit,2017Q2,2017-06-30,0,4,0,3.17587049714518,-4.38778404742298
DA_Credit,2021Q4,2021-12-31,0,4,0,4.68597562707878,-0.0537416928650658
DA_Credit,2022Q3,2022-09-30,0,4,0,3.87298394427411,-3.55051899358139
DA_Credit,2023Q1,2023-03-31,0,4,0,5.31034874051777,0.253837182681345
DA_Credit,2023Q2,2023-06-30,0,4,0,3.3567849988966,-0.175216898354041
DA_EMPLOY_NONFARM_US,2016Q3,2016-09-30,0,4,0,-1.9593475375963,4.63046458299502
DA_EMPLOY_NONFARM_US,2017Q1,2017-03-31,0,4,0,3.93802673220733,-4.81025661197485
DA_EMPLOY_NONFARM_US,2017Q2,2017-06-30,0,4,0,3.17587049714518,-5.76957132105337
DA_EMPLOY_NONFARM_US,2021Q4,2021-12-31,0,4,0,4.68597562707878,1.50703644209744
DA_EMPLOY_NONFARM_US,2022Q3,2022-09-30,0,4,0,3.87298394427411,2.11203069829547
DA_EMPLOY_NONFARM_US,2023Q1,2023-03-31,0,4,0,5.31034874051777,-0.514208280001795
DA_EMPLOY_NONFARM_US,2023Q2,2023-06-30,0,4,0,3.3567849988966,-0.385294028026686
DA_Fx,2016Q3,2016-09-30,0,4,0,-1.9593475375963,3.97677708805614
DA_Fx,2017Q1,2017-03-31,0,4,0,3.93802673220733,-1.75128550268004
DA_Fx,2017Q2,2017-06-30,0,4,0,3.17587049714518,-3.02048260595225
DA_Fx,2021Q4,2021-12-31,0,4,0,4.68597562707878,0.552141526863302
DA_Fx,2022Q3,2022-09-30,0,4,0,3.87298394427411,3.09576276925948
DA_Fx,2023Q1,2023-03-31,0,4,0,5.31034874051777,4.17217772314761
DA_Fx,2023Q2,2023-06-30,0,4,0,3.3567849988966,2.02971728477979
DA_HOUSING_STARTS_US,2016Q3,2016-09-30,0,4,0,-1.9593475375963,-8.76728243868849
DA_HOUSING_STARTS_US,2017Q1,2017-03-31,0,4,0,3.93802673220733,-6.61380204929394
DA_HOUSING_STARTS_US,2017Q2,2017-06-30,0,4,0,3.17587049714518,-1.45631442206565
DA_HOUSING_STARTS_US,2021Q4,2021-12-31,0,4,0,4.68597562707878,1.02933710863619
DA_HOUSING_STARTS_US,2022Q3,2022-09-30,0,4,0,3.87298394427411,-5.36690529735689
DA_HOUSING_STARTS_US,2023Q1,2023-03-31,0,4,0,5.31034874051777,-0.126747191780842
DA_HOUSING_STARTS_US,2023Q2,2023-06-30,0,4,0,3.3567849988966,2.69053292424998
DA_HVT,2016Q3,2016-09-30,0,4,0,-1.9593475375963,5.98998578956197
DA_HVT,2017Q1,2017-03-31,0,4,0,3.93802673220733,-2.09798969044937
DA_HVT,2017Q2,2017-06-30,0,4,0,3.17587049714518,-7.4434313017812
DA_HVT,2021Q4,2021-12-31,0,4,0,4.68597562707878,6.78707107566977
DA_HVT,2022Q3,2022-09-30,0,4,0,3.87298394427411,0.104943041441548
DA_HVT,2023Q1,2023-03-31,0,4,0,5.31034874051777,6.46090336052564
DA_HVT,2023Q2,2023-06-30,0,4,0,3.3567849988966,-1.61550338230962
DA_IC_Br,2016Q3,2016-09-30,0,4,0,-1.9593475375963,0.922436031966548
DA_IC_Br,2017Q1,2017-03-31,0,4,0,3.93802673220733,-2.6214318475067
DA_IC_Br,2017Q2,2017-06-30,0,4,0,3.17587049714518,-1.75826009730096
DA_IC_Br,2021Q4,2021-12-31,0,4,0,4.68597562707878,13.8791564237096
DA_IC_Br,2022Q3,2022-09-30,0,4,0,3.87298394427411,-1.75748953145777
DA_IC_Br,2023Q1,2023-03-31,0,4,0,5.31034874051777,-0.40152670954517
DA_IC_Br,2023Q2,2023-06-30,0,4,0,3.3567849988966,6.60430188954742
DA_IE_S,2016Q3,2016-09-30,0,4,0,-1.9593475375963,3.92007088629204
DA_IE_S,2017Q1,2017-03-31,0,4,0,3.93802673220733,-4.84543099567598
DA_IE_S,2017Q2,2017-06-30,0,4,0,3.17587049714518,-1.14329809868802
DA_IE_S,2021Q4,2021-12-31,0,4,0,4.68597562707878,0.270227723011096
DA_IE_S,2022Q3,2022-09-30,0,4,0,3.87298394427411,1.46843919554972
DA_IE_S,2023Q1,2023-03-31,0,4,0,5.31034874051777,0.379094088845191
DA_IE_S,2023Q2,2023-06-30,0,4,0,3.3567849988966,3.73604177374823
DA_IE_S_alt,2016Q3,2016-09-30,0,4,0,-1.9593475375963,4.63862657336663
DA_IE_S_alt,2017Q1,2017-03-31,0,4,0,3.93802673220733,-7.39017159636982
DA_IE_S_alt,2017Q2,2017-06-30,0,4,0,3.17587049714518,-3.39015893594949
DA_IE_S_alt,2021Q4,2021-12-31,0,4,0,4.68597562707878,-1.46959034053917
DA_IE_S_alt,2022Q3,2022-09-30,0,4,0,3.87298394427411,1.59821771524466
DA_IE_S_alt,2023Q1,2023-03-31,0,4,0,5.31034874051777,0.17663178346731
DA_IE_S_alt,2023Q2,2023-06-30,0,4,0,3.3567849988966,2.62050905968609
DA_INCC_DI,2016Q3,2016-09-30,0,4,0,-1.9593475375963,-2.66434009175971
DA_INCC_DI,2017Q1,2017-03-31,0,4,0,3.93802673220733,-7.31957888775685
DA_INCC_DI,2017Q2,2017-06-30,0,4,0,3.17587049714518,-2.84096137577536
DA_INCC_DI,2021Q4,2021-12-31,0,4,0,4.68597562707878,5.22983681009118
DA_INCC_DI,2022Q3,2022-09-30,0,4,0,3.87298394427411,2.1982775847268
DA_INCC_DI,2023Q1,2023-03-31,0,4,0,5.31034874051777,1.15415706326065
DA_INCC_DI,2023Q2,2023-06-30,0,4,0,3.3567849988966,-5.58593076435031
DA_INDF,2017Q1,2017-03-31,0,6,0,3.93802673220733,2.1084958537971
DA_INDF,2017Q2,2017-06-30,0,6,0,3.17587049714518,7.56424281031597
DA_INDF,2021Q4,2021-12-31,0,6,0,4.68597562707878,0.439170384622329
DA_INDF,2022Q3,2022-09-30,0,6,0,3.87298394427411,-0.800826125616267
DA_INDF,2023Q1,2023-03-31,0,6,0,5.31034874051777,-2.03298993307917
DA_INDF,2023Q2,2023-06-30,0,6,0,3.3567849988966,2.39345198689585
DA_INDFE,2016Q3,2016-09-30,0,3,0,-1.9593475375963,-10.8663588096801
DA_INDFE,2017Q1,2017-03-31,0,3,0,3.93802673220733,2.1022802687317
DA_INDFE,2017Q2,2017-06-30,0,3,0,3.17587049714518,0.641680551125031
DA_INDFE,2021Q4,2021-12-31,0,3,0,4.68597562707878,0.0960041571204739
DA_INDFE,2022Q3,2022-09-30,0,3,0,3.87298394427411,1.58813663097761
DA_INDFE,2023Q1,2023-03-31,0,3,0,5.31034874051777,1.88917904195758
DA_INDFE,2023Q2,2023-06-30,0,3,0,3.3567849988966,-2.90731381153004
DA_IP,2016Q3,2016-09-30,0,4,0,-1.9593475375963,-6.12479392169988
DA_IP,2017Q1,2017-03-31,0,4,0,3.93802673220733,4.71137021300723
DA_IP,2017Q2,2017-06-30,0,4,0,3.17587049714518,-2.01713245243888
DA_IP,2021Q4,2021-12-31,0,4,0,4.68597562707878,0.577200599700477
DA_IP,2022Q3,2022-09-30,0,4,0,3.87298394427411,0.364196044495734
DA_IP,2023Q1,2023-03-31,0,4,0,5.31034874051777,1.49331772294251
DA_IP,2023Q2,2023-06-30,0,4,0,3.3567849988966,1.14612283418356
DA_IP_US,2016Q3,2016-09-30,0,4,0,-1.9593475375963,-3.64918178901244
DA_IP_US,2017Q1,2017-03-31,0,4,0,3.93802673220733,2.2734683213238
DA_IP_US,2017Q2,2017-06-30,0,4,0,3.17587049714518,0.391581242938575
DA_IP_US,2021Q4,2021-12-31,0,4,0,4.68597562707878,4.3648703907549
DA_IP_US,2022Q3,2022-09-30,0,4,0,3.87298394427411,1.56236867204921
DA_IP_US,2023Q1,2023-03-31,0,4,0,5.31034874051777,0.88066854614562
DA_IP_US,2023Q2,2023-06-30,0,4,0,3.3567849988966,0.0164570701617852
DA_IPCA,2016Q3,2016-09-30,0,3,0,-1.9593475375963,-3.71790486226401
DA_IPCA,2017Q1,2017-03-31,0,3,0,3.93802673220733,-4.09561128924087
DA_IPCA,2017Q2,2017-06-30,0,3,0,3.17587049714518,-1.35579028714216
DA_IPCA,2021Q4,2021-12-31,0,3,0,4.68597562707878,-0.259626029914814
DA_IPCA,2022Q3,2022-09-30,0,3,0,3.87298394427411,-0.712123997691546
DA_IPCA,2023Q1,2023-03-31,0,3,0,5.31034874051777,0.0698096911896062
DA_IPCA,2023Q2,2023-06-30,0,3,0,3.3567849988966,-1.19853448967672
DA_IPCA_EX0,2017Q1,2017-03-31,1,4,0,3.93802673220733,-11.7578834780748
DA_IPCA_EX0,2017Q2,2017-06-30,1,4,0,3.17587049714518,-10.7640965549106
DA_IPCA_EX1,2016Q3,2016-09-30,0,3,0,-1.9593475375963,-6.48051447518119
DA_IPCA_EX1,2017Q1,2017-03-31,0,3,0,3.93802673220733,-1.25078045553639
DA_IPCA_EX1,2017Q2,2017-06-30,0,3,0,3.17587049714518,17.952138610384
DA_IPCA_EX1,2021Q4,2021-12-31,0,3,0,4.68597562707878,-1.89563124136663
DA_IPCA_EX1,2022Q3,2022-09-30,0,3,0,3.87298394427411,-2.59642244728027
DA_IPCA_EX1,2023Q1,2023-03-31,0,3,0,5.31034874051777,-1.01843397148836
DA_IPCA_EX1,2023Q2,2023-06-30,0,3,0,3.3567849988966,1.18275555977326
DA_IPCA_EX2,2017Q2,2017-06-30,2,3,0,3.17587049714518,89.6238275009613
DA_IPCA_MA,2016Q3,2016-09-30,0,4,0,-1.9593475375963,-3.08735536197056
DA_IPCA_MA,2017Q1,2017-03-31,0,4,0,3.93802673220733,-7.74389094197308
DA_IPCA_MA,2017Q2,2017-06-30,0,4,0,3.17587049714518,-0.900384283967479
DA_IPCA_MA,2021Q4,2021-12-31,0,4,0,4.68597562707878,1.18350856807908
DA_IPCA_MA,2022Q3,2022-09-30,0,4,0,3.87298394427411,-4.36244922938309
DA_IPCA_MA,2023Q1,2023-03-31,0,4,0,5.31034874051777,2.06924724690619
DA_IPCA_MA,2023Q2,2023-06-30,0,4,0,3.3567849988966,5.93457042203097
DA_IPCA_MS,2017Q2,2017-06-30,0,7,0,3.17587049714518,-5.4329107543021
DA_IPCDG,2016Q3,2016-09-30,0,4,0,-1.9593475375963,-3.630040669346
DA_IPCDG,2017Q1,2017-03-31,0,4,0,3.93802673220733,-4.08306034502703
DA_IPCDG,2017Q2,2017-06-30,0,4,0,3.17587049714518,0.231790768058857
DA_IPCDG,2021Q4,2021-12-31,0,4,0,4.68597562707878,3.71829934552064
DA_IPCDG,2022Q3,2022-09-30,0,4,0,3.87298394427411,1.23586222028245
DA_IPCDG,2023Q1,2023-03-31,0,4,0,5.31034874051777,0.892407625813472
DA_IPCDG,2023Q2,2023-06-30,0,4,0,3.3567849988966,-0.24395993784049
DA_IPCG,2016Q3,2016-09-30,0,4,0,-1.9593475375963,-14.8026717005004
DA_IPCG,2017Q1,2017-03-31,0,4,0,3.93802673220733,2.54100626508448
DA_IPCG,2017Q2,2017-06-30,0,4,0,3.17587049714518,-4.90559161136115
DA_IPCG,2021Q4,2021-12-31,0,4,0,4.68597562707878,2.26503049697174
DA_IPCG,2022Q3,2022-09-30,0,4,0,3.87298394427411,1.1955785817946
DA_IPCG,2023Q1,2023-03-31,0,4,0,5.31034874051777,1.85538663060018
DA_IPCG,2023Q2,2023-06-30,0,4,0,3.3567849988966,1.71846768136196
DA_IPCI,2016Q3,2016-09-30,0,3,0,-1.9593475375963,0.635021956814748
DA_IPCI,2017Q1,2017-03-31,0,3,0,3.93802673220733,2.06290007027246
DA_IPCI,2017Q2,2017-06-30,0,3,0,3.17587049714518,-0.055714022206294
DA_IPCI,2021Q4,2021-12-31,0,3,0,4.68597562707878,-3.94432361441394
DA_IPCI,2022Q3,2022-09-30,0,3,0,3.87298394427411,3.60724272351865
DA_IPCI,2023Q1,2023-03-31,0,3,0,5.31034874051777,1.7143416102603
DA_IPCI,2023Q2,2023-06-30,0,3,0,3.3567849988966,2.53101392730188
DA_IPCIG,2016Q3,2016-09-30,0,4,0,-1.9593475375963,-4.90421093086111
DA_IPCIG,2017Q1,2017-03-31,0,4,0,3.93802673220733,3.03361046107138
DA_IPCIG,2017Q2,2017-06-30,0,4,0,3.17587049714518,-4.53921952686359
DA_IPCIG,2021Q4,2021-12-31,0,4,0,4.68597562707878,-2.25410550590119
DA_IPCIG,2022Q3,2022-09-30,0,4,0,3.87298394427411,-2.17086251049748
DA_IPCIG,2023Q1,2023-03-31,0,4,0,5.31034874051777,3.43557372229273
DA_IPCIG,2023Q2,2023-06-30,0,4,0,3.3567849988966,1.10316855342022
DA_IPKG,2016Q3,2016-09-30,0,4,0,-1.9593475375963,-4.82781905385217
DA_IPKG,2017Q1,2017-03-31,0,4,0,3.93802673220733,-0.119301853512675
DA_IPKG,2017Q2,2017-06-30,0,4,0,3.17587049714518,-1.79743433830987
DA_IPKG,2021Q4,2021-12-31,0,4,0,4.68597562707878,1.4414234283618
DA_IPKG,2022Q3,2022-09-30,0,4,0,3.87298394427411,-1.81957498022825
DA_IPKG,2023Q1,2023-03-31,0,4,0,5.31034874051777,-3.30022693192417
DA_IPKG,2023Q2,2023-06-30,0,4,0,3.3567849988966,-2.64210543085839
DA_IPME,2016Q3,2016-09-30,0,3,0,-1.9593475375963,-4.71416443064955
DA_IPME,2017Q1,2017-03-31,0,3,0,3.93802673220733,-2.7767801517244
DA_IPME,2017Q2,2017-06-30,0,3,0,3.17587049714518,-3.41939101838569
DA_IPME,2021Q4,2021-12-31,0,3,0,4.68597562707878,0.94882132810369
DA_IPME,2022Q3,2022-09-30,0,3,0,3.87298394427411,-7.42904392255544
DA_IPME,2023Q1,2023-03-31,0,3,0,5.31034874051777,8.7979689478734
DA_IPME,2023Q2,2023-06-30,0,3,0,3.3567849988966,-2.77162039108329
DA_IPMI,2017Q1,2017-03-31,0,6,0,3.93802673220733,12.889312589735
DA_IPMI,2017Q2,2017-06-30,0,6,0,3.17587049714518,16.218659881633
DA_IPMI,2021Q4,2021-12-31,0,6,0,4.68597562707878,0.410006466904472
DA_IPMI,2022Q3,2022-09-30,0,6,0,3.87298394427411,0.767205263884319
DA_IPMI,2023Q1,2023-03-31,0,6,0,5.31034874051777,1.20228056538124
DA_IPMI,2023Q2,2023-06-30,0,6,0,3.3567849988966,0.650168606831303
DA_IPSDG,2016Q3,2016-09-30,0,4,0,-1.9593475375963,-6.95257279548917
DA_IPSDG,2017Q1,2017-03-31,0,4,0,3.93802673220733,-0.429112957924035
DA_IPSDG,2017Q2,2017-06-30,0,4,0,3.17587049714518,-8.44673911895652
DA_IPSDG,2021Q4,2021-12-31,0,4,0,4.68597562707878,-0.152985364219939
DA_IPSDG,2022Q3,2022-09-30,0,4,0,3.87298394427411,2.50009028479336
DA_IPSDG,2023Q1,2023-03-31,0,4,0,5.31034874051777,2.58241440671481
DA_IPSDG,2023Q2,2023-06-30,0,4,0,3.3567849988966,2.6908534156523
DA_ISA_S,2016Q3,2016-09-30,0,4,0,-1.9593475375963,-2.27307676878147
DA_ISA_S,2017Q1,2017-03-31,0,4,0,3.93802673220733,-4.21140916819279
DA_ISA_S,2017Q2,2017-06-30,0,4,0,3.17587049714518,1.65472211403811
DA_ISA_S,2021Q4,2021-12-31,0,4,0,4.68597562707878,2.86657128466164
DA_ISA_S,2022Q3,2022-09-30,0,4,0,3.87298394427411,0.71917993034513
DA_ISA_S,2023Q1,2023-03-31,0,4,0,5.31034874051777,-0.556642162366964
DA_ISA_S,2023Q2,2023-06-30,0,4,0,3.3567849988966,1.83812997427393
DA_M1,2017Q1,2017-03-31,0,6,0,3.93802673220733,-9.29775355508569
DA_M1,2017Q2,2017-06-30,0,6,0,3.17587049714518,26.0744514689902
DA_M1,2021Q4,2021-12-31,0,6,0,4.68597562707878,4.09450819400554
DA_M1,2022Q3,2022-09-30,0,6,0,3.87298394427411,-4.51785028503184
DA_M1,2023Q1,2023-03-31,0,6,0,5.31034874051777,-1.2698834126158
DA_M1,2023Q2,2023-06-30,0,6,0,3.3567849988966,8.1620977634284
DA_PIB_monthly,2016Q3,2016-09-30,0,4,0,-1.9593475375963,-15.2959083427182
DA_PIB_monthly,2017Q1,2017-03-31,0,4,0,3.93802673220733,-6.03563974916918
DA_PIB_monthly,2017Q2,2017-06-30,0,4,0,3.17587049714518,-1.0445191115053
DA_PIB_monthly,2021Q4,2021-12-31,0,4,0,4.68597562707878,0.591231541129386
DA_PIB_monthly,2022Q3,2022-09-30,0,4,0,3.87298394427411,-0.418251571439513
DA_PIB_monthly,2023Q1,2023-03-31,0,4,0,5.31034874051777,-5.79813341280043
DA_PIB_monthly,2023Q2,2023-06-30,0,4,0,3.3567849988966,4.33859258052091
DA_QSC,2016Q3,2016-09-30,0,4,0,-1.9593475375963,4.05902634276496
DA_QSC,2017Q1,2017-03-31,0,4,0,3.93802673220733,-8.45157383651021
DA_QSC,2017Q2,2017-06-30,0,4,0,3.17587049714518,-3.19305646730851
DA_QSC,2021Q4,2021-12-31,0,4,0,4.68597562707878,-12.1754164194769
DA_QSC,2022Q3,2022-09-30,0,4,0,3.87298394427411,2.23188031393074
DA_QSC,2023Q1,2023-03-31,0,4,0,5.31034874051777,-0.787048653774821
DA_QSC,2023Q2,2023-06-30,0,4,0,3.3567849988966,3.02575020389292
DA_RE_Value,2016Q3,2016-09-30,0,4,0,-1.9593475375963,-1.11412782076422
DA_RE_Value,2017Q1,2017-03-31,0,4,0,3.93802673220733,1.25406064840087
DA_RE_Value,2017Q2,2017-06-30,0,4,0,3.17587049714518,5.34099791433765
DA_RE_Value,2021Q4,2021-12-31,0,4,0,4.68597562707878,-1.49982790357706
DA_RE_Value,2022Q3,2022-09-30,0,4,0,3.87298394427411,-5.73215885011474
DA_RE_Value,2023Q1,2023-03-31,0,4,0,5.31034874051777,-0.173034084304248
DA_RE_Value,2023Q2,2023-06-30,0,4,0,3.3567849988966,0.266963376366363
DA_REER_IPCA,2016Q3,2016-09-30,0,4,0,-1.9593475375963,4.33839098212157
DA_REER_IPCA,2017Q1,2017-03-31,0,4,0,3.93802673220733,-1.28490466215027
DA_REER_IPCA,2017Q2,2017-06-30,0,4,0,3.17587049714518,-4.57752732922471
DA_REER_IPCA,2021Q4,2021-12-31,0,4,0,4.68597562707878,3.35636118616778
DA_REER_IPCA,2022Q3,2022-09-30,0,4,0,3.87298394427411,2.95161582781257
DA_REER_IPCA,2023Q1,2023-03-31,0,4,0,5.31034874051777,1.4170815085293
DA_REER_IPCA,2023Q2,2023-06-30,0,4,0,3.3567849988966,3.09530351784
DA_REER_USD,2016Q3,2016-09-30,0,4,0,-1.9593475375963,4.75903315063836
DA_REER_USD,2017Q1,2017-03-31,0,4,0,3.93802673220733,-2.11768497832005
DA_REER_USD,2017Q2,2017-06-30,0,4,0,3.17587049714518,-3.63727837699797
DA_REER_USD,2021Q4,2021-12-31,0,4,0,4.68597562707878,0.893159677464891
DA_REER_USD,2022Q3,2022-09-30,0,4,0,3.87298394427411,-0.486171412198601
DA_REER_USD,2023Q1,2023-03-31,0,4,0,5.31034874051777,4.79311193451702
DA_REER_USD,2023Q2,2023-06-30,0,4,0,3.3567849988966,2.47752454196819
DA_Retail_Sales,2016Q3,2016-09-30,0,4,0,-1.9593475375963,-7.10110414869779
DA_Retail_Sales,2017Q1,2017-03-31,0,4,0,3.93802673220733,-9.65965500249927
DA_Retail_Sales,2017Q2,2017-06-30,0,4,0,3.17587049714518,9.72971043089708
DA_Retail_Sales,2021Q4,2021-12-31,0,4,0,4.68597562707878,-0.559855303170325
DA_Retail_Sales,2022Q3,2022-09-30,0,4,0,3.87298394427411,-6.37615151489752
DA_Retail_Sales,2023Q1,2023-03-31,0,4,0,5.31034874051777,2.59254808791823
DA_Retail_Sales,2023Q2,2023-06-30,0,4,0,3.3567849988966,0.983023059350706
DA_RETAIL_SALES_US,2021Q4,2021-12-31,4,5,0,4.68597562707878,3.87785015024671
DA_RETAIL_SALES_US,2022Q3,2022-09-30,4,5,0,3.87298394427411,-2.51967460027896
DA_RETAIL_SALES_US,2023Q1,2023-03-31,4,5,0,5.31034874051777,4.61208898234024
DA_RETAIL_SALES_US,2023Q2,2023-06-30,4,5,0,3.3567849988966,0.0626367263669208
DA_Savings,2016Q3,2016-09-30,0,4,0,-1.9593475375963,-4.83455739480622
DA_Savings,2017Q1,2017-03-31,0,4,0,3.93802673220733,-5.27995048240191
DA_Savings,2017Q2,2017-06-30,0,4,0,3.17587049714518,-2.5272904668865
DA_Savings,2021Q4,2021-12-31,0,4,0,4.68597562707878,9.99642597819023
DA_Savings,2022Q3,2022-09-30,0,4,0,3.87298394427411,14.1633354338572
DA_Savings,2023Q1,2023-03-31,0,4,0,5.31034874051777,-4.69311955961083
DA_Savings,2023Q2,2023-06-30,0,4,0,3.3567849988966,6.28321800792673
DA_Selic,2016Q3,2016-09-30,0,3,0,-1.9593475375963,-1.36105950300962
DA_Selic,2017Q1,2017-03-31,0,3,0,3.93802673220733,-4.24153611315683
DA_Selic,2017Q2,2017-06-30,0,3,0,3.17587049714518,3.03997764191083
DA_Selic,2021Q4,2021-12-31,0,3,0,4.68597562707878,-11.2939391984609
DA_Selic,2022Q3,2022-09-30,0,3,0,3.87298394427411,-1.54791475340087
DA_Selic,2023Q1,2023-03-31,0,3,0,5.31034874051777,-0.227747096467514
DA_Selic,2023Q2,2023-06-30,0,3,0,3.3567849988966,-0.0503522536525967
DA_Steel,2016Q3,2016-09-30,0,4,0,-1.9593475375963,-5.20254183067654
DA_Steel,2017Q1,2017-03-31,0,4,0,3.93802673220733,-2.77875450237277
DA_Steel,2017Q2,2017-06-30,0,4,0,3.17587049714518,-6.15884089175107
DA_Steel,2021Q4,2021-12-31,0,4,0,4.68597562707878,-6.98551730738292
DA_Steel,2022Q3,2022-09-30,0,4,0,3.87298394427411,-5.43191139336727
DA_Steel,2023Q1,2023-03-31,0,4,0,5.31034874051777,2.19056768546353
DA_Steel,2023Q2,2023-06-30,0,4,0,3.3567849988966,2.16979158161619
DA_TRUCK_IMP_US,2016Q3,2016-09-30,0,4,0,-1.9593475375963,7.1324523666345
DA_TRUCK_IMP_US,2017Q1,2017-03-31,0,4,0,3.93802673220733,-4.97776705711668
DA_TRUCK_IMP_US,2017Q2,2017-06-30,0,4,0,3.17587049714518,-2.69440028647754
DA_TRUCK_IMP_US,2021Q4,2021-12-31,0,4,0,4.68597562707878,2.98715888354684
DA_TRUCK_IMP_US,2022Q3,2022-09-30,0,4,0,3.87298394427411,4.35872162922863
DA_TRUCK_IMP_US,2023Q1,2023-03-31,0,4,0,5.31034874051777,0.462635613167834
DA_TRUCK_IMP_US,2023Q2,2023-06-30,0,4,0,3.3567849988966,1.25847182213791
DA3m_AUTO_SALES_US,2016Q3,2016-09-30,0,3,0,-1.9593475375963,-5.76116006718912
DA3m_AUTO_SALES_US,2017Q1,2017-03-31,0,3,0,3.93802673220733,-5.121270600216
DA3m_AUTO_SALES_US,2017Q2,2017-06-30,0,3,0,3.17587049714518,1.38016838442171
DA3m_AUTO_SALES_US,2021Q4,2021-12-31,0,3,0,4.68597562707878,-11.3012352061046
DA3m_AUTO_SALES_US,2022Q3,2022-09-30,0,3,0,3.87298394427411,-9.98181853820389
DA3m_AUTO_SALES_US,2023Q1,2023-03-31,0,3,0,5.31034874051777,1.57945972570363
DA3m_AUTO_SALES_US,2023Q2,2023-06-30,0,3,0,3.3567849988966,3.3478505770607
DA3m_BGS,2017Q1,2017-03-31,1,4,0,3.93802673220733,-23.8357957159109
DA3m_BGS,2017Q2,2017-06-30,1,4,0,3.17587049714518,-0.462289809817485
DA3m_BGS,2021Q4,2021-12-31,1,4,0,4.68597562707878,-0.175010284746826
DA3m_BGS,2022Q3,2022-09-30,1,4,0,3.87298394427411,2.95120208978305
DA3m_BGS,2023Q1,2023-03-31,1,4,0,5.31034874051777,12.0040290103769
DA3m_BGS,2023Q2,2023-06-30,1,4,0,3.3567849988966,-13.7953444950802
DA3m_CAP_UTILI_US,2016Q3,2016-09-30,0,3,0,-1.9593475375963,-6.84057462254745
DA3m_CAP_UTILI_US,2017Q1,2017-03-31,0,3,0,3.93802673220733,-2.36030585932115
DA3m_CAP_UTILI_US,2017Q2,2017-06-30,0,3,0,3.17587049714518,3.06163599729951
DA3m_CAP_UTILI_US,2021Q4,2021-12-31,0,3,0,4.68597562707878,5.29383185160437
DA3m_CAP_UTILI_US,2022Q3,2022-09-30,0,3,0,3.87298394427411,0.0795438043001071
DA3m_CAP_UTILI_US,2023Q1,2023-03-31,0,3,0,5.31034874051777,-1.62119098151727
DA3m_CAP_UTILI_US,2023Q2,2023-06-30,0,3,0,3.3567849988966,-1.53058680141006
DA3m_CONS_CONF_US,2016Q3,2016-09-30,0,4,0,-1.9593475375963,-13.1358774262857
DA3m_CONS_CONF_US,2017Q1,2017-03-31,0,4,0,3.93802673220733,-2.38807537841126
DA3m_CONS_CONF_US,2017Q2,2017-06-30,0,4,0,3.17587049714518,-6.75447451050273
DA3m_CONS_CONF_US,2021Q4,2021-12-31,0,4,0,4.68597562707878,0.134383793133857
DA3m_CONS_CONF_US,2022Q3,2022-09-30,0,4,0,3.87298394427411,-1.20892825617467
DA3m_CONS_CONF_US,2023Q1,2023-03-31,0,4,0,5.31034874051777,2.32122672323993
DA3m_CONS_CONF_US,2023Q2,2023-06-30,0,4,0,3.3567849988966,-5.47950909506756
DA3m_CONS_SENTI_US,2016Q3,2016-09-30,0,4,0,-1.9593475375963,-13.4904793816992
DA3m_CONS_SENTI_US,2017Q1,2017-03-31,0,4,0,3.93802673220733,-4.48548333023169
DA3m_CONS_SENTI_US,2017Q2,2017-06-30,0,4,0,3.17587049714518,-2.97656243239344
DA3m_CONS_SENTI_US,2021Q4,2021-12-31,0,4,0,4.68597562707878,7.96840319428333
DA3m_CONS_SENTI_US,2022Q3,2022-09-30,0,4,0,3.87298394427411,-1.8108809990339
DA3m_CONS_SENTI_US,2023Q1,2023-03-31,0,4,0,5.31034874051777,9.68362457914683
DA3m_CONS_SENTI_US,2023Q2,2023-06-30,0,4,0,3.3567849988966,-6.18185592205705
DA3m_CPI_US,2016Q3,2016-09-30,0,4,0,-1.9593475375963,8.24000235117751
DA3m_CPI_US,2017Q1,2017-03-31,0,4,0,3.93802673220733,-1.90499304284269
DA3m_CPI_US,2017Q2,2017-06-30,0,4,0,3.17587049714518,-4.04681176995361
DA3m_CPI_US,2021Q4,2021-12-31,0,4,0,4.68597562707878,15.6278496704046
DA3m_CPI_US,2022Q3,2022-09-30,0,4,0,3.87298394427411,-1.75000664257621
DA3m_CPI_US,2023Q1,2023-03-31,0,4,0,5.31034874051777,1.8826972982872
DA3m_CPI_US,2023Q2,2023-06-30,0,4,0,3.3567849988966,-3.78157208613028
DA3m_Credit,2016Q3,2016-09-30,0,3,0,-1.9593475375963,0.0422746675526938
DA3m_Credit,2017Q1,2017-03-31,0,3,0,3.93802673220733,-0.608510805937361
DA3m_Credit,2017Q2,2017-06-30,0,3,0,3.17587049714518,-2.99580123759913
DA3m_Credit,2021Q4,2021-12-31,0,3,0,4.68597562707878,0.092309200992803
DA3m_Credit,2022Q3,2022-09-30,0,3,0,3.87298394427411,-2.69048224641926
DA3m_Credit,2023Q1,2023-03-31,0,3,0,5.31034874051777,-1.24438886522785
DA3m_Credit,2023Q2,2023-06-30,0,3,0,3.3567849988966,-0.150172430381624
DA3m_EMPLOY_NONFARM_US,2016Q3,2016-09-30,0,4,0,-1.9593475375963,-5.15684163318958
DA3m_EMPLOY_NONFARM_US,2017Q1,2017-03-31,0,4,0,3.93802673220733,6.79034547618987
DA3m_EMPLOY_NONFARM_US,2017Q2,2017-06-30,0,4,0,3.17587049714518,-0.942857140800756
DA3m_EMPLOY_NONFARM_US,2021Q4,2021-12-31,0,4,0,4.68597562707878,-1.54248375661908
DA3m_EMPLOY_NONFARM_US,2022Q3,2022-09-30,0,4,0,3.87298394427411,0.316071937106375
DA3m_EMPLOY_NONFARM_US,2023Q1,2023-03-31,0,4,0,5.31034874051777,0.453645193667517
DA3m_EMPLOY_NONFARM_US,2023Q2,2023-06-30,0,4,0,3.3567849988966,1.62724877486439
DA3m_Fx,2016Q3,2016-09-30,0,3,0,-1.9593475375963,1.66801317784799
DA3m_Fx,2017Q1,2017-03-31,0,3,0,3.93802673220733,-1.79644311626041
DA3m_Fx,2017Q2,2017-06-30,0,3,0,3.17587049714518,-3.11614252070522
DA3m_Fx,2021Q4,2021-12-31,0,3,0,4.68597562707878,-0.353882424959584
DA3m_Fx,2022Q3,2022-09-30,0,3,0,3.87298394427411,3.4640504459072
DA3m_Fx,2023Q1,2023-03-31,0,3,0,5.31034874051777,3.96007016285445
DA3m_Fx,2023Q2,2023-06-30,0,3,0,3.3567849988966,1.74023763985061
DA3m_HOUSING_STARTS_US,2016Q3,2016-09-30,0,3,0,-1.9593475375963,-8.36151094233921
DA3m_HOUSING_STARTS_US,2017Q1,2017-03-31,0,3,0,3.93802673220733,-7.99594446480635
DA3m_HOUSING_STARTS_US,2017Q2,2017-06-30,0,3,0,3.17587049714518,0.66112813556721
DA3m_HOUSING_STARTS_US,2021Q4,2021-12-31,0,3,0,4.68597562707878,0.125758701621541
DA3m_HOUSING_STARTS_US,2022Q3,2022-09-30,0,3,0,3.87298394427411,-14.545474574228
DA3m_HOUSING_STARTS_US,2023Q1,2023-03-31,0,3,0,5.31034874051777,-1.88917928769814
DA3m_HOUSING_STARTS_US,2023Q2,2023-06-30,0,3,0,3.3567849988966,2.16769308568401
DA3m_HVT,2016Q3,2016-09-30,0,4,0,-1.9593475375963,-2.33316243679419
DA3m_HVT,2017Q1,2017-03-31,0,4,0,3.93802673220733,-6.35510590199857
DA3m_HVT,2017Q2,2017-06-30,0,4,0,3.17587049714518,-1.94763471413682
DA3m_HVT,2021Q4,2021-12-31,0,4,0,4.68597562707878,2.57949660177007
DA3m_HVT,2022Q3,2022-09-30,0,4,0,3.87298394427411,-0.326117618456056
DA3m_HVT,2023Q1,2023-03-31,0,4,0,5.31034874051777,5.3020818930196
DA3m_HVT,2023Q2,2023-06-30,0,4,0,3.3567849988966,0.200280777971805
DA3m_IC_Br,2016Q3,2016-09-30,0,3,0,-1.9593475375963,0.227719101697359
DA3m_IC_Br,2017Q1,2017-03-31,0,3,0,3.93802673220733,-3.55140479910391
DA3m_IC_Br,2017Q2,2017-06-30,0,3,0,3.17587049714518,-2.46807710006543
DA3m_IC_Br,2021Q4,2021-12-31,0,3,0,4.68597562707878,5.65740007669517
DA3m_IC_Br,2022Q3,2022-09-30,0,3,0,3.87298394427411,0.107560716613816
DA3m_IC_Br,2023Q1,2023-03-31,0,3,0,5.31034874051777,-1.14887625715313
DA3m_IC_Br,2023Q2,2023-06-30,0,3,0,3.3567849988966,1.1131610255623
DA3m_IE_S,2016Q3,2016-09-30,0,3,0,-1.9593475375963,-0.703758066847362
DA3m_IE_S,2017Q1,2017-03-31,0,3,0,3.93802673220733,-4.65809911228457
DA3m_IE_S,2017Q2,2017-06-30,0,3,0,3.17587049714518,1.22917123083554
DA3m_IE_S,2021Q4,2021-12-31,0,3,0,4.68597562707878,2.37296035470346
DA3m_IE_S,2022Q3,2022-09-30,0,3,0,3.87298394427411,1.91594204402391
DA3m_IE_S,2023Q1,2023-03-31,0,3,0,5.31034874051777,-4.18256087069495
DA3m_IE_S,2023Q2,2023-06-30,0,3,0,3.3567849988966,1.48465115014084
DA3m_IE_S_alt,2016Q3,2016-09-30,0,3,0,-1.9593475375963,-0.474898637149114
DA3m_IE_S_alt,2017Q1,2017-03-31,0,3,0,3.93802673220733,-5.46520602659043
DA3m_IE_S_alt,2017Q2,2017-06-30,0,3,0,3.17587049714518,0.224736488532988
DA3m_IE_S_alt,2021Q4,2021-12-31,0,3,0,4.68597562707878,0.0948211864904561
DA3m_IE_S_alt,2022Q3,2022-09-30,0,3,0,3.87298394427411,1.21547026161777
DA3m_IE_S_alt,2023Q1,2023-03-31,0,3,0,5.31034874051777,-6.43459816319399
DA3m_IE_S_alt,2023Q2,2023-06-30,0,3,0,3.3567849988966,2.12487632940291
DA3m_INCC_DI,2016Q3,2016-09-30,0,3,0,-1.9593475375963,-11.1875845489162
DA3m_INCC_DI,2017Q1,2017-03-31,0,3,0,3.93802673220733,-5.83150738466818
DA3m_INCC_DI,2017Q2,2017-06-30,0,3,0,3.17587049714518,-1.53323738773338
DA3m_INCC_DI,2021Q4,2021-12-31,0,3,0,4.68597562707878,0.951731940715603
DA3m_INCC_DI,2022Q3,2022-09-30,0,3,0,3.87298394427411,-1.70643405832734
DA3m_INCC_DI,2023Q1,2023-03-31,0,3,0,5.31034874051777,-2.11849376219105
DA3m_INCC_DI,2023Q2,2023-06-30,0,3,0,3.3567849988966,-0.324972926889811
DA3m_INDF,2016Q3,2016-09-30,0,3,0,-1.9593475375963,-9.21792613226707
DA3m_INDF,2017Q1,2017-03-31,0,3,0,3.93802673220733,-4.9900640391452
DA3m_INDF,2017Q2,2017-06-30,0,3,0,3.17587049714518,-0.540057694868649
DA3m_INDF,2021Q4,2021-12-31,0,3,0,4.68597562707878,0.272376009165317
DA3m_INDF,2022Q3,2022-09-30,0,3,0,3.87298394427411,-1.22810470440567
DA3m_INDF,2023Q1,2023-03-31,0,3,0,5.31034874051777,-2.53923855315173
DA3m_INDF,2023Q2,2023-06-30,0,3,0,3.3567849988966,2.71387219634795
DA3m_INDFE,2016Q3,2016-09-30,0,4,0,-1.9593475375963,-3.77598749924058
DA3m_INDFE,2017Q1,2017-03-31,0,4,0,3.93802673220733,11.4924403767815
DA3m_INDFE,2017Q2,2017-06-30,0,4,0,3.17587049714518,1.1889004554183
DA3m_INDFE,2021Q4,2021-12-31,0,4,0,4.68597562707878,0.223914609929457
DA3m_INDFE,2022Q3,2022-09-30,0,4,0,3.87298394427411,3.900177486261
DA3m_INDFE,2023Q1,2023-03-31,0,4,0,5.31034874051777,-4.5357735876543
DA3m_INDFE,2023Q2,2023-06-30,0,4,0,3.3567849988966,0.145141957988221
DA3m_IP,2016Q3,2016-09-30,0,4,0,-1.9593475375963,-0.323872092859059
DA3m_IP,2017Q1,2017-03-31,0,4,0,3.93802673220733,8.97669587675796
DA3m_IP,2017Q2,2017-06-30,0,4,0,3.17587049714518,-0.895706249599175
DA3m_IP,2021Q4,2021-12-31,0,4,0,4.68597562707878,-0.605105291892946
DA3m_IP,2022Q3,2022-09-30,0,4,0,3.87298394427411,0.776969969062787
DA3m_IP,2023Q1,2023-03-31,0,4,0,5.31034874051777,2.11689039255857
DA3m_IP,2023Q2,2023-06-30,0,4,0,3.3567849988966,1.91758135301265
DA3m_IP_US,2016Q3,2016-09-30,0,3,0,-1.9593475375963,-7.08585346121478
DA3m_IP_US,2017Q1,2017-03-31,0,3,0,3.93802673220733,-2.67265666883906
DA3m_IP_US,2017Q2,2017-06-30,0,3,0,3.17587049714518,2.06672258499879
DA3m_IP_US,2021Q4,2021-12-31,0,3,0,4.68597562707878,5.14848514777128
DA3m_IP_US,2022Q3,2022-09-30,0,3,0,3.87298394427411,1.94942637800055
DA3m_IP_US,2023Q1,2023-03-31,0,3,0,5.31034874051777,1.27057260519
DA3m_IP_US,2023Q2,2023-06-30,0,3,0,3.3567849988966,0.445807277313639
DA3m_IPCA,2016Q3,2016-09-30,0,3,0,-1.9593475375963,-7.19961815761827
DA3m_IPCA,2017Q1,2017-03-31,0,3,0,3.93802673220733,-4.31372908120315
DA3m_IPCA,2017Q2,2017-06-30,0,3,0,3.17587049714518,-4.46060012285479
DA3m_IPCA,2021Q4,2021-12-31,0,3,0,4.68597562707878,-0.124246756783613
DA3m_IPCA,2022Q3,2022-09-30,0,3,0,3.87298394427411,-2.97255073951919
DA3m_IPCA,2023Q1,2023-03-31,0,3,0,5.31034874051777,1.46414178388723
DA3m_IPCA,2023Q2,2023-06-30,0,3,0,3.3567849988966,-0.232998553042505
DA3m_IPCA_EX0,2017Q2,2017-06-30,2,3,0,3.17587049714518,42.7779435554482
DA3m_IPCA_EX1,2016Q3,2016-09-30,0,3,0,-1.9593475375963,-6.68382078926764
DA3m_IPCA_EX1,2017Q1,2017-03-31,0,3,0,3.93802673220733,-3.22599499528706
DA3m_IPCA_EX1,2017Q2,2017-06-30,0,3,0,3.17587049714518,-5.18918140809147
DA3m_IPCA_EX1,2021Q4,2021-12-31,0,3,0,4.68597562707878,-2.2165941012382
DA3m_IPCA_EX1,2022Q3,2022-09-30,0,3,0,3.87298394427411,-2.93453206325888
DA3m_IPCA_EX1,2023Q1,2023-03-31,0,3,0,5.31034874051777,2.08829757385553
DA3m_IPCA_EX1,2023Q2,2023-06-30,0,3,0,3.3567849988966,-2.33372720302746
DA3m_IPCA_EX2,2017Q2,2017-06-30,0,7,0,3.17587049714518,-1.01134850807716
DA3m_IPCA_MA,2016Q3,2016-09-30,0,4,0,-1.9593475375963,5.65982171881307
DA3m_IPCA_MA,2017Q1,2017-03-31,0,4,0,3.93802673220733,-5.18262378709651
DA3m_IPCA_MA,2017Q2,2017-06-30,0,4,0,3.17587049714518,-0.781615812734903
DA3m_IPCA_MA,2021Q4,2021-12-31,0,4,0,4.68597562707878,0.0192199059545576
DA3m_IPCA_MA,2022Q3,2022-09-30,0,4,0,3.87298394427411,-6.217416126914
DA3m_IPCA_MA,2023Q1,2023-03-31,0,4,0,5.31034874051777,-0.361426664754616
DA3m_IPCA_MA,2023Q2,2023-06-30,0,4,0,3.3567849988966,-0.782731942527185
DA3m_IPCA_MS,2017Q2,2017-06-30,2,3,0,3.17587049714518,7.41970454036302
DA3m_IPCDG,2016Q3,2016-09-30,0,4,0,-1.9593475375963,-3.48111283408763
DA3m_IPCDG,2017Q1,2017-03-31,0,4,0,3.93802673220733,-3.27538258826734
DA3m_IPCDG,2017Q2,2017-06-30,0,4,0,3.17587049714518,-0.143141812567556
DA3m_IPCDG,2021Q4,2021-12-31,0,4,0,4.68597562707878,-0.153380369613718
DA3m_IPCDG,2022Q3,2022-09-30,0,4,0,3.87298394427411,3.19449738688012
DA3m_IPCDG,2023Q1,2023-03-31,0,4,0,5.31034874051777,1.14520334396299
DA3m_IPCDG,2023Q2,2023-06-30,0,4,0,3.3567849988966,0.340527604592092
DA3m_IPCG,2017Q1,2017-03-31,1,3,0,3.93802673220733,27.6102006465098
DA3m_IPCG,2017Q2,2017-06-30,1,3,0,3.17587049714518,-1.69029861122552
DA3m_IPCG,2021Q4,2021-12-31,1,3,0,4.68597562707878,2.51330484482417
DA3m_IPCG,2022Q3,2022-09-30,1,3,0,3.87298394427411,3.54907400208704
DA3m_IPCG,2023Q1,2023-03-31,1,3,0,5.31034874051777,2.74188799359627
DA3m_IPCG,2023Q2,2023-06-30,1,3,0,3.3567849988966,2.31003803317251
DA3m_IPCI,2016Q3,2016-09-30,0,4,0,-1.9593475375963,5.25479093662833
DA3m_IPCI,2017Q1,2017-03-31,0,4,0,3.93802673220733,2.60097303423084
DA3m_IPCI,2017Q2,2017-06-30,0,4,0,3.17587049714518,-0.405651402578066
DA3m_IPCI,2021Q4,2021-12-31,0,4,0,4.68597562707878,-4.09440118799631
DA3m_IPCI,2022Q3,2022-09-30,0,4,0,3.87298394427411,-3.67228030245321
DA3m_IPCI,2023Q1,2023-03-31,0,4,0,5.31034874051777,2.03690230413094
DA3m_IPCI,2023Q2,2023-06-30,0,4,0,3.3567849988966,4.51967057737472
DA3m_IPCIG,2017Q1,2017-03-31,1,4,0,3.93802673220733,3.93090091483955
DA3m_IPCIG,2017Q2,2017-06-30,1,4,0,3.17587049714518,-1.01643865045731
DA3m_IPCIG,2021Q4,2021-12-31,1,4,0,4.68597562707878,-2.57842702120864
DA3m_IPCIG,2022Q3,2022-09-30,1,4,0,3.87298394427411,-0.00857429251097031
DA3m_IPCIG,2023Q1,2023-03-31,1,4,0,5.31034874051777,0.952374863159122
DA3m_IPCIG,2023Q2,2023-06-30,1,4,0,3.3567849988966,2.6382089113536
DA3m_IPKG,2016Q3,2016-09-30,0,3,0,-1.9593475375963,-18.0247985560949
DA3m_IPKG,2017Q1,2017-03-31,0,3,0,3.93802673220733,1.08514762898515
DA3m_IPKG,2017Q2,2017-06-30,0,3,0,3.17587049714518,-1.26128053744078
DA3m_IPKG,2021Q4,2021-12-31,0,3,0,4.68597562707878,-1.15478730878086
DA3m_IPKG,2022Q3,2022-09-30,0,3,0,3.87298394427411,0.142228564656908
DA3m_IPKG,2023Q1,2023-03-31,0,3,0,5.31034874051777,-3.57133844846531
DA3m_IPKG,2023Q2,2023-06-30,0,3,0,3.3567849988966,-2.04713306287261
DA3m_IPME,2016Q3,2016-09-30,0,4,0,-1.9593475375963,13.181551488216
DA3m_IPME,2017Q1,2017-03-31,0,4,0,3.93802673220733,-3.71263946271975
DA3m_IPME,2017Q2,2017-06-30,0,4,0,3.17587049714518,-4.3251957285879
DA3m_IPME,2021Q4,2021-12-31,0,4,0,4.68597562707878,1.47749297628816
DA3m_IPME,2022Q3,2022-09-30,0,4,0,3.87298394427411,-3.01285824028036
DA3m_IPME,2023Q1,2023-03-31,0,4,0,5.31034874051777,1.94669914132856
DA3m_IPME,2023Q2,2023-06-30,0,4,0,3.3567849988966,-0.985247683523368
DA3m_IPMI,2016Q3,2016-09-30,0,4,0,-1.9593475375963,-4.75124823902512
DA3m_IPMI,2017Q1,2017-03-31,0,4,0,3.93802673220733,4.1296083463673
DA3m_IPMI,2017Q2,2017-06-30,0,4,0,3.17587049714518,-0.645068112423554
DA3m_IPMI,2021Q4,2021-12-31,0,4,0,4.68597562707878,0.183909752650165
DA3m_IPMI,2022Q3,2022-09-30,0,4,0,3.87298394427411,1.03144570569364
DA3m_IPMI,2023Q1,2023-03-31,0,4,0,5.31034874051777,1.40336296812385
DA3m_IPMI,2023Q2,2023-06-30,0,4,0,3.3567849988966,0.79037065390098
DA3m_IPSDG,2016Q3,2016-09-30,0,4,0,-1.9593475375963,-7.56183776585265
DA3m_IPSDG,2017Q1,2017-03-31,0,4,0,3.93802673220733,-27.6160320199847
DA3m_IPSDG,2017Q2,2017-06-30,0,4,0,3.17587049714518,-2.09679857560834
DA3m_IPSDG,2021Q4,2021-12-31,0,4,0,4.68597562707878,1.60338021696965
DA3m_IPSDG,2022Q3,2022-09-30,0,4,0,3.87298394427411,6.16416484147362
DA3m_IPSDG,2023Q1,2023-03-31,0,4,0,5.31034874051777,5.2307507008687
DA3m_IPSDG,2023Q2,2023-06-30,0,4,0,3.3567849988966,1.6179369476183
DA3m_ISA_S,2016Q3,2016-09-30,0,4,0,-1.9593475375963,-1.08183354739584
DA3m_ISA_S,2017Q1,2017-03-31,0,4,0,3.93802673220733,-2.29777965475987
DA3m_ISA_S,2017Q2,2017-06-30,0,4,0,3.17587049714518,4.09442241187139
DA3m_ISA_S,2021Q4,2021-12-31,0,4,0,4.68597562707878,3.54358652577192
DA3m_ISA_S,2022Q3,2022-09-30,0,4,0,3.87298394427411,1.35730900198396
DA3m_ISA_S,2023Q1,2023-03-31,0,4,0,5.31034874051777,-0.217312478811145
DA3m_ISA_S,2023Q2,2023-06-30,0,4,0,3.3567849988966,-0.261231982165636
DA3m_M1,2016Q3,2016-09-30,0,4,0,-1.9593475375963,-3.20248161595491
DA3m_M1,2017Q1,2017-03-31,0,4,0,3.93802673220733,-15.1922987646062
DA3m_M1,2017Q2,2017-06-30,0,4,0,3.17587049714518,-3.27041543548856
DA3m_M1,2021Q4,2021-12-31,0,4,0,4.68597562707878,5.32261378741463
DA3m_M1,2022Q3,2022-09-30,0,4,0,3.87298394427411,-3.11022693672872
DA3m_M1,2023Q1,2023-03-31,0,4,0,5.31034874051777,-0.340642097847417
DA3m_M1,2023Q2,2023-06-30,0,4,0,3.3567849988966,9.75099511789642
DA3m_PIB_monthly,2016Q3,2016-09-30,0,4,0,-1.9593475375963,-14.0053190214059
DA3m_PIB_monthly,2017Q1,2017-03-31,0,4,0,3.93802673220733,-1.26650227251459
DA3m_PIB_monthly,2017Q2,2017-06-30,0,4,0,3.17587049714518,-10.9011176778342
DA3m_PIB_monthly,2021Q4,2021-12-31,0,4,0,4.68597562707878,5.88373386514255
DA3m_PIB_monthly,2022Q3,2022-09-30,0,4,0,3.87298394427411,-0.0699162507309179
DA3m_PIB_monthly,2023Q1,2023-03-31,0,4,0,5.31034874051777,-3.9845420685928
DA3m_PIB_monthly,2023Q2,2023-06-30,0,4,0,3.3567849988966,6.02191586524325
DA3m_QSC,2016Q3,2016-09-30,0,4,0,-1.9593475375963,-0.0687368928593742
DA3m_QSC,2017Q1,2017-03-31,0,4,0,3.93802673220733,-4.826656485104
DA3m_QSC,2017Q2,2017-06-30,0,4,0,3.17587049714518,-6.42667673444871
DA3m_QSC,2021Q4,2021-12-31,0,4,0,4.68597562707878,-6.98255090315748
DA3m_QSC,2022Q3,2022-09-30,0,4,0,3.87298394427411,4.08835784539984
DA3m_QSC,2023Q1,2023-03-31,0,4,0,5.31034874051777,-0.333073874228559
DA3m_QSC,2023Q2,2023-06-30,0,4,0,3.3567849988966,-0.774861046699638
DA3m_RE_Value,2016Q3,2016-09-30,0,4,0,-1.9593475375963,0.166553940205688
DA3m_RE_Value,2017Q1,2017-03-31,0,4,0,3.93802673220733,-5.97198614796815
DA3m_RE_Value,2017Q2,2017-06-30,0,4,0,3.17587049714518,6.90804183337757
DA3m_RE_Value,2021Q4,2021-12-31,0,4,0,4.68597562707878,-4.19176598917506
DA3m_RE_Value,2022Q3,2022-09-30,0,4,0,3.87298394427411,-4.93927502943218
DA3m_RE_Value,2023Q1,2023-03-31,0,4,0,5.31034874051777,0.308136844257334
DA3m_RE_Value,2023Q2,2023-06-30,0,4,0,3.3567849988966,0.783872049393068
DA3m_REER_IPCA,2016Q3,2016-09-30,0,3,0,-1.9593475375963,2.37717403745627
DA3m_REER_IPCA,2017Q1,2017-03-31,0,3,0,3.93802673220733,-1.15807942144142
DA3m_REER_IPCA,2017Q2,2017-06-30,0,3,0,3.17587049714518,-4.48466237834332
DA3m_REER_IPCA,2021Q4,2021-12-31,0,3,0,4.68597562707878,2.92462134438263
DA3m_REER_IPCA,2022Q3,2022-09-30,0,3,0,3.87298394427411,2.43207078995866
DA3m_REER_IPCA,2023Q1,2023-03-31,0,3,0,5.31034874051777,1.29419613024785
DA3m_REER_IPCA,2023Q2,2023-06-30,0,3,0,3.3567849988966,1.7195026507212
DA3m_REER_USD,2016Q3,2016-09-30,0,3,0,-1.9593475375963,2.33043986930064
DA3m_REER_USD,2017Q1,2017-03-31,0,3,0,3.93802673220733,-2.21170084537159
DA3m_REER_USD,2017Q2,2017-06-30,0,3,0,3.17587049714518,-3.43948329275899
DA3m_REER_USD,2021Q4,2021-12-31,0,3,0,4.68597562707878,0.433329587968641
DA3m_REER_USD,2022Q3,2022-09-30,0,3,0,3.87298394427411,2.27762395597352
DA3m_REER_USD,2023Q1,2023-03-31,0,3,0,5.31034874051777,4.02653680459025
DA3m_REER_USD,2023Q2,2023-06-30,0,3,0,3.3567849988966,2.06911948488549
DA3m_Retail_Sales,2016Q3,2016-09-30,0,3,0,-1.9593475375963,-6.00918243247106
DA3m_Retail_Sales,2017Q1,2017-03-31,0,3,0,3.93802673220733,6.03163277463778
DA3m_Retail_Sales,2017Q2,2017-06-30,0,3,0,3.17587049714518,5.02555746694651
DA3m_Retail_Sales,2021Q4,2021-12-31,0,3,0,4.68597562707878,-6.74481791600163
DA3m_Retail_Sales,2022Q3,2022-09-30,0,3,0,3.87298394427411,-5.08615345317451
DA3m_Retail_Sales,2023Q1,2023-03-31,0,3,0,5.31034874051777,0.479559100005876
DA3m_Retail_Sales,2023Q2,2023-06-30,0,3,0,3.3567849988966,0.589295050784741
DA3m_RETAIL_SALES_US,2017Q1,2017-03-31,1,4,0,3.93802673220733,-4.60013467753474
DA3m_RETAIL_SALES_US,2017Q2,2017-06-30,1,4,0,3.17587049714518,8.01899013938732
DA3m_RETAIL_SALES_US,2021Q4,2021-12-31,1,4,0,4.68597562707878,-4.87096288841862
DA3m_RETAIL_SALES_US,2022Q3,2022-09-30,1,4,0,3.87298394427411,-0.316476849074899
DA3m_RETAIL_SALES_US,2023Q1,2023-03-31,1,4,0,5.31034874051777,-1.34080057467242
DA3m_RETAIL_SALES_US,2023Q2,2023-06-30,1,4,0,3.3567849988966,-1.31939344499751
DA3m_Savings,2016Q3,2016-09-30,0,3,0,-1.9593475375963,-4.40166654224233
DA3m_Savings,2017Q1,2017-03-31,0,3,0,3.93802673220733,-2.19378393386236
DA3m_Savings,2017Q2,2017-06-30,0,3,0,3.17587049714518,-3.32387991509878
DA3m_Savings,2021Q4,2021-12-31,0,3,0,4.68597562707878,5.94984270738631
DA3m_Savings,2022Q3,2022-09-30,0,3,0,3.87298394427411,13.3102244276487
DA3m_Savings,2023Q1,2023-03-31,0,3,0,5.31034874051777,-0.615536155618903
DA3m_Savings,2023Q2,2023-06-30,0,3,0,3.3567849988966,1.76589592744067
DA3m_Selic,2017Q1,2017-03-31,0,4,0,3.93802673220733,-0.800360636241314
DA3m_Selic,2017Q2,2017-06-30,0,4,0,3.17587049714518,11.7483223489867
DA3m_Selic,2021Q4,2021-12-31,0,4,0,4.68597562707878,-14.0503537356087
DA3m_Selic,2022Q3,2022-09-30,0,4,0,3.87298394427411,-2.38722271037005
DA3m_Selic,2023Q1,2023-03-31,0,4,0,5.31034874051777,0.645988768891483
DA3m_Selic,2023Q2,2023-06-30,0,4,0,3.3567849988966,0.796674671826162
DA3m_Steel,2016Q3,2016-09-30,0,3,0,-1.9593475375963,-5.08897481290158
DA3m_Steel,2017Q1,2017-03-31,0,3,0,3.93802673220733,-2.43778920823932
DA3m_Steel,2017Q2,2017-06-30,0,3,0,3.17587049714518,-5.2903003865911
DA3m_Steel,2021Q4,2021-12-31,0,3,0,4.68597562707878,-5.08010809740748
DA3m_Steel,2022Q3,2022-09-30,0,3,0,3.87298394427411,-5.38884490439366
DA3m_Steel,2023Q1,2023-03-31,0,3,0,5.31034874051777,-0.591180558608566
DA3m_Steel,2023Q2,2023-06-30,0,3,0,3.3567849988966,1.1635049763793
DA3m_TRUCK_IMP_US,2016Q3,2016-09-30,0,3,0,-1.9593475375963,-0.339239666224935
DA3m_TRUCK_IMP_US,2017Q1,2017-03-31,0,3,0,3.93802673220733,-6.90052267269843
DA3m_TRUCK_IMP_US,2017Q2,2017-06-30,0,3,0,3.17587049714518,-6.11383420343702
DA3m_TRUCK_IMP_US,2021Q4,2021-12-31,0,3,0,4.68597562707878,0.991050165577416
DA3m_TRUCK_IMP_US,2022Q3,2022-09-30,0,3,0,3.87298394427411,5.12881786976484
DA3m_TRUCK_IMP_US,2023Q1,2023-03-31,0,3,0,5.31034874051777,1.49012054772263
DA3m_TRUCK_IMP_US,2023Q2,2023-06-30,0,3,0,3.3567849988966,3.37718253482922
