"","FOOD","CLOTH","HOUSING","FURNITURE","MEDICAL","TRANSP","EDUCATION","OTHER","Date"
"1968-12-31 19:00:00",0.0109,0.0166,0.0182,0.0199,0.0122,0.0079,0.0083,0.0058,1968-12-01
"1969-01-31 19:00:00",0.011,0.0169,0.0183,0.0199,0.0122,0.0079,0.0083,0.0058,1969-01-01
"1969-02-28 19:00:00",0.0109,0.0173,0.0183,0.0201,0.0122,0.0079,0.0083,0.0058,1969-02-01
"1969-03-31 19:00:00",0.0109,0.0174,0.0183,0.0201,0.0123,0.0079,0.0083,0.0058,1969-03-01
"1969-04-30 19:00:00",0.0109,0.0175,0.0183,0.0202,0.0123,0.0079,0.0083,0.0058,1969-04-01
"1969-05-31 19:00:00",0.0109,0.0178,0.0184,0.0203,0.0123,0.008,0.0083,0.0058,1969-05-01
"1969-06-30 19:00:00",0.0111,0.0173,0.0186,0.0203,0.0123,0.008,0.0083,0.0058,1969-06-01
"1969-07-31 19:00:00",0.0111,0.0172,0.0185,0.0204,0.0124,0.008,0.0083,0.0058,1969-07-01
"1969-08-31 19:00:00",0.0114,0.017,0.0185,0.0206,0.0125,0.008,0.0084,0.0058,1969-08-01
"1969-09-30 19:00:00",0.0114,0.0176,0.0193,0.0207,0.0125,0.008,0.0084,0.0059,1969-09-01
"1969-10-31 19:00:00",0.0115,0.0172,0.0192,0.0208,0.0126,0.008,0.0085,0.0059,1969-10-01
"1969-11-30 19:00:00",0.0115,0.0175,0.0193,0.0209,0.0127,0.008,0.0085,0.0059,1969-11-01
"1969-12-31 19:00:00",0.0115,0.0175,0.0195,0.021,0.0127,0.008,0.0086,0.006,1969-12-01
"1970-01-31 19:00:00",0.0115,0.0174,0.0196,0.0212,0.0128,0.008,0.0086,0.006,1970-01-01
"1970-02-28 19:00:00",0.0115,0.0175,0.0197,0.0212,0.0128,0.008,0.0086,0.006,1970-02-01
"1970-03-31 19:00:00",0.0115,0.0175,0.0197,0.0213,0.0129,0.0081,0.0087,0.006,1970-03-01
"1970-04-30 19:00:00",0.0116,0.0175,0.0197,0.0214,0.0129,0.0081,0.0088,0.0061,1970-04-01
"1970-05-31 19:00:00",0.0117,0.0176,0.0198,0.0217,0.0131,0.0081,0.0088,0.0061,1970-05-01
"1970-06-30 19:00:00",0.0118,0.0177,0.0198,0.0218,0.0131,0.0081,0.0088,0.0062,1970-06-01
"1970-07-31 19:00:00",0.0118,0.0177,0.0199,0.0218,0.0131,0.0081,0.0089,0.0062,1970-07-01
"1970-08-31 19:00:00",0.0118,0.0178,0.0199,0.022,0.0132,0.0081,0.009,0.0062,1970-08-01
"1970-09-30 19:00:00",0.0118,0.0179,0.02,0.0223,0.0132,0.0081,0.009,0.0063,1970-09-01
"1970-10-31 19:00:00",0.0119,0.0182,0.0203,0.0223,0.0132,0.0081,0.0091,0.0063,1970-10-01
"1970-11-30 19:00:00",0.012,0.0182,0.0203,0.0224,0.0133,0.0081,0.0091,0.0063,1970-11-01
"1970-12-31 19:00:00",0.0121,0.0183,0.0202,0.0224,0.0134,0.0081,0.0093,0.0065,1970-12-01
"1971-01-31 19:00:00",0.0121,0.0185,0.0203,0.0224,0.0135,0.0082,0.0094,0.0067,1971-01-01
"1971-02-28 19:00:00",0.0122,0.0185,0.0204,0.0224,0.0135,0.0081,0.0095,0.0067,1971-02-01
"1971-03-31 19:00:00",0.0122,0.0188,0.0204,0.0226,0.0136,0.0082,0.0095,0.0067,1971-03-01
"1971-04-30 19:00:00",0.0122,0.0188,0.0205,0.0226,0.0136,0.0082,0.0096,0.0068,1971-04-01
"1971-05-31 19:00:00",0.0122,0.0188,0.0207,0.0227,0.0138,0.0085,0.0097,0.0068,1971-05-01
"1971-06-30 19:00:00",0.0122,0.0187,0.0207,0.0229,0.0138,0.0083,0.0097,0.0068,1971-06-01
"1971-07-31 19:00:00",0.0123,0.0189,0.0212,0.023,0.0139,0.0084,0.0098,0.0068,1971-07-01
"1971-08-31 19:00:00",0.0123,0.0189,0.0213,0.023,0.0139,0.0085,0.0098,0.0068,1971-08-01
"1971-09-30 19:00:00",0.0124,0.019,0.0214,0.0231,0.0139,0.0085,0.0098,0.0068,1971-09-01
"1971-10-31 19:00:00",0.0124,0.019,0.0213,0.0232,0.014,0.0085,0.0098,0.007,1971-10-01
"1971-11-30 19:00:00",0.0124,0.0189,0.0216,0.0233,0.0141,0.0085,0.0098,0.0069,1971-11-01
"1971-12-31 19:00:00",0.0124,0.0191,0.0215,0.0233,0.0141,0.0085,0.0099,0.0068,1971-12-01
"1972-01-31 19:00:00",0.0125,0.019,0.0216,0.0234,0.014,0.0085,0.0099,0.0069,1972-01-01
"1972-02-29 19:00:00",0.0126,0.0191,0.0216,0.0236,0.0143,0.0086,0.0099,0.0069,1972-02-01
"1972-03-31 19:00:00",0.0126,0.0193,0.0219,0.0235,0.0144,0.0086,0.0101,0.0069,1972-03-01
"1972-04-30 19:00:00",0.0126,0.0194,0.022,0.0236,0.0144,0.0087,0.0101,0.007,1972-04-01
"1972-05-31 19:00:00",0.0128,0.0197,0.0222,0.0236,0.0145,0.0087,0.0102,0.007,1972-05-01
"1972-06-30 19:00:00",0.0128,0.0201,0.0221,0.0237,0.0147,0.0088,0.0103,0.0071,1972-06-01
"1972-07-31 19:00:00",0.0129,0.0205,0.0221,0.0239,0.0149,0.0089,0.0103,0.0071,1972-07-01
"1972-08-31 19:00:00",0.0129,0.0206,0.0222,0.024,0.0151,0.009,0.0104,0.0071,1972-08-01
"1972-09-30 19:00:00",0.0128,0.0209,0.0222,0.0241,0.0151,0.009,0.0104,0.0071,1972-09-01
"1972-10-31 19:00:00",0.0131,0.0211,0.0222,0.0242,0.0151,0.0089,0.0104,0.0072,1972-10-01
"1972-11-30 19:00:00",0.013,0.0212,0.0223,0.0242,0.0152,0.0088,0.0105,0.0073,1972-11-01
"1972-12-31 19:00:00",0.0132,0.0216,0.0227,0.0244,0.0151,0.0087,0.0104,0.0072,1972-12-01
"1973-01-31 19:00:00",0.0133,0.022,0.0228,0.0246,0.015,0.0087,0.0105,0.0073,1973-01-01
"1973-02-28 19:00:00",0.0135,0.0222,0.0229,0.0249,0.0151,0.0088,0.0107,0.0073,1973-02-01
"1973-03-31 19:00:00",0.0138,0.0224,0.0233,0.0255,0.0157,0.0089,0.0107,0.0074,1973-03-01
"1973-04-30 19:00:00",0.014,0.0228,0.0235,0.0259,0.0157,0.0089,0.0109,0.0075,1973-04-01
"1973-05-31 19:00:00",0.0142,0.0232,0.0236,0.0263,0.0157,0.009,0.0109,0.0075,1973-05-01
"1973-06-30 19:00:00",0.0149,0.0237,0.0239,0.0266,0.0158,0.0091,0.011,0.0077,1973-06-01
"1973-07-31 19:00:00",0.0152,0.0241,0.0241,0.0269,0.016,0.0093,0.0112,0.0078,1973-07-01
"1973-08-31 19:00:00",0.0159,0.0243,0.0245,0.0274,0.0161,0.0093,0.0113,0.0078,1973-08-01
"1973-09-30 19:00:00",0.016,0.0246,0.0252,0.0278,0.0163,0.0094,0.0115,0.0079,1973-09-01
"1973-10-31 19:00:00",0.0163,0.0249,0.0252,0.0284,0.0163,0.0093,0.0117,0.0081,1973-10-01
"1973-11-30 19:00:00",0.0166,0.0252,0.0256,0.029,0.0165,0.0113,0.0119,0.0083,1973-11-01
"1973-12-31 19:00:00",0.0175,0.0259,0.0253,0.0296,0.0167,0.0115,0.0121,0.0083,1973-12-01
"1974-01-31 19:00:00",0.0181,0.0263,0.0255,0.0302,0.017,0.0116,0.0123,0.0084,1974-01-01
"1974-02-28 19:00:00",0.0183,0.0266,0.0257,0.0306,0.0172,0.0117,0.0125,0.0085,1974-02-01
"1974-03-31 19:00:00",0.0186,0.027,0.0259,0.031,0.0173,0.012,0.0126,0.0087,1974-03-01
"1974-04-30 19:00:00",0.0189,0.0273,0.0261,0.0315,0.0174,0.0122,0.0128,0.0087,1974-04-01
"1974-05-31 19:00:00",0.0191,0.0276,0.026,0.0317,0.0176,0.0124,0.0131,0.0088,1974-05-01
"1974-06-30 19:00:00",0.0193,0.0277,0.0268,0.0329,0.0178,0.0126,0.0134,0.0089,1974-06-01
"1974-07-31 19:00:00",0.0195,0.0279,0.0271,0.0331,0.0178,0.0128,0.0136,0.009,1974-07-01
"1974-08-31 19:00:00",0.0197,0.0282,0.0274,0.0335,0.018,0.0129,0.0138,0.0093,1974-08-01
"1974-09-30 19:00:00",0.02,0.0285,0.0276,0.0341,0.0192,0.0132,0.0143,0.0094,1974-09-01
"1974-10-31 19:00:00",0.0205,0.0288,0.0279,0.0343,0.0192,0.0147,0.0145,0.0096,1974-10-01
"1974-11-30 19:00:00",0.0204,0.0293,0.0282,0.0346,0.0194,0.0144,0.0149,0.0097,1974-11-01
"1974-12-31 19:00:00",0.0204,0.0294,0.0287,0.0347,0.0197,0.0145,0.0149,0.0098,1974-12-01
"1975-01-31 19:00:00",0.0204,0.0301,0.0285,0.035,0.0196,0.0146,0.015,0.0099,1975-01-01
"1975-02-28 19:00:00",0.0206,0.0304,0.0289,0.0353,0.0198,0.0149,0.0151,0.01,1975-02-01
"1975-03-31 19:00:00",0.0207,0.0309,0.0292,0.0362,0.0199,0.0152,0.0153,0.0101,1975-03-01
"1975-04-30 19:00:00",0.0213,0.0312,0.0295,0.0365,0.0201,0.0154,0.0155,0.0104,1975-04-01
"1975-05-31 19:00:00",0.0218,0.0318,0.0304,0.037,0.0203,0.0156,0.0157,0.0104,1975-05-01
"1975-06-30 19:00:00",0.022,0.0322,0.0306,0.0374,0.0205,0.0159,0.0159,0.0105,1975-06-01
"1975-07-31 19:00:00",0.0222,0.0322,0.0313,0.0378,0.0206,0.0161,0.016,0.0106,1975-07-01
"1975-08-31 19:00:00",0.0223,0.0322,0.0315,0.0382,0.0206,0.0162,0.0162,0.0107,1975-08-01
"1975-09-30 19:00:00",0.0223,0.0325,0.0318,0.0385,0.0206,0.0161,0.0163,0.0108,1975-09-01
"1975-10-31 19:00:00",0.0224,0.0327,0.0322,0.0392,0.0206,0.0158,0.0164,0.0108,1975-10-01
"1975-11-30 19:00:00",0.0225,0.0328,0.0325,0.0397,0.0208,0.0157,0.0166,0.0108,1975-11-01
"1975-12-31 19:00:00",0.0226,0.0333,0.0331,0.0406,0.0212,0.0158,0.0167,0.0108,1975-12-01
"1976-01-31 19:00:00",0.023,0.0336,0.0338,0.0414,0.0215,0.0159,0.0171,0.011,1976-01-01
"1976-02-29 19:00:00",0.0233,0.0346,0.0343,0.0422,0.0218,0.0161,0.0174,0.0113,1976-02-01
"1976-03-31 19:00:00",0.0233,0.0354,0.0345,0.0426,0.022,0.0162,0.0177,0.0115,1976-03-01
"1976-04-30 19:00:00",0.0234,0.0362,0.0352,0.0431,0.0224,0.0165,0.018,0.0117,1976-04-01
"1976-05-31 19:00:00",0.0235,0.0365,0.0353,0.0435,0.0227,0.0168,0.0182,0.0119,1976-05-01
"1976-06-30 19:00:00",0.0237,0.0369,0.036,0.044,0.0229,0.0169,0.0184,0.0121,1976-06-01
"1976-07-31 19:00:00",0.0238,0.0373,0.0363,0.0444,0.023,0.0175,0.0187,0.0121,1976-07-01
"1976-08-31 19:00:00",0.0246,0.0404,0.0367,0.0462,0.0239,0.0181,0.0191,0.0127,1976-08-01
"1976-09-30 19:00:00",0.0261,0.0422,0.0379,0.0491,0.0252,0.0185,0.0206,0.0137,1976-09-01
"1976-10-31 19:00:00",0.0268,0.0443,0.0385,0.0511,0.0257,0.0214,0.0212,0.0146,1976-10-01
"1976-11-30 19:00:00",0.0275,0.0449,0.039,0.0525,0.0262,0.0217,0.0218,0.0152,1976-11-01
"1976-12-31 19:00:00",0.0285,0.0461,0.0391,0.0527,0.0264,0.022,0.0222,0.0153,1976-12-01
"1977-01-31 19:00:00",0.029,0.0467,0.0404,0.0544,0.0268,0.0224,0.0226,0.0155,1977-01-01
"1977-02-28 19:00:00",0.0296,0.0474,0.0415,0.0554,0.027,0.0229,0.023,0.016,1977-02-01
"1977-03-31 19:00:00",0.0304,0.0481,0.0419,0.0562,0.0274,0.0232,0.0233,0.0161,1977-03-01
"1977-04-30 19:00:00",0.0307,0.0489,0.0425,0.0573,0.0276,0.0236,0.0236,0.0162,1977-04-01
"1977-05-31 19:00:00",0.031,0.0508,0.043,0.0587,0.0278,0.0242,0.024,0.0166,1977-05-01
"1977-06-30 19:00:00",0.0311,0.052,0.0433,0.0599,0.0284,0.0246,0.0246,0.0171,1977-06-01
"1977-07-31 19:00:00",0.0319,0.053,0.0443,0.061,0.0286,0.0248,0.0253,0.0178,1977-07-01
"1977-08-31 19:00:00",0.0328,0.0537,0.0449,0.0619,0.0291,0.025,0.0254,0.018,1977-08-01
"1977-09-30 19:00:00",0.0329,0.0541,0.0458,0.0623,0.0293,0.0253,0.0254,0.0181,1977-09-01
"1977-10-31 19:00:00",0.0332,0.0551,0.0466,0.0626,0.0294,0.0251,0.0257,0.0184,1977-10-01
"1977-11-30 19:00:00",0.0335,0.0559,0.0486,0.0631,0.0297,0.025,0.0259,0.0185,1977-11-01
"1977-12-31 19:00:00",0.0336,0.0567,0.0496,0.0638,0.0301,0.0253,0.0264,0.0189,1977-12-01
"1978-01-31 19:00:00",0.0339,0.0575,0.0502,0.0641,0.03,0.0256,0.0271,0.0192,1978-01-01
"1978-02-28 19:00:00",0.0345,0.0586,0.0505,0.0646,0.0309,0.0259,0.0275,0.0194,1978-02-01
"1978-03-31 19:00:00",0.0351,0.0592,0.0512,0.0654,0.0314,0.0261,0.0278,0.0196,1978-03-01
"1978-04-30 19:00:00",0.0356,0.0598,0.0517,0.0664,0.0316,0.0264,0.0282,0.0202,1978-04-01
"1978-05-31 19:00:00",0.0364,0.0608,0.0525,0.0677,0.0318,0.0266,0.0286,0.0204,1978-05-01
"1978-06-30 19:00:00",0.0372,0.0617,0.0535,0.0687,0.032,0.0268,0.0289,0.0207,1978-06-01
"1978-07-31 19:00:00",0.0375,0.0628,0.0538,0.0695,0.0332,0.027,0.0294,0.0209,1978-07-01
"1978-08-31 19:00:00",0.0377,0.0651,0.0546,0.0703,0.0334,0.0274,0.0297,0.0211,1978-08-01
"1978-09-30 19:00:00",0.0381,0.0665,0.0551,0.0712,0.0338,0.028,0.0304,0.0213,1978-09-01
"1978-10-31 19:00:00",0.0385,0.068,0.0557,0.072,0.0339,0.0279,0.0308,0.0215,1978-10-01
"1978-11-30 19:00:00",0.0388,0.0685,0.0558,0.0729,0.0341,0.0279,0.0312,0.0217,1978-11-01
"1978-12-31 19:00:00",0.0402,0.0687,0.0576,0.0738,0.0343,0.0277,0.0317,0.0221,1978-12-01
"1979-01-31 19:00:00",0.0407,0.07,0.0577,0.0749,0.0349,0.0283,0.0322,0.0225,1979-01-01
"1979-02-28 19:00:00",0.0412,0.0711,0.0587,0.076,0.0354,0.0287,0.0327,0.0229,1979-02-01
"1979-03-31 19:00:00",0.0415,0.0729,0.0593,0.0771,0.0359,0.0288,0.0334,0.0232,1979-03-01
"1979-04-30 19:00:00",0.0422,0.0747,0.0599,0.0782,0.0363,0.0291,0.0345,0.0235,1979-04-01
"1979-05-31 19:00:00",0.0426,0.0767,0.0607,0.0795,0.0369,0.0295,0.0352,0.0241,1979-05-01
"1979-06-30 19:00:00",0.0428,0.0782,0.0614,0.0809,0.0373,0.0299,0.0358,0.0245,1979-06-01
"1979-07-31 19:00:00",0.0437,0.08,0.0624,0.0817,0.0375,0.0304,0.036,0.025,1979-07-01
"1979-08-31 19:00:00",0.0443,0.0812,0.0635,0.0826,0.0378,0.0308,0.0364,0.0255,1979-08-01
"1979-09-30 19:00:00",0.0453,0.0831,0.0646,0.0851,0.0384,0.0311,0.0369,0.0259,1979-09-01
"1979-10-31 19:00:00",0.046,0.0851,0.0654,0.0875,0.0392,0.0314,0.0376,0.0265,1979-10-01
"1979-11-30 19:00:00",0.0467,0.0863,0.0675,0.0897,0.0396,0.0315,0.0381,0.0267,1979-11-01
"1979-12-31 19:00:00",0.0474,0.0939,0.0676,0.0948,0.0427,0.0319,0.0397,0.0289,1979-12-01
"1980-01-31 19:00:00",0.0485,0.096,0.0687,0.0968,0.0434,0.0322,0.0405,0.0296,1980-01-01
"1980-02-29 19:00:00",0.0496,0.0982,0.0703,0.0981,0.0435,0.0329,0.0415,0.0301,1980-02-01
"1980-03-31 19:00:00",0.0506,0.0998,0.0717,0.1003,0.0442,0.034,0.0422,0.0304,1980-03-01
"1980-04-30 19:00:00",0.0515,0.102,0.0733,0.1023,0.0452,0.0345,0.0428,0.031,1980-04-01
"1980-05-31 19:00:00",0.0533,0.1042,0.0746,0.1034,0.046,0.0352,0.0436,0.0316,1980-05-01
"1980-06-30 19:00:00",0.055,0.1069,0.0764,0.1055,0.047,0.0359,0.0441,0.0323,1980-06-01
"1980-07-31 19:00:00",0.0567,0.1081,0.0779,0.1078,0.0478,0.0366,0.0452,0.033,1980-07-01
"1980-08-31 19:00:00",0.0571,0.1099,0.0793,0.1091,0.0486,0.0373,0.0461,0.0337,1980-08-01
"1980-09-30 19:00:00",0.0577,0.1122,0.0812,0.1129,0.0503,0.038,0.0474,0.035,1980-09-01
"1980-10-31 19:00:00",0.0589,0.1141,0.083,0.1155,0.052,0.0386,0.0484,0.0359,1980-10-01
"1980-11-30 19:00:00",0.0605,0.1163,0.0848,0.1173,0.0532,0.0388,0.049,0.0374,1980-11-01
"1980-12-31 19:00:00",0.0613,0.1192,0.0869,0.1205,0.0549,0.0384,0.0495,0.0377,1980-12-01
"1981-01-31 19:00:00",0.0626,0.1217,0.0885,0.1229,0.0562,0.0398,0.0503,0.0386,1981-01-01
"1981-02-28 19:00:00",0.0638,0.1242,0.0907,0.125,0.0576,0.041,0.0514,0.0395,1981-02-01
"1981-03-31 19:00:00",0.065,0.1279,0.0929,0.128,0.0594,0.0414,0.0527,0.0408,1981-03-01
"1981-04-30 19:00:00",0.066,0.1311,0.0948,0.1302,0.06,0.0424,0.0538,0.0417,1981-04-01
"1981-05-31 19:00:00",0.0671,0.1343,0.0966,0.1329,0.0609,0.0435,0.0546,0.0428,1981-05-01
"1981-06-30 19:00:00",0.0677,0.1374,0.0984,0.136,0.0619,0.0441,0.0566,0.0439,1981-06-01
"1981-07-31 19:00:00",0.0693,0.1398,0.1003,0.139,0.0636,0.0452,0.0583,0.0446,1981-07-01
"1981-08-31 19:00:00",0.071,0.1423,0.1025,0.143,0.065,0.0461,0.0598,0.0458,1981-08-01
"1981-09-30 19:00:00",0.0727,0.1468,0.1056,0.1459,0.0666,0.0477,0.0615,0.0473,1981-09-01
"1981-10-31 19:00:00",0.0745,0.1502,0.1076,0.1488,0.0686,0.0483,0.0634,0.0492,1981-10-01
"1981-11-30 19:00:00",0.0755,0.1529,0.1098,0.1521,0.07,0.0509,0.064,0.0507,1981-11-01
"1981-12-31 19:00:00",0.0776,0.1558,0.1116,0.1549,0.0713,0.0548,0.065,0.0525,1981-12-01
"1982-01-31 19:00:00",0.0798,0.1606,0.1154,0.1608,0.0748,0.0578,0.0669,0.0546,1982-01-01
"1982-02-28 19:00:00",0.0818,0.1719,0.1197,0.1681,0.0777,0.0601,0.0703,0.057,1982-02-01
"1982-03-31 19:00:00",0.0866,0.1801,0.1248,0.1754,0.082,0.0625,0.0746,0.0621,1982-03-01
"1982-04-30 19:00:00",0.0918,0.1904,0.1319,0.185,0.0876,0.0656,0.0815,0.0664,1982-04-01
"1982-05-31 19:00:00",0.0963,0.2015,0.1401,0.1957,0.0932,0.07,0.0854,0.0698,1982-05-01
"1982-06-30 19:00:00",0.1013,0.2118,0.1481,0.2077,0.0989,0.0728,0.0891,0.0734,1982-06-01
"1982-07-31 19:00:00",0.1127,0.2348,0.161,0.2242,0.1058,0.0918,0.096,0.0793,1982-07-01
"1982-08-31 19:00:00",0.12,0.2499,0.1687,0.2422,0.113,0.0953,0.1016,0.0848,1982-08-01
"1982-09-30 19:00:00",0.1282,0.2641,0.1773,0.2592,0.1206,0.0991,0.107,0.0894,1982-09-01
"1982-10-31 19:00:00",0.1351,0.2823,0.185,0.2801,0.1284,0.1038,0.1117,0.0951,1982-10-01
"1982-11-30 19:00:00",0.1437,0.3032,0.2012,0.2994,0.1383,0.1347,0.1157,0.1004,1982-11-01
"1982-12-31 19:00:00",0.1527,0.3464,0.2157,0.3275,0.15,0.1428,0.1318,0.1139,1982-12-01
"1983-01-31 19:00:00",0.1586,0.3737,0.2226,0.3535,0.1591,0.152,0.1405,0.118,1983-01-01
"1983-02-28 19:00:00",0.1655,0.3916,0.2304,0.3855,0.1757,0.1593,0.1496,0.1219,1983-02-01
"1983-03-31 19:00:00",0.1761,0.4119,0.2409,0.417,0.1895,0.1705,0.1576,0.1299,1983-03-01
"1983-04-30 19:00:00",0.1846,0.4346,0.2493,0.4488,0.1968,0.18,0.1649,0.1356,1983-04-01
"1983-05-31 19:00:00",0.1934,0.4576,0.2589,0.4734,0.2075,0.1878,0.1727,0.1428,1983-05-01
"1983-06-30 19:00:00",0.2043,0.4776,0.2694,0.4974,0.2199,0.1942,0.1861,0.1529,1983-06-01
"1983-07-31 19:00:00",0.213,0.5009,0.2789,0.5206,0.2305,0.1999,0.1956,0.1647,1983-07-01
"1983-08-31 19:00:00",0.2207,0.5282,0.2887,0.5423,0.2413,0.2043,0.1971,0.1735,1983-08-01
"1983-09-30 19:00:00",0.2292,0.5548,0.2994,0.564,0.2512,0.2124,0.2052,0.1823,1983-09-01
"1983-10-31 19:00:00",0.2444,0.5773,0.3104,0.5817,0.2612,0.2411,0.2144,0.191,1983-10-01
"1983-11-30 19:00:00",0.2558,0.5999,0.3158,0.6058,0.272,0.2331,0.2279,0.199,1983-11-01
"1983-12-31 19:00:00",0.2713,0.6224,0.3297,0.6313,0.2816,0.2307,0.2355,0.2046,1983-12-01
"1984-01-31 19:00:00",0.287,0.6408,0.3557,0.6681,0.2893,0.238,0.2434,0.2128,1984-01-01
"1984-02-29 19:00:00",0.3016,0.6616,0.3664,0.693,0.2993,0.2513,0.2501,0.2272,1984-02-01
"1984-03-31 19:00:00",0.3147,0.6853,0.3763,0.7151,0.3109,0.2715,0.256,0.2337,1984-03-01
"1984-04-30 19:00:00",0.3266,0.7063,0.3877,0.7391,0.3245,0.2887,0.263,0.2461,1984-04-01
"1984-05-31 19:00:00",0.3424,0.7388,0.3981,0.769,0.3404,0.3028,0.2739,0.2619,1984-05-01
"1984-06-30 19:00:00",0.3546,0.7692,0.4104,0.7987,0.3558,0.312,0.284,0.2713,1984-06-01
"1984-07-31 19:00:00",0.3667,0.8,0.4227,0.8266,0.3706,0.3211,0.295,0.2818,1984-07-01
"1984-08-31 19:00:00",0.3803,0.8324,0.4336,0.85,0.3853,0.331,0.3095,0.295,1984-08-01
"1984-09-30 19:00:00",0.3979,0.8619,0.4469,0.8817,0.4053,0.3451,0.3203,0.3113,1984-09-01
"1984-10-31 19:00:00",0.4151,0.8917,0.4578,0.9136,0.4284,0.3513,0.3332,0.3242,1984-10-01
"1984-11-30 19:00:00",0.4366,0.9174,0.4629,0.9362,0.4456,0.3399,0.3414,0.3372,1984-11-01
"1984-12-31 19:00:00",0.4553,0.9558,0.4766,0.9622,0.4564,0.3806,0.3522,0.351,1984-12-01
"1985-01-31 19:00:00",0.4741,0.9867,0.4918,0.9771,0.4755,0.395,0.3673,0.3702,1985-01-01
"1985-02-28 19:00:00",0.495,1.0257,0.508,1.0017,0.4937,0.4128,0.3756,0.3919,1985-02-01
"1985-03-31 19:00:00",0.5092,1.0673,0.5236,1.0456,0.5116,0.4182,0.3879,0.4143,1985-03-01
"1985-04-30 19:00:00",0.5199,1.1107,0.5456,1.0887,0.5261,0.4287,0.4035,0.4334,1985-04-01
"1985-05-31 19:00:00",0.5342,1.1608,0.568,1.1324,0.5439,0.4431,0.4182,0.4462,1985-05-01
"1985-06-30 19:00:00",0.5514,1.2188,0.594,1.1844,0.5637,0.4582,0.4305,0.4729,1985-06-01
"1985-07-31 19:00:00",0.5802,1.2974,0.6184,1.238,0.5913,0.4769,0.4637,0.4954,1985-07-01
"1985-08-31 19:00:00",0.6058,1.3615,0.6499,1.2961,0.6216,0.4947,0.4869,0.5224,1985-08-01
"1985-09-30 19:00:00",0.6308,1.4298,0.6765,1.364,0.6498,0.5203,0.5088,0.5474,1985-09-01
"1985-10-31 19:00:00",0.6612,1.4999,0.7078,1.4359,0.6789,0.54,0.5331,0.5743,1985-10-01
"1985-11-30 19:00:00",0.6866,1.5596,0.7434,1.489,0.7084,0.5957,0.5499,0.6053,1985-11-01
"1985-12-31 19:00:00",0.7429,1.6171,0.7901,1.536,0.7405,0.622,0.5785,0.6527,1985-12-01
"1986-01-31 19:00:00",0.762,1.6935,0.8313,1.6214,0.7717,0.6566,0.6031,0.6764,1986-01-01
"1986-02-28 19:00:00",0.7999,1.7806,0.8729,1.7196,0.8074,0.6833,0.6416,0.7066,1986-02-01
"1986-03-31 19:00:00",0.8503,1.8857,0.9223,1.7972,0.8536,0.704,0.6807,0.7435,1986-03-01
"1986-04-30 19:00:00",0.9205,2.0058,0.9617,1.9127,0.8969,0.7329,0.7232,0.7852,1986-04-01
"1986-05-31 19:00:00",0.9951,2.1125,1.0203,2.051,0.9828,0.7805,0.7776,0.8458,1986-05-01
"1986-06-30 19:00:00",1.042,2.2421,1.0721,2.1639,1.059,0.8336,0.8201,0.8941,1986-06-01
"1986-07-31 19:00:00",1.1098,2.3687,1.1343,2.321,1.136,1.0417,0.873,0.9456,1986-07-01
"1986-08-31 19:00:00",1.1927,2.5207,1.1968,2.4681,1.2233,1.1023,0.9388,1.0036,1986-08-01
"1986-09-30 19:00:00",1.2687,2.6873,1.2673,2.6781,1.3154,1.1693,0.9952,1.0681,1986-09-01
"1986-10-31 19:00:00",1.3466,2.8667,1.3369,2.9009,1.4181,1.2542,1.058,1.1396,1986-10-01
"1986-11-30 19:00:00",1.4307,3.0644,1.4138,3.1098,1.5169,1.2983,1.1345,1.2101,1986-11-01
"1986-12-31 19:00:00",1.5,3.2268,1.4796,3.3497,1.6467,1.3378,1.2192,1.3103,1986-12-01
"1987-01-31 19:00:00",1.6232,3.4555,1.5349,3.5887,1.7759,1.4145,1.2844,1.3797,1987-01-01
"1987-02-28 19:00:00",1.7493,3.6941,1.6148,3.8193,1.9241,1.5088,1.3808,1.4649,1987-02-01
"1987-03-31 19:00:00",1.8905,3.9469,1.755,4.1123,2.1165,1.7132,1.4965,1.6006,1987-03-01
"1987-04-30 19:00:00",2.0464,4.2994,1.8408,4.4142,2.2796,1.9275,1.6175,1.6911,1987-04-01
"1987-05-31 19:00:00",2.2197,4.7004,1.9412,4.7776,2.472,2.0943,1.7351,1.8385,1987-05-01
"1987-06-30 19:00:00",2.407,5.1036,2.0725,5.3063,2.7172,2.2576,1.9229,2.0417,1987-06-01
"1987-07-31 19:00:00",2.6022,5.5595,2.2751,5.7573,2.948,2.514,2.0615,2.2434,1987-07-01
"1987-08-31 19:00:00",2.8252,6.0527,2.3973,6.2648,3.1719,2.6169,2.2722,2.3751,1987-08-01
"1987-09-30 19:00:00",3.09,6.6697,2.5278,6.9362,3.4985,2.8206,2.4671,2.6326,1987-09-01
"1987-10-31 19:00:00",3.2941,7.3639,2.6749,7.578,3.7876,2.9928,2.7321,2.8925,1987-10-01
"1987-11-30 19:00:00",3.5704,8.3557,3.1641,8.4581,4.1605,3.6016,3.0861,3.3155,1987-11-01
"1987-12-31 19:00:00",4.0997,9.2435,3.4615,9.1056,4.435,4.2568,3.3968,3.6382,1987-12-01
"1988-01-31 19:00:00",4.4106,10.0838,3.6573,10.4421,4.9312,4.4359,3.7055,3.9577,1988-01-01
"1988-02-29 19:00:00",4.6075,10.936,3.9044,11.2094,5.2702,4.5467,3.9798,4.2532,1988-02-01
"1988-03-31 19:00:00",4.7591,11.3416,4.1247,11.5328,5.4262,4.6253,4.1958,4.4224,1988-03-01
"1988-04-30 19:00:00",4.8641,11.5619,4.3689,11.6972,5.514,4.687,4.3276,4.6164,1988-04-01
"1988-05-31 19:00:00",5.0257,11.7725,4.6123,11.8519,5.5778,4.753,4.4579,4.7775,1988-05-01
"1988-06-30 19:00:00",5.1971,11.8777,4.8598,11.9392,5.5593,4.7928,4.5277,4.8808,1988-06-01
"1988-07-31 19:00:00",5.2782,11.9971,5.086,12.0216,5.6035,4.825,4.6263,5.0071,1988-07-01
"1988-08-31 19:00:00",5.3676,11.8401,5.3071,11.9246,5.5931,4.8684,4.7376,5.0803,1988-08-01
"1988-09-30 19:00:00",5.434,11.7565,5.5213,11.9034,5.608,4.9193,4.7999,5.162,1988-09-01
"1988-10-31 19:00:00",5.5431,11.759,5.6879,11.8203,5.6401,4.8516,4.8539,5.2118,1988-10-01
"1988-11-30 19:00:00",5.623,11.6734,5.8222,11.7876,5.663,4.7349,4.887,5.2462,1988-11-01
"1988-12-31 19:00:00",5.6279,11.6068,6.02,11.7193,5.6928,4.5923,4.9203,5.2979,1988-12-01
"1989-01-31 19:00:00",5.6114,11.6641,6.2397,11.6271,5.7404,4.6382,5.0154,5.4579,1989-01-01
"1989-02-28 19:00:00",5.6439,11.7296,6.4416,11.626,5.8246,4.7438,5.0737,5.5901,1989-02-01
"1989-03-31 19:00:00",5.7636,11.8332,6.6364,11.7165,5.8797,4.8482,5.1452,5.7023,1989-03-01
"1989-04-30 19:00:00",5.9043,11.8996,6.8481,11.8334,5.9618,4.915,5.2308,5.8138,1989-04-01
"1989-05-31 19:00:00",6.0162,11.9985,7.0701,11.9269,6.0606,4.968,5.3356,5.9247,1989-05-01
"1989-06-30 19:00:00",6.1015,12.0375,7.2982,11.9631,6.1735,5.0396,5.4737,6.0145,1989-06-01
"1989-07-31 19:00:00",6.2009,12.1446,7.5279,12.0874,6.2782,5.0908,5.6164,6.1341,1989-07-01
"1989-08-31 19:00:00",6.2614,12.2804,7.7991,12.2037,6.3941,5.1663,5.6273,6.314,1989-08-01
"1989-09-30 19:00:00",6.3368,12.3861,8.1092,12.3114,6.527,5.2282,5.7369,6.4648,1989-09-01
"1989-10-31 19:00:00",6.3852,12.5072,8.3563,12.3363,6.6158,5.2204,5.8349,6.5564,1989-10-01
"1989-11-30 19:00:00",6.5097,12.6169,8.612,12.4184,6.7089,5.2965,6.0336,6.6939,1989-11-01
"1989-12-31 19:00:00",6.7429,12.716,8.8648,12.4957,6.7955,5.5522,6.1041,6.7682,1989-12-01
"1990-01-31 19:00:00",6.9295,12.8096,9.0643,12.553,6.8723,5.6565,6.2026,6.871,1990-01-01
"1990-02-28 19:00:00",7.1037,12.9479,9.3139,12.6026,6.9573,5.7485,6.2946,7.0174,1990-02-01
"1990-03-31 19:00:00",7.1889,13.1371,9.604,12.7261,7.0754,5.8812,6.5058,7.1834,1990-03-01
"1990-04-30 19:00:00",7.3135,13.2956,9.9,12.9082,7.268,6.0545,6.7284,7.4251,1990-04-01
"1990-05-31 19:00:00",7.4278,13.524,10.2571,13.1723,7.5171,6.3249,6.9402,7.5956,1990-05-01
"1990-06-30 19:00:00",7.587,13.8252,10.5751,13.435,7.7252,6.4754,7.0668,7.7595,1990-06-01
"1990-07-31 19:00:00",7.7971,14.039,10.8805,13.6811,7.9075,6.5854,7.2365,7.9172,1990-07-01
"1990-08-31 19:00:00",7.944,14.2515,11.1634,13.8897,8.0683,6.701,7.3725,8.0701,1990-08-01
"1990-09-30 19:00:00",8.0723,14.3777,11.4143,14.1488,8.2157,6.8157,7.4847,8.1977,1990-09-01
"1990-10-31 19:00:00",8.2498,14.6218,11.7363,14.3563,8.3837,7.0338,7.6335,8.4188,1990-10-01
"1990-11-30 19:00:00",8.3827,14.8943,12.0452,14.5132,8.5388,7.1673,7.7891,8.674,1990-11-01
"1990-12-31 19:00:00",8.4629,15.1724,12.2201,14.6494,8.6443,7.1232,7.9502,8.7196,1990-12-01
"1991-01-31 19:00:00",8.5536,15.2663,12.5796,14.8173,8.7864,7.2559,8.0941,8.8577,1991-01-01
"1991-02-28 19:00:00",8.6421,15.441,12.9182,14.9546,8.9212,7.3876,8.2372,8.9885,1991-02-01
"1991-03-31 19:00:00",8.7618,15.63,13.1827,15.1666,9.0189,7.4853,8.3877,9.0599,1991-03-01
"1991-04-30 19:00:00",8.9082,15.783,13.3838,15.3303,9.1102,7.6078,8.5311,9.0972,1991-04-01
"1991-05-31 19:00:00",9.0623,15.9639,13.5602,15.4692,9.1828,7.6611,8.7009,9.1827,1991-05-01
"1991-06-30 19:00:00",9.1649,16.1956,13.7408,15.6576,9.3066,7.7579,8.9004,9.2911,1991-06-01
"1991-07-31 19:00:00",9.2483,16.349,13.9182,15.8091,9.4263,7.8821,9.0549,9.4316,1991-07-01
"1991-08-31 19:00:00",9.3534,16.6109,14.1037,16.0766,9.5459,8.018,9.1914,9.5742,1991-08-01
"1991-09-30 19:00:00",9.4836,16.9053,14.2927,16.3731,9.6538,8.1295,9.407,9.673,1991-09-01
"1991-10-31 19:00:00",9.6108,16.6805,14.5353,16.1837,9.7898,8.9885,9.5727,9.7828,1991-10-01
"1991-11-30 19:00:00",9.684,16.6495,14.921,16.2501,9.9509,9.3269,9.6618,9.8449,1991-11-01
"1991-12-31 19:00:00",9.7166,16.9129,15.016,16.3757,10.1684,9.253,9.8578,9.9369,1991-12-01
"1992-01-31 19:00:00",9.814,17.0227,15.2299,16.5282,10.2143,9.3837,9.9833,10.0271,1992-01-01
"1992-02-29 19:00:00",9.9255,17.1694,15.3998,16.6043,10.2941,9.5168,10.0924,10.1082,1992-02-01
"1992-03-31 19:00:00",9.9887,17.3896,15.5647,16.7725,10.3934,9.6319,10.2298,10.2735,1992-03-01
"1992-04-30 19:00:00",9.9885,17.5939,15.7745,16.9944,10.6675,9.7275,10.3828,10.4546,1992-04-01
"1992-05-31 19:00:00",10.0135,17.7691,15.9718,17.1435,10.7974,9.8338,10.509,10.5958,1992-05-01
"1992-06-30 19:00:00",10.0675,17.9656,16.1627,17.2088,10.9265,9.9717,10.6541,10.7243,1992-06-01
"1992-07-31 19:00:00",10.1294,18.0941,16.3574,17.4147,11.0631,10.122,10.8633,10.825,1992-07-01
"1992-08-31 19:00:00",10.2309,18.2641,16.5437,17.5382,11.2089,10.2397,11.1929,10.9141,1992-08-01
"1992-09-30 19:00:00",10.3398,18.476,16.7139,17.6813,11.3544,10.3248,11.4039,11.016,1992-09-01
"1992-10-31 19:00:00",10.4215,18.6812,16.8502,17.8636,11.4937,10.3185,11.6435,11.1323,1992-10-01
"1992-11-30 19:00:00",10.5279,18.8619,16.9745,18.0597,11.6403,10.3488,11.7728,11.2395,1992-11-01
"1992-12-31 19:00:00",10.5276,18.9402,17.0713,18.1624,11.7374,10.3703,11.8837,11.2883,1992-12-01
"1993-01-31 19:00:00",10.5647,19.0372,17.2348,18.138,11.7868,10.4519,12.0709,11.3854,1993-01-01
"1993-02-28 19:00:00",10.5431,19.1148,17.3415,18.2297,11.8675,10.5109,12.3173,11.4706,1993-02-01
"1993-03-31 19:00:00",10.546,19.1111,17.4557,18.2881,11.9164,10.5936,12.5008,11.5222,1993-03-01
"1993-04-30 19:00:00",10.6404,19.1706,17.5901,18.2471,11.9983,10.6704,12.6236,11.5715,1993-04-01
"1993-05-31 19:00:00",10.7023,19.3045,17.721,18.231,12.0874,10.7424,12.7709,11.6608,1993-05-01
"1993-06-30 19:00:00",10.7802,19.259,17.8799,18.4122,12.192,10.8706,12.92,11.775,1993-06-01
"1993-07-31 19:00:00",10.8609,19.5703,18.0566,18.4743,12.3089,11.0046,13.0845,11.9146,1993-07-01
"1993-08-31 19:00:00",10.9554,19.7088,18.2437,18.6826,12.4382,11.1552,13.2139,12.0604,1993-08-01
"1993-09-30 19:00:00",10.9816,19.828,18.4335,18.9146,12.6156,11.298,13.3643,12.2275,1993-09-01
"1993-10-31 19:00:00",11.0124,20.0288,18.6182,19.0619,12.7128,11.3599,13.5045,12.345,1993-10-01
"1993-11-30 19:00:00",11.0455,20.1405,18.7531,19.1693,12.7582,11.3509,13.6465,12.4204,1993-11-01
"1993-12-31 19:00:00",11.0556,20.1188,18.7143,19.1586,12.7541,11.277,13.7458,12.3919,1993-12-01
"1994-01-31 19:00:00",11.043,20.2447,18.8571,19.1617,12.8353,11.3007,13.8657,12.4033,1994-01-01
"1994-02-28 19:00:00",11.0742,20.1952,18.9522,19.0676,12.9155,11.3088,13.9503,12.3583,1994-02-01
"1994-03-31 19:00:00",11.0467,20.2169,19.0411,18.9927,12.9661,11.2866,14.0423,12.4114,1994-03-01
"1994-04-30 19:00:00",11.1028,20.2737,19.1588,19.0236,13.0275,11.3484,14.1505,12.4552,1994-04-01
"1994-05-31 19:00:00",11.1574,20.3273,19.2775,19.2503,13.0952,11.42,14.2674,12.5113,1994-05-01
"1994-06-30 19:00:00",11.2714,20.3635,19.4205,19.3356,13.2073,11.5638,14.3538,12.6212,1994-06-01
"1994-07-31 19:00:00",11.391,20.5318,19.6245,19.5627,13.3426,11.7134,14.4478,12.7212,1994-07-01
"1994-08-31 19:00:00",11.5521,20.6377,19.8191,19.7237,13.4845,11.869,14.4283,12.8324,1994-08-01
"1994-09-30 19:00:00",11.6881,20.828,20.0182,19.913,13.6413,12.0166,14.5329,12.95,1994-09-01
"1994-10-31 19:00:00",11.7987,20.9532,20.1383,20.1045,13.8392,12.131,14.6996,13.0247,1994-10-01
"1994-11-30 19:00:00",11.8327,21.1135,20.2786,20.2806,14.0388,12.2217,14.8333,13.0741,1994-11-01
"1994-12-31 19:00:00",12.2135,21.5521,20.6907,20.9885,14.3796,12.637,15.2985,13.36,1994-12-01
"1995-01-31 19:00:00",12.8557,22.2071,21.2437,22.4008,15.2346,12.9113,15.7377,13.8386,1995-01-01
"1995-02-28 19:00:00",13.5018,22.9195,22.0501,23.6304,15.8475,14.5554,16.1924,14.3214,1995-02-01
"1995-03-31 19:00:00",14.3012,24.2843,23.8342,25.7741,16.922,16.0836,16.9052,15.203,1995-03-01
"1995-04-30 19:00:00",15.1145,24.9894,24.5668,27.2639,17.8841,16.6418,17.5558,15.6283,1995-04-01
"1995-05-31 19:00:00",15.8058,25.9568,25.1848,28.269,18.5971,16.8908,18.1553,16.0074,1995-05-01
"1995-06-30 19:00:00",16.3241,26.682,25.7618,28.8771,19.1268,17.1709,18.644,16.3493,1995-06-01
"1995-07-31 19:00:00",16.7299,27.412,26.2814,29.5356,19.7057,17.502,19.1368,16.713,1995-07-01
"1995-08-31 19:00:00",17.1734,28.1455,26.8141,30.2785,20.3383,17.8568,19.7355,17.0437,1995-08-01
"1995-09-30 19:00:00",17.7796,29.0153,27.3633,31.0661,20.9268,18.2281,20.0743,17.4129,1995-09-01
"1995-10-31 19:00:00",18.5299,29.7711,27.9137,31.8136,21.5629,18.5035,20.478,17.7634,1995-10-01
"1995-11-30 19:00:00",19.1518,30.5804,28.6899,32.9582,22.1793,19.0355,20.8441,18.2664,1995-11-01
"1995-12-31 19:00:00",19.6286,31.3423,29.4608,33.9049,22.726,19.4997,21.2364,18.6988,1995-12-01
"1996-01-31 19:00:00",20.1517,32.0586,30.0217,34.5793,23.1537,19.7467,21.5345,19.0361,1996-01-01
"1996-02-29 19:00:00",20.6792,32.9871,30.4936,35.1992,23.5597,19.9829,21.7972,19.35,1996-02-01
"1996-03-31 19:00:00",21.3503,33.6793,31.0783,35.6627,23.8759,20.4102,22.1469,19.7939,1996-03-01
"1996-04-30 19:00:00",21.9174,34.2638,31.5963,36.237,24.3028,20.7338,22.4766,20.1066,1996-04-01
"1996-05-31 19:00:00",22.3147,35.0291,32.1456,36.9131,24.7895,21.076,22.8425,20.4529,1996-05-01
"1996-06-30 19:00:00",22.694,35.7203,32.7765,37.8096,25.2093,21.6105,23.1836,20.849,1996-06-01
"1996-07-31 19:00:00",23.0993,36.3493,33.4521,38.7873,25.7458,22.1022,23.6167,21.176,1996-07-01
"1996-08-31 19:00:00",23.488,37.1037,34.0581,39.6626,26.2137,22.6154,24.1919,21.564,1996-08-01
"1996-09-30 19:00:00",23.8712,37.7589,34.7365,40.3666,26.6885,23.0933,24.4341,21.8738,1996-09-01
"1996-10-31 19:00:00",24.3137,38.6138,35.2838,41.0156,27.0408,23.3169,24.7666,22.2319,1996-10-01
"1996-11-30 19:00:00",24.7038,39.3054,35.9898,41.7112,27.5943,25.2713,25.0469,22.7324,1996-11-01
"1996-12-31 19:00:00",25.2693,40.1554,36.3893,42.3678,28.1245,25.2483,25.3056,23.1353,1996-12-01
"1997-01-31 19:00:00",25.6147,40.6349,36.8682,42.9273,28.5187,25.658,25.546,23.4604,1997-01-01
"1997-02-28 19:00:00",25.8843,41.1412,37.2497,43.2568,28.8115,26.0233,25.807,23.7309,1997-02-01
"1997-03-31 19:00:00",25.9329,41.7535,37.6082,43.6819,29.0603,26.3114,26.1077,23.9329,1997-03-01
"1997-04-30 19:00:00",26.1214,42.3031,38.1525,44.2938,29.4413,26.6555,26.3722,24.265,1997-04-01
"1997-05-31 19:00:00",26.2625,42.8355,38.7258,44.7954,29.848,27.0326,26.7247,24.5888,1997-05-01
"1997-06-30 19:00:00",26.5546,43.4925,39.3178,45.2178,30.2663,27.5325,27.0597,24.864,1997-06-01
"1997-07-31 19:00:00",26.9443,44.074,39.9005,45.7668,30.6959,28.0158,27.3835,25.1461,1997-07-01
"1997-08-31 19:00:00",27.3436,44.6464,40.4852,46.3634,31.1165,28.42,27.8412,25.4872,1997-08-01
"1997-09-30 19:00:00",27.5059,45.2649,41.0788,46.9989,31.5523,28.8246,28.1526,25.8917,1997-09-01
"1997-10-31 19:00:00",27.7687,45.8073,41.6876,47.5547,31.9473,28.8753,28.5017,26.1899,1997-10-01
"1997-11-30 19:00:00",27.9344,46.4579,42.1687,48.0994,32.3288,29.1017,28.8262,26.5028,1997-11-01
"1997-12-31 19:00:00",28.2871,46.975,42.6376,48.3993,32.7021,29.3415,29.2563,26.9765,1997-12-01
"1998-01-31 19:00:00",28.8709,47.6288,43.0991,48.8846,33.1358,29.6361,29.6765,27.4077,1998-01-01
"1998-02-28 19:00:00",29.3753,48.0916,43.5339,49.2289,33.5392,29.8996,30.0234,27.7514,1998-02-01
"1998-03-31 19:00:00",29.5139,48.5485,43.945,49.689,34.1242,30.094,30.3588,28.0105,1998-03-01
"1998-04-30 19:00:00",29.9054,49.1975,44.2626,50.2339,34.5983,30.4147,30.7999,28.3201,1998-04-01
"1998-05-31 19:00:00",30.5248,49.8187,44.7673,50.7721,35.03,30.8075,31.1627,28.6828,1998-05-01
"1998-06-30 19:00:00",31.0378,50.4224,45.3044,51.6153,35.4395,31.2509,31.4421,29.0873,1998-06-01
"1998-07-31 19:00:00",31.4221,51.154,45.8274,52.2284,36.0815,31.7228,31.9092,29.5432,1998-07-01
"1998-08-31 19:00:00",32.03,51.9268,46.4657,53.1913,36.7332,32.2051,32.4073,29.8841,1998-08-01
"1998-09-30 19:00:00",32.7201,52.5329,47.145,54.1819,37.3406,32.6286,32.8355,30.2825,1998-09-01
"1998-10-31 19:00:00",33.2834,53.2125,47.6085,55.007,37.9683,33.3909,33.2873,30.6867,1998-10-01
"1998-11-30 19:00:00",34.0022,54.0531,47.9739,55.8148,38.7372,34.7283,33.7363,31.2863,1998-11-01
"1998-12-31 19:00:00",35.0093,54.887,48.4244,56.676,39.4226,34.846,34.1739,31.7726,1998-12-01
"1999-01-31 19:00:00",35.1614,55.4147,48.9015,57.6123,40.0906,35.4136,34.7316,32.3428,1999-01-01
"1999-02-28 19:00:00",35.1951,56.1702,49.5683,58.5513,40.9801,35.9179,35.2738,32.7915,1999-02-01
"1999-03-31 19:00:00",35.2847,56.986,50.1912,59.5138,41.5205,36.3814,35.7501,33.2381,1999-03-01
"1999-04-30 19:00:00",35.5537,57.6716,50.399,60.1911,42.2247,36.8496,36.1137,33.7427,1999-04-01
"1999-05-31 19:00:00",35.7082,58.2438,50.9748,60.8468,42.8809,37.2383,36.516,34.0899,1999-05-01
"1999-06-30 19:00:00",36.007,58.8023,51.7104,61.4137,43.3646,37.6536,36.8509,34.4563,1999-06-01
"1999-07-31 19:00:00",36.1259,59.3061,52.2311,61.9538,43.87,37.992,37.2344,34.8929,1999-07-01
"1999-08-31 19:00:00",36.1976,59.8236,52.7552,62.4518,44.5634,38.3701,37.9193,35.3525,1999-08-01
"1999-09-30 19:00:00",36.2851,60.4453,53.1386,63.0675,45.1194,38.706,38.2944,35.749,1999-09-01
"1999-10-31 19:00:00",36.4138,60.9955,53.6342,63.5777,45.6605,38.8314,38.6949,36.0853,1999-10-01
"1999-11-30 19:00:00",36.5738,61.4637,54.2072,63.8806,46.0503,38.9168,39.0931,36.4618,1999-11-01
"1999-12-31 19:00:00",36.7097,62.2352,54.6151,64.2196,46.4208,39.1314,39.6081,36.8619,1999-12-01
"2000-01-31 19:00:00",36.9034,62.609,55.0365,64.6678,46.7502,39.4785,39.9275,37.1367,2000-01-01
"2000-02-29 19:00:00",37.2329,62.9904,55.3801,65.0175,47.1591,39.7698,40.2147,37.3711,2000-02-01
"2000-03-31 19:00:00",37.4398,63.3632,55.8189,65.2943,47.4291,40.0586,40.533,37.5689,2000-03-01
"2000-04-30 19:00:00",37.7539,63.7938,56.3146,65.4532,47.7823,40.365,40.9421,37.7497,2000-04-01
"2000-05-31 19:00:00",38.1136,64.2083,56.868,65.5852,48.0957,40.6566,41.3147,38.12,2000-05-01
"2000-06-30 19:00:00",38.3055,64.682,57.4613,65.8689,48.5572,40.9,41.6555,38.5542,2000-06-01
"2000-07-31 19:00:00",38.4698,65.1,57.9606,66.136,48.7977,41.1861,42.1145,38.9001,2000-07-01
"2000-08-31 19:00:00",38.5755,65.4528,58.3707,66.3566,49.0302,41.4091,42.662,39.2957,2000-08-01
"2000-09-30 19:00:00",38.7544,65.8319,58.9732,66.3653,49.3926,41.6655,43.1413,39.6279,2000-09-01
"2000-10-31 19:00:00",38.8745,66.2819,59.4337,66.571,49.7767,41.925,43.625,40.0133,2000-10-01
"2000-11-30 19:00:00",39.4327,66.5976,59.886,66.8052,50.1514,42.0278,44.0755,40.2863,2000-11-01
"2000-12-31 19:00:00",39.2246,67.1122,60.2284,66.9708,50.4467,41.8641,44.4253,40.3972,2000-12-01
"2001-01-31 19:00:00",38.573,67.1874,60.5552,66.8873,50.8908,41.9242,44.8021,40.6366,2001-01-01
"2001-02-28 19:00:00",39.1636,67.2959,60.7736,66.8498,51.3141,42.0485,45.1927,41.1188,2001-02-01
"2001-03-31 19:00:00",39.6394,67.492,60.7403,66.9444,51.472,42.2665,45.5427,41.4988,2001-03-01
"2001-04-30 19:00:00",39.9521,67.7381,60.9198,67.0826,51.6517,42.5093,45.9515,42.3874,2001-04-01
"2001-05-31 19:00:00",40.0111,68.0314,61.2107,67.2622,51.9417,42.782,46.3693,42.6388,2001-05-01
"2001-06-30 19:00:00",39.9731,68.2255,60.7376,67.3768,52.0974,42.973,46.7074,42.9675,2001-06-01
"2001-07-31 19:00:00",40.5756,68.5082,60.5664,67.2484,52.4382,43.1505,47.0999,43.2039,2001-07-01
"2001-08-31 19:00:00",40.93,68.8029,61.1699,67.4648,52.632,43.3054,47.7369,43.4022,2001-08-01
"2001-09-30 19:00:00",41.1553,68.9593,61.3249,67.172,52.8429,43.4616,48.0574,43.6611,2001-09-01
"2001-10-31 19:00:00",41.0574,69.0999,61.4864,67.0476,52.973,43.5729,48.3902,43.9292,2001-10-01
"2001-11-30 19:00:00",40.8356,69.2458,61.4725,67.0996,53.1222,43.6749,48.6782,44.1813,2001-11-01
"2001-12-31 19:00:00",41.2744,69.196,61.2771,67.0046,53.2301,44.261,49.0821,44.4397,2001-12-01
"2002-01-31 19:00:00",40.3635,69.4622,62.329,66.7677,53.4074,44.4274,49.4414,44.7423,2002-01-01
"2002-02-28 19:00:00",40.6595,69.7209,62.8786,66.3797,53.486,44.5625,49.7741,45.0861,2002-02-01
"2002-03-31 19:00:00",40.9903,69.8686,63.6216,66.4218,53.6727,44.758,50.0966,45.3674,2002-03-01
"2002-04-30 19:00:00",41.2133,69.9487,64.4734,66.26,53.8905,44.9635,50.3428,45.5417,2002-04-01
"2002-05-31 19:00:00",41.7268,70.1088,65.0415,66.1035,54.0124,45.1139,50.6324,45.8109,2002-05-01
"2002-06-30 19:00:00",42.1284,70.2365,65.3624,66.088,54.2128,45.2436,50.9443,45.9458,2002-06-01
"2002-07-31 19:00:00",42.1917,70.5133,65.7442,66.3141,54.3559,45.31,51.2789,46.2034,2002-07-01
"2002-08-31 19:00:00",42.0964,70.7046,66.1866,66.1521,54.5806,45.3804,51.4433,46.5475,2002-08-01
"2002-09-30 19:00:00",42.1793,70.7486,66.6275,65.9983,54.8184,45.4954,51.6441,46.7402,2002-09-01
"2002-10-31 19:00:00",42.6206,70.7327,66.889,65.8529,54.9289,45.6506,51.9263,46.8893,2002-10-01
"2002-11-30 19:00:00",43.0134,70.7395,67.2486,65.6777,55.0973,45.4321,52.1996,47.0043,2002-11-01
"2002-12-31 19:00:00",42.8396,70.7234,67.5983,65.5407,55.3685,45.3398,52.5669,47.1395,2002-12-01
"2003-01-31 19:00:00",42.9277,70.7375,67.7596,65.546,55.4596,45.4957,52.8871,47.2877,2003-01-01
"2003-02-28 19:00:00",43.6207,70.856,67.9879,65.574,55.6482,45.6385,53.1909,47.6,2003-02-01
"2003-03-31 19:00:00",43.5985,70.8841,68.1701,65.3355,55.813,45.6535,53.779,47.6973,2003-03-01
"2003-04-30 19:00:00",43.6393,70.9635,68.3034,65.6822,56.148,45.639,54.0768,48.0001,2003-04-01
"2003-05-31 19:00:00",43.8212,70.5203,68.6079,65.6387,56.4797,45.7192,54.1976,48.2334,2003-05-01
"2003-06-30 19:00:00",43.9092,70.409,68.8562,65.6633,56.7522,45.8244,54.4506,48.5288,2003-06-01
"2003-07-31 19:00:00",43.7901,70.6003,69.1079,65.8917,56.9371,46.015,54.8699,48.8967,2003-07-01
"2003-08-31 19:00:00",43.9883,70.6305,69.3055,65.9943,57.0744,46.2467,54.6444,49.2219,2003-08-01
"2003-09-30 19:00:00",44.1759,70.7741,69.4768,65.8498,57.1849,46.312,54.9868,49.3237,2003-09-01
"2003-10-31 19:00:00",44.5445,70.8609,69.7772,65.8028,57.3919,46.4214,55.2086,49.5443,2003-10-01
"2003-11-30 19:00:00",44.8201,70.9514,69.9388,65.767,57.4878,46.5617,55.5097,49.7349,2003-11-01
"2003-12-31 19:00:00",45.2984,71.0808,70.0319,65.8357,57.6347,46.8229,55.6491,49.9301,2003-12-01
"2004-01-31 19:00:00",45.9358,71.0969,70.3767,65.8894,57.7219,47.1979,55.8271,50.059,2004-01-01
"2004-02-29 19:00:00",46.0172,71.0951,70.6848,65.9101,57.8401,47.4367,55.9895,50.2325,2004-02-01
"2004-03-31 19:00:00",45.8735,71.1249,71.0408,65.9335,57.8527,47.7286,56.2965,50.4438,2004-03-01
"2004-04-30 19:00:00",45.9294,71.2714,71.4149,65.9115,58.0828,47.9813,56.557,50.5616,2004-04-01
"2004-05-31 19:00:00",46.065,71.4288,71.8488,65.9332,58.208,48.3131,56.7688,50.7333,2004-05-01
"2004-06-30 19:00:00",46.2395,71.6427,72.2125,65.9715,58.335,48.2623,57.0362,50.963,2004-06-01
"2004-07-31 19:00:00",46.9343,71.7449,72.5555,66.0638,58.4885,48.3925,57.2825,51.1291,2004-07-01
"2004-08-31 19:00:00",47.4915,71.7459,72.8605,66.1669,58.673,48.5156,57.3754,51.4069,2004-08-01
"2004-09-30 19:00:00",48.2838,71.814,72.9912,66.3991,58.8233,48.7229,57.6747,51.6193,2004-09-01
"2004-10-31 19:00:00",48.7245,71.8492,73.1142,66.5621,59.0185,48.8961,57.9087,51.8438,2004-10-01
"2004-11-30 19:00:00",48.4691,71.7572,73.3317,66.5951,59.138,49.0165,58.1443,52.0519,2004-11-01
"2004-12-31 19:00:00",47.7447,71.9769,73.4264,66.8068,59.2863,49.0791,58.5642,52.3179,2004-12-01
"2005-01-31 19:00:00",48.2291,71.7852,73.5302,66.9261,59.5265,49.1959,58.7679,52.5407,2005-01-01
"2005-02-28 19:00:00",48.6614,71.827,73.5791,67.0361,59.7276,49.3065,58.9918,52.6846,2005-02-01
"2005-03-31 19:00:00",49.3711,71.954,73.7706,67.1526,59.8587,49.4813,59.1841,52.8973,2005-03-01
"2005-04-30 19:00:00",49.8954,72.0742,73.5475,67.3351,60.0824,49.6613,59.4136,53.1032,2005-04-01
"2005-05-31 19:00:00",49.6617,72.1859,73.8964,67.4928,60.209,49.833,59.7442,53.2975,2005-05-01
"2005-06-30 19:00:00",49.9681,72.2762,74.1422,67.6211,60.3635,49.9797,59.9826,53.5899,2005-06-01
"2005-07-31 19:00:00",49.8572,72.3274,74.3683,67.4635,60.5545,50.0424,60.1548,53.7241,2005-07-01
"2005-08-31 19:00:00",49.6079,72.4321,74.633,67.5293,60.8271,50.1462,60.2936,53.8604,2005-08-01
"2005-09-30 19:00:00",49.3752,72.474,75.0286,67.5742,61.0643,50.365,60.5423,54.0144,2005-09-01
"2005-10-31 19:00:00",49.15,72.5541,75.6124,67.7511,61.209,50.5134,60.8024,54.1822,2005-10-01
"2005-11-30 19:00:00",49.5445,72.6725,75.9086,67.8315,61.4078,50.6646,61.0826,54.3477,2005-11-01
"2005-12-31 19:00:00",50.114,72.986,76.1601,67.9271,61.5202,50.8206,61.2098,54.4162,2005-12-01
"2006-01-31 19:00:00",50.4493,72.8152,76.2218,67.992,61.5853,50.8339,61.4439,54.5482,2006-01-01
"2006-02-28 19:00:00",50.036,72.8369,76.5563,68.0564,61.9165,50.9196,61.7594,54.7984,2006-02-01
"2006-03-31 19:00:00",49.932,72.9282,76.6911,68.0138,62.1751,51.3622,62.1598,55.0334,2006-03-01
"2006-04-30 19:00:00",50.2739,72.9863,76.702,67.9719,62.3133,51.4398,62.1969,55.2348,2006-04-01
"2006-05-31 19:00:00",50.402,73.0588,77.1079,68.0938,62.5131,51.5974,62.4848,55.4318,2006-05-01
"2006-06-30 19:00:00",50.4215,73.1755,77.337,68.1332,62.6867,51.7639,62.8342,55.5584,2006-06-01
"2006-07-31 19:00:00",51.0989,73.2007,77.5455,68.2293,62.8278,51.9473,62.937,55.7579,2006-07-01
"2006-08-31 19:00:00",52.2278,73.2486,77.7003,68.5901,62.9064,52.0664,63.1243,56.018,2006-08-01
"2006-09-30 19:00:00",52.7639,73.2766,77.829,68.8775,63.1155,52.0665,63.3763,56.1696,2006-09-01
"2006-10-31 19:00:00",52.3343,73.3635,78.1885,68.9129,63.2867,52.1961,63.6223,56.2634,2006-10-01
"2006-11-30 19:00:00",52.6662,73.584,78.3904,69.0133,63.4935,52.4038,63.7497,56.5934,2006-11-01
"2006-12-31 19:00:00",53.0781,73.6939,78.5727,68.9509,63.6889,52.5442,63.956,56.9556,2006-12-01
"2007-01-31 19:00:00",53.4396,73.7379,78.7349,68.949,63.9272,52.6796,64.2248,57.1562,2007-01-01
"2007-02-28 19:00:00",53.4972,73.7909,78.7626,68.9702,64.1701,52.8115,64.5155,57.2666,2007-02-01
"2007-03-31 19:00:00",53.56,73.9168,78.6948,69.1263,64.3783,52.9474,64.6882,57.4004,2007-03-01
"2007-04-30 19:00:00",53.3534,73.9745,79.0644,69.3036,64.5382,53.134,64.959,57.6192,2007-04-01
"2007-05-31 19:00:00",53.649,74.0568,79.2971,69.3418,64.703,53.3362,65.232,57.8668,2007-05-01
"2007-06-30 19:00:00",54.0858,74.2447,79.4955,69.5046,64.923,53.4734,65.3765,58.0649,2007-06-01
"2007-07-31 19:00:00",54.5393,74.2192,79.7291,69.6088,65.1256,53.5515,65.6059,58.2838,2007-07-01
"2007-08-31 19:00:00",55.2255,74.2362,79.9942,69.6378,65.3393,53.6786,65.7573,58.4284,2007-08-01
"2007-09-30 19:00:00",55.4208,74.3581,80.3214,69.7665,65.5776,53.8195,65.9509,58.6891,2007-09-01
"2007-10-31 19:00:00",55.8368,74.4731,80.0742,69.9071,65.8185,53.9505,66.1527,58.899,2007-10-01
"2007-11-30 19:00:00",55.8328,74.5561,80.244,70.2889,66.0582,54.0383,66.401,59.1244,2007-11-01
"2007-12-31 19:00:00",56.0796,74.7173,80.5708,70.3961,66.2796,54.0831,66.6521,59.289,2007-12-01
"2008-01-31 19:00:00",56.1726,74.8013,81.0243,70.5856,66.4,54.18,66.9569,59.5531,2008-01-01
"2008-02-29 19:00:00",56.9312,74.9311,81.4423,70.9536,66.6198,54.4387,67.2054,59.8582,2008-02-01
"2008-03-31 19:00:00",57.4777,74.9746,81.7263,71.3185,66.7784,54.6689,67.4294,60.1278,2008-03-01
"2008-04-30 19:00:00",57.9796,75.1584,82.2537,71.587,67.0882,54.9132,67.6677,60.3856,2008-04-01
"2008-05-31 19:00:00",58.6228,75.2654,82.735,72.028,67.4789,55.1441,67.9349,60.7063,2008-05-01
"2008-06-30 19:00:00",59.0133,75.4394,83.1216,72.3972,67.7372,55.4682,68.3173,61.0161,2008-06-01
"2008-07-31 19:00:00",59.416,75.613,83.4816,72.8854,68.0931,55.9357,68.6696,61.4175,2008-07-01
"2008-08-31 19:00:00",59.5006,75.6944,83.7843,73.4209,68.5024,56.3958,69.1059,61.7879,2008-08-01
"2008-09-30 19:00:00",60.026,75.9052,84.1954,73.8384,68.7064,56.8661,69.3867,62.0726,2008-09-01
"2008-10-31 19:00:00",60.9324,76.0763,84.3272,74.2877,69.0621,57.1664,69.7451,62.5826,2008-10-01
"2008-11-30 19:00:00",61.5771,76.2707,84.6142,74.5875,69.2621,56.9943,70.0395,62.9679,2008-11-01
"2008-12-31 19:00:00",61.7374,76.5403,83.9889,75.0182,69.7533,57.4043,70.0714,63.1166,2008-12-01
"2009-01-31 19:00:00",61.7557,76.8212,83.7814,75.9586,70.151,57.6409,70.4182,63.3202,2009-01-01
"2009-02-28 19:00:00",62.4905,77.0155,84.1093,76.56,70.505,57.8305,70.6174,63.5549,2009-02-01
"2009-03-31 19:00:00",63.2229,77.1346,84.3055,77.0614,70.9681,57.9521,70.9135,63.7846,2009-03-01
"2009-04-30 19:00:00",63.8902,77.3225,84.4507,77.58,71.2745,58.0128,71.164,64.0432,2009-04-01
"2009-05-31 19:00:00",64.3706,77.6196,84.4878,78.0397,71.5634,58.2648,71.3742,64.3041,2009-05-01
"2009-06-30 19:00:00",64.4146,77.8696,84.5535,78.3745,71.9173,58.5045,71.6468,64.5972,2009-06-01
"2009-07-31 19:00:00",64.5888,78.0148,84.6161,78.6101,72.1932,58.8547,71.8505,64.7851,2009-07-01
"2009-08-31 19:00:00",64.9778,78.3631,84.6879,78.743,72.3515,59.0315,71.9486,65.0766,2009-08-01
"2009-09-30 19:00:00",64.7889,78.5036,84.9796,78.6673,72.539,59.3316,72.2041,65.2569,2009-09-01
"2009-10-31 19:00:00",64.502,78.7209,85.0722,78.7172,72.6959,59.6628,72.4284,65.3691,2009-10-01
"2009-11-30 19:00:00",64.2041,78.9124,85.3844,78.702,72.6715,60.0447,72.8718,65.7113,2009-11-01
"2009-12-31 19:00:00",65.2158,79.2893,85.8695,79.1815,73.2484,60.8264,73.1655,66.1401,2009-12-01
"2010-01-31 19:00:00",65.7235,79.2945,86.2522,79.3658,73.5393,61.1552,73.4276,66.4798,2010-01-01
"2010-02-28 19:00:00",66.7142,79.4925,86.5989,79.4655,73.8089,61.6124,73.8155,66.6347,2010-02-01
"2010-03-31 19:00:00",66.0171,79.7946,86.8311,79.5626,74.0774,61.9674,73.9067,66.9254,2010-03-01
"2010-04-30 19:00:00",65.7791,80.0115,86.8809,79.6274,74.3066,62.3558,74.1625,67.2253,2010-04-01
"2010-05-31 19:00:00",65.6305,80.312,87.0334,79.6415,74.4285,62.7668,74.4937,67.4127,2010-05-01
"2010-06-30 19:00:00",65.5655,80.4386,87.17,79.7262,74.6228,63.0532,74.792,67.6421,2010-06-01
"2010-07-31 19:00:00",65.9558,80.6304,87.4486,79.8477,74.9463,63.1373,74.8414,67.9152,2010-07-01
"2010-08-31 19:00:00",66.2296,80.8439,87.7228,80.153,75.2744,63.3708,75.1016,68.1673,2010-08-01
"2010-09-30 19:00:00",66.9437,81.0978,87.71,80.5548,75.6278,63.5707,75.3554,68.3559,2010-09-01
"2010-10-31 19:00:00",67.4097,81.3598,87.7054,80.8576,75.7858,63.8573,75.5433,68.4675,2010-10-01
"2010-11-30 19:00:00",67.636,81.5392,87.8282,80.7889,75.7407,64.1574,75.7239,68.881,2010-11-01
"2010-12-31 19:00:00",68.0519,81.6114,87.8058,80.7322,75.8943,64.4323,75.9117,69.0952,2010-12-01
"2011-01-31 19:00:00",68.4138,81.9022,87.8618,80.9084,76.0296,64.5778,76.0529,69.3533,2011-01-01
"2011-02-28 19:00:00",68.5888,82.2816,88.1006,80.989,76.1354,64.7073,76.1592,69.6339,2011-02-01
"2011-03-31 19:00:00",69.4374,82.5758,87.5526,81.161,76.2451,64.9545,76.4301,69.8619,2011-03-01
"2011-04-30 19:00:00",69.1893,82.8271,87.6746,81.3825,76.4131,65.1702,76.5478,70.0509,2011-04-01
"2011-05-31 19:00:00",69.1809,83.0071,87.8438,81.7676,76.5338,65.3917,76.6628,70.2933,2011-05-01
"2011-06-30 19:00:00",69.9565,83.2032,87.9816,81.6705,76.5624,65.7925,76.8931,70.5708,2011-06-01
"2011-07-31 19:00:00",70.0303,83.3626,88.1327,81.6332,76.495,66.1201,77.2943,70.8449,2011-07-01
"2011-08-31 19:00:00",69.8726,83.5721,88.341,81.9146,76.4987,66.4385,77.3879,71.0275,2011-08-01
"2011-09-30 19:00:00",70.3344,83.781,88.6956,82.3511,76.5735,66.769,77.6688,71.268,2011-09-01
"2011-10-31 19:00:00",70.811,84.1482,89.2675,82.557,76.7422,67.0571,77.8835,71.6334,2011-10-01
"2011-11-30 19:00:00",71.7367,84.3299,89.6447,83.056,77.1412,67.3481,78.1444,71.9692,2011-11-01
"2011-12-31 19:00:00",72.993,84.3647,89.4281,83.5101,77.5304,67.547,78.3702,72.1401,2011-12-01
"2012-01-31 19:00:00",72.9496,84.5989,89.3416,84.0062,77.6661,67.728,78.5096,72.4649,2012-01-01
"2012-02-29 19:00:00",72.724,84.8059,89.3226,84.399,77.8166,67.9023,78.7082,72.7972,2012-02-01
"2012-03-31 19:00:00",72.5597,85.0487,89.2866,84.6937,78.0518,68.037,78.7538,73.1055,2012-03-01
"2012-04-30 19:00:00",73.3866,85.2147,89.2429,84.9421,78.2972,68.3771,79.0654,73.4609,2012-04-01
"2012-05-31 19:00:00",74.7586,85.387,89.2685,85.2949,78.7117,68.6232,79.3076,73.8144,2012-05-01
"2012-06-30 19:00:00",75.7222,85.6154,89.4786,85.8125,79.1194,68.8535,79.5357,74.0586,2012-06-01
"2012-07-31 19:00:00",75.9741,85.8695,89.742,86.1114,79.5584,69.1731,79.7421,74.4124,2012-07-01
"2012-08-31 19:00:00",76.8785,85.9731,89.364,86.2844,79.5889,69.4969,80.0303,74.7566,2012-08-01
"2012-09-30 19:00:00",77.1782,86.1838,89.2283,86.1219,80.1689,69.8632,80.2689,75.2219,2012-09-01
"2012-10-31 19:00:00",77.0659,86.3144,89.0998,86.5241,80.6191,70.2527,80.5438,75.4214,2012-10-01
"2012-11-30 19:00:00",76.9226,86.4447,89.0114,86.8356,80.9716,70.4053,80.6412,75.6431,2012-11-01
"2012-12-31 19:00:00",76.8565,86.5867,89.3473,86.6395,81.1458,70.59,80.929,75.9295,2012-12-01
"2013-01-31 19:00:00",77.082,86.6583,90.041,86.3727,81.2536,71.0211,81.2301,76.0792,2013-01-01
"2013-02-28 19:00:00",78.488,86.7953,90.2154,86.2192,81.5702,71.489,81.4825,76.2211,2013-02-01
"2013-03-31 19:00:00",79.0963,86.7904,90.6878,86.193,81.6469,72.2527,81.7242,76.3547,2013-03-01
"2013-04-30 19:00:00",79.3965,86.9372,91.1077,86.3381,81.8249,72.5313,82.0443,76.7317,2013-04-01
"2013-05-31 19:00:00",78.9771,86.8382,91.274,86.6684,81.9674,73.0497,82.3008,77.0045,2013-05-01
"2013-06-30 19:00:00",78.5836,86.899,91.3033,86.4947,82.2295,73.332,82.437,77.2708,2013-06-01
"2013-07-31 19:00:00",79.025,87.0485,91.4497,86.5789,82.2731,73.7327,82.7329,77.4013,2013-07-01
"2013-08-31 19:00:00",79.1138,87.3158,91.6324,86.8463,82.5712,74.1178,82.8793,77.6541,2013-08-01
"2013-09-30 19:00:00",79.201,87.452,91.9109,86.8185,82.5831,74.4264,83.0794,77.8828,2013-09-01
"2013-10-31 19:00:00",79.929,87.5954,92.0835,87.1485,82.3467,74.7724,83.3073,78.1894,2013-10-01
"2013-11-30 19:00:00",80.0874,87.7829,92.3854,87.4422,82.8296,75.5538,83.602,78.3121,2013-11-01
"2013-12-31 19:00:00",80.8662,87.9402,92.6658,87.7067,83.4228,76.4466,84.0308,79.2991,2013-12-01
"2014-01-31 19:00:00",81.0274,88.22,92.8653,87.6425,82.8711,76.7332,84.3123,79.8387,2014-01-01
"2014-02-28 19:00:00",81.2004,88.1639,93.0102,87.8168,83.2495,76.9662,84.307,80.1839,2014-02-01
"2014-03-31 19:00:00",81.1201,88.3472,92.912,87.9649,83.4934,77.3925,84.9819,80.6876,2014-03-01
"2014-04-30 19:00:00",81.9685,88.5485,93.0147,88.1531,83.7284,77.6902,84.9966,81.0448,2014-04-01
"2014-05-31 19:00:00",82.4388,88.7436,93.2086,87.999,84.0428,77.8722,85.206,81.4085,2014-05-01
"2014-06-30 19:00:00",82.846,88.8865,93.4057,88.2458,84.1745,78.1459,85.4537,81.7943,2014-06-01
"2014-07-31 19:00:00",83.4588,89.2203,93.541,88.696,84.3587,78.3061,85.6735,82.1124,2014-07-01
"2014-08-31 19:00:00",83.9228,89.4048,93.6857,88.6239,84.5787,78.5937,85.9852,82.466,2014-08-01
"2014-09-30 19:00:00",84.311,89.5249,93.8008,88.5514,84.8054,78.949,86.2851,82.9378,2014-09-01
"2014-10-31 19:00:00",84.6981,89.6871,94.0565,88.6077,85.1269,78.9588,86.5569,83.3567,2014-10-01
"2014-11-30 19:00:00",85.335,89.8037,94.1844,88.8613,85.2742,78.8861,86.8374,83.6557,2014-11-01
"2014-12-31 19:00:00",85.0983,89.7417,93.3717,89.0532,85.2871,78.7934,87.0644,83.93,2014-12-01
"2015-01-31 19:00:00",85.1687,90.0528,93.4637,89.3226,85.7105,78.7754,87.2923,84.1603,2015-01-01
"2015-02-28 19:00:00",85.243,90.2016,93.4554,89.4217,85.9564,79.6465,87.6066,84.4222,2015-02-01
"2015-03-31 19:00:00",85.5864,90.5492,93.5927,89.7675,86.1116,79.6431,87.7852,84.6532,2015-03-01
"2015-04-30 19:00:00",85.4826,90.9269,93.6474,89.816,86.2949,80.1888,88.0685,84.8821,2015-04-01
"2015-05-31 19:00:00",85.9117,91.2238,93.7617,89.9379,86.4371,80.5246,88.3254,85.1791,2015-05-01
"2015-06-30 19:00:00",86.0949,91.3335,93.8891,90.2319,86.6305,80.6343,88.6309,85.5319,2015-06-01
"2015-07-31 19:00:00",86.0218,91.3243,94.1018,90.4464,87.0148,80.7811,88.8925,85.9911,2015-07-01
"2015-08-31 19:00:00",86.2888,91.5101,94.3023,90.7245,87.4408,80.9387,89.1314,86.4302,2015-08-01
"2015-09-30 19:00:00",86.7964,91.8594,94.2987,91.1979,87.7301,80.9532,89.353,86.8318,2015-09-01
"2015-10-31 19:00:00",86.8857,92.3272,94.0328,91.534,87.9193,80.8751,89.5576,87.1653,2015-10-01
"2015-11-30 19:00:00",87.3126,92.4303,94.0179,91.5049,88.1753,80.7552,89.9222,87.4412,2015-11-01
"2015-12-31 19:00:00",88.1666,92.4146,94.02,91.7187,88.5532,80.2669,90.1826,87.6296,2015-12-01
"2016-01-31 19:00:00",89.3798,92.7791,94.0408,92.3831,88.7137,79.8594,90.3911,87.9605,2016-01-01
"2016-02-29 19:00:00",89.0226,93.2848,94.1146,92.1097,88.8607,79.8253,90.7718,88.3357,2016-02-01
"2016-03-31 19:00:00",88.8808,93.4933,94.4062,92.1913,89.3433,79.9913,91.1407,88.734,2016-03-01
"2016-04-30 19:00:00",89.144,93.5865,94.451,92.3214,89.6546,80.0966,91.4416,89.1684,2016-04-01
"2016-05-31 19:00:00",89.2231,94.0182,94.4707,92.3843,89.9133,80.6629,91.7986,89.4833,2016-05-01
"2016-06-30 19:00:00",89.0191,94.2482,94.6329,92.4186,90.3435,81.7647,92.1372,89.818,2016-06-01
"2016-07-31 19:00:00",88.9088,94.6073,94.5484,92.693,90.7701,82.6193,92.3789,90.2156,2016-07-01
"2016-08-31 19:00:00",90.1941,94.8657,94.4097,92.9265,91.1145,83.2113,92.8646,90.542,2016-08-01
"2016-09-30 19:00:00",90.7931,95.1193,94.5009,93.2533,91.3989,83.6488,92.9959,90.8566,2016-09-01
"2016-10-31 19:00:00",90.9722,95.1267,94.8271,93.3934,91.6507,83.9408,93.3925,91.2367,2016-10-01
"2016-11-30 19:00:00",91.1146,95.4392,94.9814,93.5357,91.8605,84.1435,93.708,91.7221,2016-11-01
"2016-12-31 19:00:00",91.2218,95.7127,96.2753,94.3104,92.4246,90.1006,94.157,92.3237,2016-12-01
"2017-01-31 19:00:00",92.0133,96.3756,96.6512,94.9142,93.2524,89.9764,94.5434,92.8109,2017-01-01
"2017-02-28 19:00:00",93.0338,96.9536,97.0648,95.645,93.9756,89.8454,94.9526,93.2734,2017-02-01
"2017-03-31 19:00:00",94.1693,97.3179,96.8732,95.9503,94.3496,90.6189,95.5514,93.7443,2017-03-01
"2017-04-30 19:00:00",95.0912,97.8786,97.087,96.9235,94.7511,91.2782,95.5122,94.3245,2017-04-01
"2017-05-31 19:00:00",95.8321,97.9571,97.2652,97.2006,95.1866,91.2848,95.7926,94.8123,2017-05-01
"2017-06-30 19:00:00",96.8772,98.1682,97.3756,97.3571,95.4828,91.1178,96.2328,95.2396,2017-06-01
"2017-07-31 19:00:00",97.6019,98.6696,97.7851,97.369,95.7813,91.2565,96.5282,95.6027,2017-07-01
"2017-08-31 19:00:00",97.6602,99.0163,98.0966,97.4239,95.9844,91.6432,97.0478,96.0067,2017-08-01
"2017-09-30 19:00:00",97.4613,99.3133,98.7803,97.409,96.2604,92.5995,97.3748,96.2974,2017-09-01
"2017-10-31 19:00:00",97.8461,99.3642,99.5883,98.1496,97.0928,93.1109,97.7869,96.6446,2017-10-01
"2017-11-30 19:00:00",98.4165,99.2927,99.7815,98.2823,97.4766,93.714,97.992,97.0133,2017-11-01
"2017-12-31 19:00:00",98.6742,99.802,100.2664,98.6261,97.7856,94.6401,98.2841,97.449,2017-12-01
"2018-01-31 19:00:00",98.8354,99.9877,100.004,98.9653,98.0689,96.0449,98.7027,97.8787,2018-01-01
"2018-02-28 19:00:00",98.957,100.0659,99.9292,99.3026,98.4016,96.7501,99.1767,98.2299,2018-02-01
"2018-03-31 19:00:00",98.9415,100.3155,99.8348,99.5762,98.8493,97.5392,99.1627,98.5822,2018-03-01
"2018-04-30 19:00:00",98.88,100.524,100.5513,99.7554,99.3936,98.5304,99.5508,98.8451,2018-04-01
"2018-05-31 19:00:00",99.2015,100.6166,101.2949,99.7157,99.5958,99.1908,99.9528,99.2608,2018-05-01
"2018-06-30 19:00:00",100.0059,100.8698,101.691,100.0244,99.8917,99.8864,100.206,99.7637,2018-06-01
"2018-07-31 19:00:00",100.7059,100.7023,101.9775,100.3014,100.1999,100.7813,100.5237,100.295,2018-07-01
"2018-08-31 19:00:00",100.9641,100.8317,102.5656,100.5208,100.5394,101.6197,100.7217,100.6236,2018-08-01
"2018-09-30 19:00:00",101.3309,100.8836,102.5327,100.6734,101.0644,102.3526,101.0736,101.2707,2018-09-01
"2018-10-31 19:00:00",102.4098,101.2714,102.3013,101.0795,101.4375,102.7191,101.31,101.6799,2018-10-01
"2018-11-30 19:00:00",103.846,101.3751,102.3629,101.0902,101.7663,102.484,101.7311,102.2035,2018-11-01
"2018-12-31 19:00:00",103.9523,101.5357,102.3869,100.7684,102.119,101.7865,101.9954,102.5342,2018-12-01
"2019-01-31 19:00:00",103.2961,101.7287,102.5231,100.7167,102.5525,102.0779,102.2792,103.0795,2019-01-01
"2019-02-28 19:00:00",103.2391,102.006,102.8624,100.7494,102.8833,103.3432,102.6263,103.5343,2019-02-01
"2019-03-31 19:00:00",103.6955,102.3434,102.9806,100.9024,103.167,104.1952,103.4399,104.1144,2019-03-01
"2019-04-30 19:00:00",104.1035,102.7756,103.2668,100.7859,103.6542,104.3308,103.2781,104.5998,2019-04-01
"2019-05-31 19:00:00",104.5442,102.8902,102.9085,100.7528,103.9944,104.1325,103.5383,104.9813,2019-05-01
"2019-06-30 19:00:00",105.2697,103.0439,102.9559,100.8567,104.3692,104.3091,103.8093,105.4031,2019-06-01
"2019-07-31 19:00:00",104.6495,103.2613,103.05,100.8895,104.7727,103.9085,104.1045,105.7803,2019-07-01
"2019-08-31 19:00:00",105.0049,103.3242,103.2821,100.9571,105.1304,104.2606,104.2057,106.2126,2019-08-01
"2019-09-30 19:00:00",105.7692,103.5269,103.5601,100.8739,105.3944,104.4184,104.5292,106.7592,2019-09-01
"2019-10-31 19:00:00",106.224,104.1043,104.0242,101.1525,105.6653,105.1444,104.7993,107.3307,2019-10-01
"2019-11-30 19:00:00",106.938,104.146,104.374,101.0432,105.9856,105.394,105.1078,107.972,2019-11-01
"2019-12-31 19:00:00",108.0233,104.1999,104.3002,101.0666,106.3288,105.6286,105.1456,108.2196,2019-12-01
"2020-01-31 19:00:00",109.4814,104.2335,104.3772,101.2433,106.6113,105.1953,105.3811,108.5694,2020-01-01
"2020-02-29 19:00:00",110.2691,104.3306,104.4354,101.381,107.1163,101.865,105.3688,109.0181,2020-02-01
"2020-03-31 19:00:00",110.6821,103.4523,104.7536,101.5776,107.5217,95.4811,105.2443,109.1937,2020-03-01
"2020-04-30 19:00:00",112.0464,101.1704,105.1289,102.1114,107.9611,98.9016,105.5807,109.4271,2020-04-01
"2020-05-31 19:00:00",111.7179,102.1891,105.474,103.4125,108.4161,101.7912,105.8749,109.6997,2020-05-01
"2020-06-30 19:00:00",111.9445,103.6049,105.8909,104.3731,108.9742,103.9521,105.7233,110.2102,2020-06-01
"2020-07-31 19:00:00",112.3326,103.6489,106.2655,104.8244,109.4812,103.9218,105.9491,110.6367,2020-07-01
"2020-08-31 19:00:00",112.6785,104.0559,106.4581,105.2988,109.771,104.2064,106.0671,111.1099,2020-08-01
"2020-09-30 19:00:00",114.0205,104.2407,106.7549,105.7555,110.0133,104.2735,106.1365,111.452,2020-09-01
"2020-10-31 19:00:00",113.6337,102.7645,107.1635,105.0011,110.2676,103.1802,106.1673,111.9419,2020-10-01
"2020-11-30 19:00:00",113.2777,104.8615,107.6686,106.2964,110.7702,103.4661,106.3391,112.3998,2020-11-01
"2020-12-31 19:00:00",113.5988,104.8673,108.5211,106.969,111.1814,106.0287,106.64,112.6223,2020-12-01
"2021-01-31 19:00:00",114.2593,105.2453,109.0715,107.3201,111.5856,108.0298,106.6351,112.9701,2021-01-01
"2021-02-28 19:00:00",115.2128,106.0975,109.5594,108.0466,111.8033,109.3547,107.1032,113.6555,2021-02-01
"2021-03-31 19:00:00",116.5457,106.4385,110.0298,108.5001,111.9535,110.4029,107.4682,114.3906,2021-03-01
"2021-04-30 19:00:00",117.8938,107.155,110.1966,109.1222,112.4915,111.2526,108.0516,115.1461,2021-04-01
"2021-05-31 19:00:00",118.6533,107.6724,110.7884,109.8621,112.9011,111.3565,108.5313,116.136,2021-05-01
"2021-06-30 19:00:00",119.3977,108.0669,111.8171,110.2325,113.3767,111.2999,108.8498,117.0152,2021-06-01
"2021-07-31 19:00:00",120.5311,108.467,110.0979,110.9024,113.8886,111.2126,109.0545,117.5477,2021-07-01
"2021-08-31 19:00:00",121.653,108.8169,111.0915,111.5727,114.3683,111.5802,109.2804,118.239,2021-08-01
"2021-09-30 19:00:00",122.8512,109.2607,112.2309,112.6121,115.0216,112.0272,109.6901,118.9339,2021-09-01
"2021-10-31 19:00:00",124.9162,109.1923,112.6415,113.0113,115.7616,113.0036,110.2598,119.6941,2021-10-01
"2021-11-30 19:00:00",125.444,110.3408,111.6078,114.1688,116.4792,113.9228,110.7352,120.7424,2021-11-01
"2021-12-31 19:00:00",126.1212,110.8087,111.4694,114.7688,117.2696,114.2204,111.052,121.9974,2021-12-01
"2022-01-31 19:00:00",127.5738,111.2686,112.1995,115.5094,118.0846,114.944,111.4153,122.994,2022-01-01
"2022-02-28 19:00:00",129.1972,111.8318,113.1611,116.1501,118.7506,116.1956,111.4248,123.9822,2022-02-01
"2022-03-31 19:00:00",130.6293,112.509,113.5296,116.6808,119.6912,117.6238,112.1981,124.9478,2022-03-01
"2022-04-30 19:00:00",131.9223,113.0487,113.9616,117.0634,120.5437,118.307,112.5463,126.2178,2022-04-01
"2022-05-31 19:00:00",133.9765,113.7866,114.3078,117.6337,121.4501,118.9251,112.9981,127.4088,2022-05-01
"2022-06-30 19:00:00",135.4127,114.0223,114.7446,118.056,122.2799,119.4888,113.4103,128.6,2022-06-01
"2022-07-31 19:00:00",136.8789,114.5289,114.7136,118.8829,123.0921,119.8067,113.8384,129.9367,2022-07-01
"2022-08-31 19:00:00",138.5176,115.0759,114.6171,119.5303,124.2131,120.2122,114.3039,131.2552,2022-08-01
"2022-09-30 19:00:00",140.099,115.766,113.8127,120.0763,125.1976,120.9929,114.7295,132.6663,2022-09-01
"2022-10-31 19:00:00",140.3228,116.4727,113.8576,120.3984,126.1705,121.7594,115.287,133.8066,2022-10-01
"2022-11-30 19:00:00",141.1468,116.8326,113.7442,120.8134,127.0775,121.6348,115.5138,134.7733,2022-11-01
"2022-12-31 19:00:00",142.0909,117.5677,113.6935,121.6953,127.8031,121.9316,116.0187,135.8814,2022-12-01
"2023-01-31 19:00:00",143.0905,117.8794,114.0212,121.8837,128.5382,122.1103,116.609,136.8536,2023-01-01
"2023-02-28 19:00:00",143.364,118.1911,113.5036,121.7359,129.4687,122.5236,117.135,137.7695,2023-02-01
"2023-03-31 19:00:00",143.784,118.6778,113.3661,121.903,130.1218,123.1081,117.5525,138.6259,2023-03-01
"2023-04-30 19:00:00",144.1148,119.1653,113.323,121.7836,130.8524,123.4376,117.8626,139.4462,2023-04-01
"2023-05-31 19:00:00",144.5382,119.3635,113.006,121.518,131.5185,123.6172,118.1249,140.1291,2023-05-01
"2023-06-30 19:00:00",145.5294,119.9282,112.8766,121.8627,132.2009,124.0807,118.5235,140.8855,2023-06-01
"2023-07-31 19:00:00",146.2368,119.8935,113.6254,121.5028,132.8841,124.6641,119.1771,141.6532,2023-07-01
"2023-08-31 19:00:00",146.8326,120.148,114.2074,121.6137,133.43,125.3366,119.9616,142.3702,2023-08-01
"2023-09-30 19:00:00",147.2601,120.2981,114.9723,121.6768,133.9473,125.8805,120.3178,143.0539,2023-09-01
"2023-10-31 19:00:00",148.0182,120.9163,115.4319,121.6056,134.4155,126.4498,120.4907,143.9814,2023-10-01
"2023-11-30 19:00:00",149.655,120.7645,115.9969,121.4231,134.9061,127.0259,120.8394,144.9791,2023-11-01
"2023-12-31 19:00:00",151.9877,121.3398,116.2923,121.3208,135.738,126.4557,121.5068,145.7011,2023-12-01
"2024-01-31 19:00:00",150.3845,121.7351,117.1776,121.5314,136.1556,127.3112,122.0317,146.6555,2024-01-01
"2024-02-29 19:00:00",150.5165,121.7834,117.0399,121.2209,136.7591,127.9623,122.3566,147.7325,2024-02-01
"2024-03-31 19:00:00",151.9036,121.9518,117.5247,121.2178,137.3469,128.4143,122.6737,148.6303,2024-03-01
"2024-04-30 19:00:00",152.5309,121.9591,117.3711,120.9808,137.752,128.9252,122.9847,149.173,2024-04-01
"2024-05-31 19:00:00",153.588,122.5866,117.9386,120.9044,138.2811,129.2397,123.0297,149.6961,2024-05-01
"2024-06-30 19:00:00",156.0854,122.8583,118.9809,121.0886,138.7189,130.175,123.5979,150.6155,2024-06-01
"2024-07-31 19:00:00",154.7788,122.836,119.1844,121.0278,138.7204,130.7026,124.0945,151.4995,2024-07-01
"2024-08-31 19:00:00",153.7699,123.027,119.4863,121.2163,139.1783,131.2073,124.4909,152.3822,2024-08-01
"2024-09-30 19:00:00",156.2357,122.7289,119.0765,121.1613,139.7743,131.4641,124.5805,153.3461,2024-09-01
