,CPI,CPI_CORE,CPI_CORE_M,CPI_CORE_PF,CPI_CORE_OM,CPI_CORE_S,CPI_CORE_SE,CPI_CORE_SH,CPI_CORE_SO,CPI_NCORE,CPI_NCORE_AG,CPI_NCORE_FV,CPI_NCORE_ME,CPI_NCORE_ER,CPI_NCORE_E,CPI_NCORE_R,Date
1/30/1969 19:00,0.0115,NA,NA,NA,NA,NA,NA,NA,NA,NA,NA,NA,NA,NA,NA,NA,1/1/1969
2/27/1969 19:00,0.0116,NA,NA,NA,NA,NA,NA,NA,NA,NA,NA,NA,NA,NA,NA,NA,2/1/1969
3/30/1969 19:00,0.0116,NA,NA,NA,NA,NA,NA,NA,NA,NA,NA,NA,NA,NA,NA,NA,3/1/1969
4/29/1969 19:00,0.0117,NA,NA,NA,NA,NA,NA,NA,NA,NA,NA,NA,NA,NA,NA,NA,4/1/1969
5/30/1969 19:00,0.0117,NA,NA,NA,NA,NA,NA,NA,NA,NA,NA,NA,NA,NA,NA,NA,5/1/1969
6/29/1969 19:00,0.0117,NA,NA,NA,NA,NA,NA,NA,NA,NA,NA,NA,NA,NA,NA,NA,6/1/1969
7/30/1969 19:00,0.0118,NA,NA,NA,NA,NA,NA,NA,NA,NA,NA,NA,NA,NA,NA,NA,7/1/1969
8/30/1969 19:00,0.0118,NA,NA,NA,NA,NA,NA,NA,NA,NA,NA,NA,NA,NA,NA,NA,8/1/1969
9/29/1969 19:00,0.0119,NA,NA,NA,NA,NA,NA,NA,NA,NA,NA,NA,NA,NA,NA,NA,9/1/1969
10/30/1969 19:00,0.012,NA,NA,NA,NA,NA,NA,NA,NA,NA,NA,NA,NA,NA,NA,NA,10/1/1969
11/29/1969 19:00,0.012,NA,NA,NA,NA,NA,NA,NA,NA,NA,NA,NA,NA,NA,NA,NA,11/1/1969
12/30/1969 19:00,0.0121,NA,NA,NA,NA,NA,NA,NA,NA,NA,NA,NA,NA,NA,NA,NA,12/1/1969
1/30/1970 19:00,0.0121,NA,NA,NA,NA,NA,NA,NA,NA,NA,NA,NA,NA,NA,NA,NA,1/1/1970
2/27/1970 19:00,0.0122,NA,NA,NA,NA,NA,NA,NA,NA,NA,NA,NA,NA,NA,NA,NA,2/1/1970
3/30/1970 19:00,0.0122,NA,NA,NA,NA,NA,NA,NA,NA,NA,NA,NA,NA,NA,NA,NA,3/1/1970
4/29/1970 19:00,0.0122,NA,NA,NA,NA,NA,NA,NA,NA,NA,NA,NA,NA,NA,NA,NA,4/1/1970
5/30/1970 19:00,0.0123,NA,NA,NA,NA,NA,NA,NA,NA,NA,NA,NA,NA,NA,NA,NA,5/1/1970
6/29/1970 19:00,0.0123,NA,NA,NA,NA,NA,NA,NA,NA,NA,NA,NA,NA,NA,NA,NA,6/1/1970
7/30/1970 19:00,0.0124,NA,NA,NA,NA,NA,NA,NA,NA,NA,NA,NA,NA,NA,NA,NA,7/1/1970
8/30/1970 19:00,0.0125,NA,NA,NA,NA,NA,NA,NA,NA,NA,NA,NA,NA,NA,NA,NA,8/1/1970
9/29/1970 19:00,0.0125,NA,NA,NA,NA,NA,NA,NA,NA,NA,NA,NA,NA,NA,NA,NA,9/1/1970
10/30/1970 19:00,0.0125,NA,NA,NA,NA,NA,NA,NA,NA,NA,NA,NA,NA,NA,NA,NA,10/1/1970
11/29/1970 19:00,0.0126,NA,NA,NA,NA,NA,NA,NA,NA,NA,NA,NA,NA,NA,NA,NA,11/1/1970
12/30/1970 19:00,0.0127,NA,NA,NA,NA,NA,NA,NA,NA,NA,NA,NA,NA,NA,NA,NA,12/1/1970
1/30/1971 19:00,0.0127,NA,NA,NA,NA,NA,NA,NA,NA,NA,NA,NA,NA,NA,NA,NA,1/1/1971
2/27/1971 19:00,0.0128,NA,NA,NA,NA,NA,NA,NA,NA,NA,NA,NA,NA,NA,NA,NA,2/1/1971
3/30/1971 19:00,0.0129,NA,NA,NA,NA,NA,NA,NA,NA,NA,NA,NA,NA,NA,NA,NA,3/1/1971
4/29/1971 19:00,0.013,NA,NA,NA,NA,NA,NA,NA,NA,NA,NA,NA,NA,NA,NA,NA,4/1/1971
5/30/1971 19:00,0.013,NA,NA,NA,NA,NA,NA,NA,NA,NA,NA,NA,NA,NA,NA,NA,5/1/1971
6/29/1971 19:00,0.0131,NA,NA,NA,NA,NA,NA,NA,NA,NA,NA,NA,NA,NA,NA,NA,6/1/1971
7/30/1971 19:00,0.013,NA,NA,NA,NA,NA,NA,NA,NA,NA,NA,NA,NA,NA,NA,NA,7/1/1971
8/30/1971 19:00,0.0132,NA,NA,NA,NA,NA,NA,NA,NA,NA,NA,NA,NA,NA,NA,NA,8/1/1971
9/29/1971 19:00,0.0132,NA,NA,NA,NA,NA,NA,NA,NA,NA,NA,NA,NA,NA,NA,NA,9/1/1971
10/30/1971 19:00,0.0133,NA,NA,NA,NA,NA,NA,NA,NA,NA,NA,NA,NA,NA,NA,NA,10/1/1971
11/29/1971 19:00,0.0132,NA,NA,NA,NA,NA,NA,NA,NA,NA,NA,NA,NA,NA,NA,NA,11/1/1971
12/30/1971 19:00,0.0133,NA,NA,NA,NA,NA,NA,NA,NA,NA,NA,NA,NA,NA,NA,NA,12/1/1971
1/30/1972 19:00,0.0133,NA,NA,NA,NA,NA,NA,NA,NA,NA,NA,NA,NA,NA,NA,NA,1/1/1972
2/28/1972 19:00,0.0133,NA,NA,NA,NA,NA,NA,NA,NA,NA,NA,NA,NA,NA,NA,NA,2/1/1972
3/30/1972 19:00,0.0135,NA,NA,NA,NA,NA,NA,NA,NA,NA,NA,NA,NA,NA,NA,NA,3/1/1972
4/29/1972 19:00,0.0136,NA,NA,NA,NA,NA,NA,NA,NA,NA,NA,NA,NA,NA,NA,NA,4/1/1972
5/30/1972 19:00,0.0136,NA,NA,NA,NA,NA,NA,NA,NA,NA,NA,NA,NA,NA,NA,NA,5/1/1972
6/29/1972 19:00,0.0137,NA,NA,NA,NA,NA,NA,NA,NA,NA,NA,NA,NA,NA,NA,NA,6/1/1972
7/30/1972 19:00,0.0137,NA,NA,NA,NA,NA,NA,NA,NA,NA,NA,NA,NA,NA,NA,NA,7/1/1972
8/30/1972 19:00,0.0138,NA,NA,NA,NA,NA,NA,NA,NA,NA,NA,NA,NA,NA,NA,NA,8/1/1972
9/29/1972 19:00,0.0139,NA,NA,NA,NA,NA,NA,NA,NA,NA,NA,NA,NA,NA,NA,NA,9/1/1972
10/30/1972 19:00,0.014,NA,NA,NA,NA,NA,NA,NA,NA,NA,NA,NA,NA,NA,NA,NA,10/1/1972
11/29/1972 19:00,0.014,NA,NA,NA,NA,NA,NA,NA,NA,NA,NA,NA,NA,NA,NA,NA,11/1/1972
12/30/1972 19:00,0.014,NA,NA,NA,NA,NA,NA,NA,NA,NA,NA,NA,NA,NA,NA,NA,12/1/1972
1/30/1973 19:00,0.0141,NA,NA,NA,NA,NA,NA,NA,NA,NA,NA,NA,NA,NA,NA,NA,1/1/1973
2/27/1973 19:00,0.0143,NA,NA,NA,NA,NA,NA,NA,NA,NA,NA,NA,NA,NA,NA,NA,2/1/1973
3/30/1973 19:00,0.0145,NA,NA,NA,NA,NA,NA,NA,NA,NA,NA,NA,NA,NA,NA,NA,3/1/1973
4/29/1973 19:00,0.0147,NA,NA,NA,NA,NA,NA,NA,NA,NA,NA,NA,NA,NA,NA,NA,4/1/1973
5/30/1973 19:00,0.0149,NA,NA,NA,NA,NA,NA,NA,NA,NA,NA,NA,NA,NA,NA,NA,5/1/1973
6/29/1973 19:00,0.015,NA,NA,NA,NA,NA,NA,NA,NA,NA,NA,NA,NA,NA,NA,NA,6/1/1973
7/30/1973 19:00,0.0154,NA,NA,NA,NA,NA,NA,NA,NA,NA,NA,NA,NA,NA,NA,NA,7/1/1973
8/30/1973 19:00,0.0157,NA,NA,NA,NA,NA,NA,NA,NA,NA,NA,NA,NA,NA,NA,NA,8/1/1973
9/29/1973 19:00,0.016,NA,NA,NA,NA,NA,NA,NA,NA,NA,NA,NA,NA,NA,NA,NA,9/1/1973
10/30/1973 19:00,0.0163,NA,NA,NA,NA,NA,NA,NA,NA,NA,NA,NA,NA,NA,NA,NA,10/1/1973
11/29/1973 19:00,0.0164,NA,NA,NA,NA,NA,NA,NA,NA,NA,NA,NA,NA,NA,NA,NA,11/1/1973
12/30/1973 19:00,0.017,NA,NA,NA,NA,NA,NA,NA,NA,NA,NA,NA,NA,NA,NA,NA,12/1/1973
1/30/1974 19:00,0.0176,NA,NA,NA,NA,NA,NA,NA,NA,NA,NA,NA,NA,NA,NA,NA,1/1/1974
2/27/1974 19:00,0.0179,NA,NA,NA,NA,NA,NA,NA,NA,NA,NA,NA,NA,NA,NA,NA,2/1/1974
3/30/1974 19:00,0.0181,NA,NA,NA,NA,NA,NA,NA,NA,NA,NA,NA,NA,NA,NA,NA,3/1/1974
4/29/1974 19:00,0.0183,NA,NA,NA,NA,NA,NA,NA,NA,NA,NA,NA,NA,NA,NA,NA,4/1/1974
5/30/1974 19:00,0.0186,NA,NA,NA,NA,NA,NA,NA,NA,NA,NA,NA,NA,NA,NA,NA,5/1/1974
6/29/1974 19:00,0.0189,NA,NA,NA,NA,NA,NA,NA,NA,NA,NA,NA,NA,NA,NA,NA,6/1/1974
7/30/1974 19:00,0.0191,NA,NA,NA,NA,NA,NA,NA,NA,NA,NA,NA,NA,NA,NA,NA,7/1/1974
8/30/1974 19:00,0.0193,NA,NA,NA,NA,NA,NA,NA,NA,NA,NA,NA,NA,NA,NA,NA,8/1/1974
9/29/1974 19:00,0.0196,NA,NA,NA,NA,NA,NA,NA,NA,NA,NA,NA,NA,NA,NA,NA,9/1/1974
10/30/1974 19:00,0.0199,NA,NA,NA,NA,NA,NA,NA,NA,NA,NA,NA,NA,NA,NA,NA,10/1/1974
11/29/1974 19:00,0.0205,NA,NA,NA,NA,NA,NA,NA,NA,NA,NA,NA,NA,NA,NA,NA,11/1/1974
12/30/1974 19:00,0.0206,NA,NA,NA,NA,NA,NA,NA,NA,NA,NA,NA,NA,NA,NA,NA,12/1/1974
1/30/1975 19:00,0.0206,NA,NA,NA,NA,NA,NA,NA,NA,NA,NA,NA,NA,NA,NA,NA,1/1/1975
2/27/1975 19:00,0.0207,NA,NA,NA,NA,NA,NA,NA,NA,NA,NA,NA,NA,NA,NA,NA,2/1/1975
3/30/1975 19:00,0.0209,NA,NA,NA,NA,NA,NA,NA,NA,NA,NA,NA,NA,NA,NA,NA,3/1/1975
4/29/1975 19:00,0.0211,NA,NA,NA,NA,NA,NA,NA,NA,NA,NA,NA,NA,NA,NA,NA,4/1/1975
5/30/1975 19:00,0.0215,NA,NA,NA,NA,NA,NA,NA,NA,NA,NA,NA,NA,NA,NA,NA,5/1/1975
6/29/1975 19:00,0.022,NA,NA,NA,NA,NA,NA,NA,NA,NA,NA,NA,NA,NA,NA,NA,6/1/1975
7/30/1975 19:00,0.0222,NA,NA,NA,NA,NA,NA,NA,NA,NA,NA,NA,NA,NA,NA,NA,7/1/1975
8/30/1975 19:00,0.0225,NA,NA,NA,NA,NA,NA,NA,NA,NA,NA,NA,NA,NA,NA,NA,8/1/1975
9/29/1975 19:00,0.0225,NA,NA,NA,NA,NA,NA,NA,NA,NA,NA,NA,NA,NA,NA,NA,9/1/1975
10/30/1975 19:00,0.0226,NA,NA,NA,NA,NA,NA,NA,NA,NA,NA,NA,NA,NA,NA,NA,10/1/1975
11/29/1975 19:00,0.0228,NA,NA,NA,NA,NA,NA,NA,NA,NA,NA,NA,NA,NA,NA,NA,11/1/1975
12/30/1975 19:00,0.0229,NA,NA,NA,NA,NA,NA,NA,NA,NA,NA,NA,NA,NA,NA,NA,12/1/1975
1/30/1976 19:00,0.0231,NA,NA,NA,NA,NA,NA,NA,NA,NA,NA,NA,NA,NA,NA,NA,1/1/1976
2/28/1976 19:00,0.0235,NA,NA,NA,NA,NA,NA,NA,NA,NA,NA,NA,NA,NA,NA,NA,2/1/1976
3/30/1976 19:00,0.0238,NA,NA,NA,NA,NA,NA,NA,NA,NA,NA,NA,NA,NA,NA,NA,3/1/1976
4/29/1976 19:00,0.0241,NA,NA,NA,NA,NA,NA,NA,NA,NA,NA,NA,NA,NA,NA,NA,4/1/1976
5/30/1976 19:00,0.0243,NA,NA,NA,NA,NA,NA,NA,NA,NA,NA,NA,NA,NA,NA,NA,5/1/1976
6/29/1976 19:00,0.0245,NA,NA,NA,NA,NA,NA,NA,NA,NA,NA,NA,NA,NA,NA,NA,6/1/1976
7/30/1976 19:00,0.0247,NA,NA,NA,NA,NA,NA,NA,NA,NA,NA,NA,NA,NA,NA,NA,7/1/1976
8/30/1976 19:00,0.0251,NA,NA,NA,NA,NA,NA,NA,NA,NA,NA,NA,NA,NA,NA,NA,8/1/1976
9/29/1976 19:00,0.0258,NA,NA,NA,NA,NA,NA,NA,NA,NA,NA,NA,NA,NA,NA,NA,9/1/1976
10/30/1976 19:00,0.0273,NA,NA,NA,NA,NA,NA,NA,NA,NA,NA,NA,NA,NA,NA,NA,10/1/1976
11/29/1976 19:00,0.0285,NA,NA,NA,NA,NA,NA,NA,NA,NA,NA,NA,NA,NA,NA,NA,11/1/1976
12/30/1976 19:00,0.0291,NA,NA,NA,NA,NA,NA,NA,NA,NA,NA,NA,NA,NA,NA,NA,12/1/1976
1/30/1977 19:00,0.0297,NA,NA,NA,NA,NA,NA,NA,NA,NA,NA,NA,NA,NA,NA,NA,1/1/1977
2/27/1977 19:00,0.0304,NA,NA,NA,NA,NA,NA,NA,NA,NA,NA,NA,NA,NA,NA,NA,2/1/1977
3/30/1977 19:00,0.031,NA,NA,NA,NA,NA,NA,NA,NA,NA,NA,NA,NA,NA,NA,NA,3/1/1977
4/29/1977 19:00,0.0316,NA,NA,NA,NA,NA,NA,NA,NA,NA,NA,NA,NA,NA,NA,NA,4/1/1977
5/30/1977 19:00,0.032,NA,NA,NA,NA,NA,NA,NA,NA,NA,NA,NA,NA,NA,NA,NA,5/1/1977
6/29/1977 19:00,0.0325,NA,NA,NA,NA,NA,NA,NA,NA,NA,NA,NA,NA,NA,NA,NA,6/1/1977
7/30/1977 19:00,0.0329,NA,NA,NA,NA,NA,NA,NA,NA,NA,NA,NA,NA,NA,NA,NA,7/1/1977
8/30/1977 19:00,0.0336,NA,NA,NA,NA,NA,NA,NA,NA,NA,NA,NA,NA,NA,NA,NA,8/1/1977
9/29/1977 19:00,0.0342,NA,NA,NA,NA,NA,NA,NA,NA,NA,NA,NA,NA,NA,NA,NA,9/1/1977
10/30/1977 19:00,0.0345,NA,NA,NA,NA,NA,NA,NA,NA,NA,NA,NA,NA,NA,NA,NA,10/1/1977
11/29/1977 19:00,0.0348,NA,NA,NA,NA,NA,NA,NA,NA,NA,NA,NA,NA,NA,NA,NA,11/1/1977
12/30/1977 19:00,0.0352,NA,NA,NA,NA,NA,NA,NA,NA,NA,NA,NA,NA,NA,NA,NA,12/1/1977
1/30/1978 19:00,0.0356,NA,NA,NA,NA,NA,NA,NA,NA,NA,NA,NA,NA,NA,NA,NA,1/1/1978
2/27/1978 19:00,0.036,NA,NA,NA,NA,NA,NA,NA,NA,NA,NA,NA,NA,NA,NA,NA,2/1/1978
3/30/1978 19:00,0.0365,NA,NA,NA,NA,NA,NA,NA,NA,NA,NA,NA,NA,NA,NA,NA,3/1/1978
4/29/1978 19:00,0.0371,NA,NA,NA,NA,NA,NA,NA,NA,NA,NA,NA,NA,NA,NA,NA,4/1/1978
5/30/1978 19:00,0.0376,NA,NA,NA,NA,NA,NA,NA,NA,NA,NA,NA,NA,NA,NA,NA,5/1/1978
6/29/1978 19:00,0.0382,NA,NA,NA,NA,NA,NA,NA,NA,NA,NA,NA,NA,NA,NA,NA,6/1/1978
7/30/1978 19:00,0.0388,NA,NA,NA,NA,NA,NA,NA,NA,NA,NA,NA,NA,NA,NA,NA,7/1/1978
8/30/1978 19:00,0.0393,NA,NA,NA,NA,NA,NA,NA,NA,NA,NA,NA,NA,NA,NA,NA,8/1/1978
9/29/1978 19:00,0.0398,NA,NA,NA,NA,NA,NA,NA,NA,NA,NA,NA,NA,NA,NA,NA,9/1/1978
10/30/1978 19:00,0.0402,NA,NA,NA,NA,NA,NA,NA,NA,NA,NA,NA,NA,NA,NA,NA,10/1/1978
11/29/1978 19:00,0.0408,NA,NA,NA,NA,NA,NA,NA,NA,NA,NA,NA,NA,NA,NA,NA,11/1/1978
12/30/1978 19:00,0.041,NA,NA,NA,NA,NA,NA,NA,NA,NA,NA,NA,NA,NA,NA,NA,12/1/1978
1/30/1979 19:00,0.0419,NA,NA,NA,NA,NA,NA,NA,NA,NA,NA,NA,NA,NA,NA,NA,1/1/1979
2/27/1979 19:00,0.0424,NA,NA,NA,NA,NA,NA,NA,NA,NA,NA,NA,NA,NA,NA,NA,2/1/1979
3/30/1979 19:00,0.0431,NA,NA,NA,NA,NA,NA,NA,NA,NA,NA,NA,NA,NA,NA,NA,3/1/1979
4/29/1979 19:00,0.0435,NA,NA,NA,NA,NA,NA,NA,NA,NA,NA,NA,NA,NA,NA,NA,4/1/1979
5/30/1979 19:00,0.0443,NA,NA,NA,NA,NA,NA,NA,NA,NA,NA,NA,NA,NA,NA,NA,5/1/1979
6/29/1979 19:00,0.045,NA,NA,NA,NA,NA,NA,NA,NA,NA,NA,NA,NA,NA,NA,NA,6/1/1979
7/30/1979 19:00,0.0455,NA,NA,NA,NA,NA,NA,NA,NA,NA,NA,NA,NA,NA,NA,NA,7/1/1979
8/30/1979 19:00,0.0462,NA,NA,NA,NA,NA,NA,NA,NA,NA,NA,NA,NA,NA,NA,NA,8/1/1979
9/29/1979 19:00,0.0469,NA,NA,NA,NA,NA,NA,NA,NA,NA,NA,NA,NA,NA,NA,NA,9/1/1979
10/30/1979 19:00,0.0479,NA,NA,NA,NA,NA,NA,NA,NA,NA,NA,NA,NA,NA,NA,NA,10/1/1979
11/29/1979 19:00,0.0486,NA,NA,NA,NA,NA,NA,NA,NA,NA,NA,NA,NA,NA,NA,NA,11/1/1979
12/30/1979 19:00,0.0493,NA,NA,NA,NA,NA,NA,NA,NA,NA,NA,NA,NA,NA,NA,NA,12/1/1979
1/30/1980 19:00,0.0509,NA,NA,NA,NA,NA,NA,NA,NA,NA,NA,NA,NA,NA,NA,NA,1/1/1980
2/28/1980 19:00,0.052,NA,NA,NA,NA,NA,NA,NA,NA,NA,NA,NA,NA,NA,NA,NA,2/1/1980
3/30/1980 19:00,0.0532,NA,NA,NA,NA,NA,NA,NA,NA,NA,NA,NA,NA,NA,NA,NA,3/1/1980
4/29/1980 19:00,0.0541,NA,NA,NA,NA,NA,NA,NA,NA,NA,NA,NA,NA,NA,NA,NA,4/1/1980
5/30/1980 19:00,0.0552,NA,NA,NA,NA,NA,NA,NA,NA,NA,NA,NA,NA,NA,NA,NA,5/1/1980
6/29/1980 19:00,0.0565,NA,NA,NA,NA,NA,NA,NA,NA,NA,NA,NA,NA,NA,NA,NA,6/1/1980
7/30/1980 19:00,0.0581,NA,NA,NA,NA,NA,NA,NA,NA,NA,NA,NA,NA,NA,NA,NA,7/1/1980
8/30/1980 19:00,0.0594,NA,NA,NA,NA,NA,NA,NA,NA,NA,NA,NA,NA,NA,NA,NA,8/1/1980
9/29/1980 19:00,0.0603,NA,NA,NA,NA,NA,NA,NA,NA,NA,NA,NA,NA,NA,NA,NA,9/1/1980
10/30/1980 19:00,0.0615,NA,NA,NA,NA,NA,NA,NA,NA,NA,NA,NA,NA,NA,NA,NA,10/1/1980
11/29/1980 19:00,0.0627,NA,NA,NA,NA,NA,NA,NA,NA,NA,NA,NA,NA,NA,NA,NA,11/1/1980
12/30/1980 19:00,0.0642,NA,NA,NA,NA,NA,NA,NA,NA,NA,NA,NA,NA,NA,NA,NA,12/1/1980
1/30/1981 19:00,0.0651,NA,NA,NA,NA,NA,NA,NA,NA,NA,NA,NA,NA,NA,NA,NA,1/1/1981
2/27/1981 19:00,0.0665,NA,NA,NA,NA,NA,NA,NA,NA,NA,NA,NA,NA,NA,NA,NA,2/1/1981
3/30/1981 19:00,0.0681,NA,NA,NA,NA,NA,NA,NA,NA,NA,NA,NA,NA,NA,NA,NA,3/1/1981
4/29/1981 19:00,0.0695,NA,NA,NA,NA,NA,NA,NA,NA,NA,NA,NA,NA,NA,NA,NA,4/1/1981
5/30/1981 19:00,0.0709,NA,NA,NA,NA,NA,NA,NA,NA,NA,NA,NA,NA,NA,NA,NA,5/1/1981
6/29/1981 19:00,0.0723,NA,NA,NA,NA,NA,NA,NA,NA,NA,NA,NA,NA,NA,NA,NA,6/1/1981
7/30/1981 19:00,0.0735,NA,NA,NA,NA,NA,NA,NA,NA,NA,NA,NA,NA,NA,NA,NA,7/1/1981
8/30/1981 19:00,0.0752,NA,NA,NA,NA,NA,NA,NA,NA,NA,NA,NA,NA,NA,NA,NA,8/1/1981
9/29/1981 19:00,0.0771,NA,NA,NA,NA,NA,NA,NA,NA,NA,NA,NA,NA,NA,NA,NA,9/1/1981
10/30/1981 19:00,0.0792,NA,NA,NA,NA,NA,NA,NA,NA,NA,NA,NA,NA,NA,NA,NA,10/1/1981
11/29/1981 19:00,0.0809,NA,NA,NA,NA,NA,NA,NA,NA,NA,NA,NA,NA,NA,NA,NA,11/1/1981
12/30/1981 19:00,0.0827,NA,NA,NA,NA,NA,NA,NA,NA,NA,NA,NA,NA,NA,NA,NA,12/1/1981
1/30/1982 19:00,0.0852,0.0922,0.0927,0.0683,0.1176,0.0873,0.0442,0.1311,0.069,0.0645,0.0902,0.0822,0.0942,0.0423,0.0381,0.0501,1/1/1982
2/27/1982 19:00,0.0881,0.0949,0.0955,0.0703,0.1226,0.0907,0.0451,0.1366,0.0725,0.0671,0.0929,0.0874,0.0974,0.0446,0.0393,0.0546,2/1/1982
3/30/1982 19:00,0.0916,0.0992,0.0998,0.0729,0.1285,0.0956,0.0487,0.1425,0.0766,0.0688,0.0949,0.0813,0.1031,0.0465,0.0407,0.0573,3/1/1982
4/29/1982 19:00,0.0963,0.1052,0.1058,0.077,0.1364,0.1009,0.0535,0.149,0.0814,0.0703,0.0983,0.0806,0.1096,0.0458,0.0392,0.0586,4/1/1982
5/30/1982 19:00,0.1023,0.1126,0.114,0.0827,0.1469,0.1076,0.0614,0.159,0.0865,0.0733,0.1035,0.0817,0.118,0.0468,0.0391,0.0621,5/1/1982
6/29/1982 19:00,0.108,0.1197,0.1203,0.0869,0.1551,0.1147,0.0651,0.1656,0.0948,0.0775,0.1102,0.0853,0.1271,0.0495,0.0412,0.0652,6/1/1982
7/30/1982 19:00,0.1135,0.1257,0.1264,0.0908,0.1645,0.121,0.0719,0.1747,0.0995,0.0829,0.119,0.0908,0.1378,0.0508,0.0422,0.0669,7/1/1982
8/30/1982 19:00,0.1266,0.1381,0.1409,0.1032,0.1808,0.1293,0.0748,0.1853,0.1077,0.0981,0.1296,0.099,0.1509,0.0709,0.0669,0.0765,8/1/1982
9/29/1982 19:00,0.1342,0.147,0.151,0.1098,0.195,0.1364,0.0619,0.1948,0.1147,0.1045,0.1407,0.1082,0.1627,0.073,0.0691,0.0789,9/1/1982
10/30/1982 19:00,0.142,0.1562,0.1609,0.1177,0.207,0.1445,0.0682,0.2052,0.122,0.1102,0.1491,0.1186,0.169,0.0762,0.0727,0.0808,10/1/1982
11/29/1982 19:00,0.1494,0.1647,0.1713,0.1253,0.2199,0.1514,0.0708,0.2149,0.128,0.1114,0.1549,0.1191,0.1776,0.0728,0.0682,0.084,11/1/1982
12/30/1982 19:00,0.1646,0.1772,0.1837,0.1316,0.2375,0.1621,0.0734,0.2254,0.1403,0.1311,0.1614,0.1243,0.1881,0.1039,0.1099,0.0915,12/1/1982
1/30/1983 19:00,0.1788,0.1937,0.2012,0.14,0.2685,0.1747,0.0787,0.2366,0.1535,0.1349,0.1685,0.1267,0.1952,0.1062,0.1086,0.0996,1/1/1983
2/27/1983 19:00,0.1873,0.203,0.2142,0.1452,0.2941,0.181,0.0835,0.2447,0.1608,0.1403,0.1756,0.1363,0.2031,0.1099,0.1138,0.1005,2/1/1983
3/30/1983 19:00,0.1968,0.2139,0.2265,0.1505,0.3143,0.1901,0.0882,0.2548,0.1697,0.1476,0.1879,0.1512,0.2103,0.1135,0.1174,0.1032,3/1/1983
4/29/1983 19:00,0.209,0.227,0.2406,0.1594,0.3342,0.2001,0.0932,0.2661,0.1798,0.1569,0.1971,0.1601,0.2207,0.1221,0.1281,0.1091,4/1/1983
5/30/1983 19:00,0.2193,0.2384,0.2544,0.1666,0.3557,0.2092,0.0965,0.277,0.1892,0.1649,0.2092,0.1787,0.2284,0.1268,0.1328,0.1133,5/1/1983
6/29/1983 19:00,0.2293,0.2499,0.2662,0.173,0.3735,0.2186,0.1015,0.2882,0.1985,0.1747,0.2244,0.1992,0.2395,0.1336,0.141,0.1172,6/1/1983
7/30/1983 19:00,0.2408,0.2649,0.2842,0.1884,0.3944,0.2298,0.1184,0.2985,0.2098,0.1801,0.2303,0.1973,0.25,0.1373,0.145,0.1201,7/1/1983
8/30/1983 19:00,0.2511,0.2783,0.299,0.2003,0.412,0.2398,0.1299,0.3086,0.2207,0.184,0.2344,0.1979,0.259,0.1418,0.1507,0.1207,8/1/1983
9/29/1983 19:00,0.2608,0.2898,0.312,0.2087,0.4302,0.2492,0.1077,0.3199,0.2314,0.1908,0.2439,0.1993,0.274,0.1458,0.1546,0.1259,9/1/1983
10/30/1983 19:00,0.2711,0.3006,0.3224,0.2145,0.4476,0.2595,0.1162,0.3302,0.2419,0.2025,0.2563,0.2061,0.2891,0.1572,0.1675,0.1342,10/1/1983
11/29/1983 19:00,0.2871,0.3168,0.3443,0.2356,0.4669,0.2695,0.1204,0.3415,0.2528,0.2121,0.2616,0.1987,0.3019,0.1691,0.1793,0.1509,11/1/1983
12/30/1983 19:00,0.2975,0.3304,0.3571,0.2431,0.4815,0.2818,0.1244,0.3526,0.2668,0.2135,0.2709,0.2159,0.3107,0.162,0.1696,0.146,12/1/1983
1/30/1984 19:00,0.3093,0.3404,0.3678,0.2521,0.4977,0.2882,0.1257,0.3628,0.2692,0.223,0.2952,0.2539,0.3205,0.1608,0.1699,0.14,1/1/1984
2/28/1984 19:00,0.3237,0.3561,0.3851,0.2667,0.519,0.3045,0.131,0.3769,0.2914,0.2338,0.3135,0.2674,0.3458,0.1647,0.176,0.1397,2/1/1984
3/30/1984 19:00,0.3387,0.372,0.4014,0.2792,0.5374,0.3195,0.1369,0.3897,0.3086,0.2468,0.3345,0.2744,0.3709,0.1713,0.1838,0.1475,3/1/1984
4/29/1984 19:00,0.3525,0.3857,0.4184,0.2921,0.5582,0.3275,0.1434,0.4,0.3157,0.2605,0.3435,0.2713,0.3901,0.1884,0.2025,0.1564,4/1/1984
5/30/1984 19:00,0.3668,0.4001,0.435,0.3039,0.5791,0.3396,0.1468,0.4114,0.3297,0.2749,0.3568,0.271,0.4133,0.2039,0.2232,0.1623,5/1/1984
6/29/1984 19:00,0.383,0.42,0.4579,0.32,0.6084,0.3527,0.155,0.4238,0.3444,0.2866,0.3736,0.2825,0.4355,0.213,0.2364,0.1646,6/1/1984
7/30/1984 19:00,0.3965,0.4362,0.4768,0.3341,0.634,0.3656,0.1616,0.4374,0.358,0.2958,0.3865,0.2985,0.4449,0.2176,0.2401,0.1688,7/1/1984
8/30/1984 19:00,0.4095,0.4505,0.4922,0.3424,0.6587,0.3773,0.1707,0.4508,0.3698,0.3061,0.4057,0.3294,0.4578,0.2223,0.2455,0.171,8/1/1984
9/29/1984 19:00,0.4255,0.4701,0.5151,0.3596,0.6868,0.3914,0.1789,0.4644,0.3842,0.3145,0.4158,0.3242,0.4776,0.2269,0.2508,0.1769,9/1/1984
10/30/1984 19:00,0.4431,0.4915,0.5391,0.3792,0.7168,0.407,0.1898,0.4779,0.4013,0.3259,0.4294,0.3188,0.5028,0.2371,0.2615,0.1857,10/1/1984
11/29/1984 19:00,0.458,0.5063,0.5587,0.3931,0.7425,0.4173,0.1974,0.4889,0.4129,0.3341,0.4542,0.3409,0.5281,0.227,0.2442,0.1939,11/1/1984
12/30/1984 19:00,0.4735,0.5266,0.5825,0.409,0.766,0.4299,0.204,0.5021,0.4261,0.3366,0.4716,0.3684,0.5451,0.2161,0.2286,0.189,12/1/1984
1/30/1985 19:00,0.4961,0.5414,0.5992,0.4218,0.7945,0.4412,0.2053,0.5186,0.431,0.3687,0.4998,0.3508,0.5991,0.2559,0.2776,0.2077,1/1/1985
2/27/1985 19:00,0.5134,0.5603,0.6201,0.4419,0.8147,0.459,0.2123,0.5365,0.4559,0.385,0.519,0.3488,0.6326,0.2692,0.2925,0.2184,2/1/1985
3/30/1985 19:00,0.5352,0.5858,0.6492,0.467,0.8452,0.4792,0.2215,0.5548,0.4784,0.3971,0.535,0.3585,0.6473,0.2781,0.3047,0.2265,3/1/1985
4/29/1985 19:00,0.551,0.6049,0.6678,0.4754,0.8765,0.4972,0.2323,0.5724,0.4981,0.4068,0.555,0.389,0.6651,0.2774,0.3003,0.2304,4/1/1985
5/30/1985 19:00,0.5687,0.6272,0.6909,0.488,0.912,0.5188,0.2454,0.5909,0.5223,0.4137,0.5629,0.3823,0.6864,0.2825,0.3041,0.2362,5/1/1985
6/29/1985 19:00,0.5874,0.6499,0.7144,0.5026,0.9465,0.5374,0.2538,0.6113,0.5417,0.4271,0.5784,0.3949,0.7065,0.2954,0.321,0.2408,6/1/1985
7/30/1985 19:00,0.6101,0.6754,0.7412,0.5153,0.9914,0.5618,0.265,0.6378,0.5678,0.4447,0.6075,0.429,0.7295,0.3023,0.3261,0.2468,7/1/1985
8/30/1985 19:00,0.6402,0.7109,0.7803,0.5407,1.0472,0.5905,0.2736,0.6634,0.6002,0.4617,0.641,0.447,0.7758,0.3099,0.3325,0.2553,8/1/1985
9/29/1985 19:00,0.6723,0.7471,0.8177,0.5644,1.0985,0.6235,0.2922,0.6918,0.6383,0.483,0.6713,0.4706,0.807,0.3167,0.3419,0.2638,9/1/1985
10/30/1985 19:00,0.7021,0.781,0.8526,0.5869,1.1522,0.6525,0.3095,0.7186,0.6696,0.5051,0.7024,0.5159,0.8263,0.3321,0.3572,0.2769,10/1/1985
11/29/1985 19:00,0.7332,0.816,0.8932,0.6136,1.2095,0.6816,0.3237,0.7551,0.6989,0.5203,0.7406,0.5673,0.8547,0.3221,0.3392,0.2873,11/1/1985
12/30/1985 19:00,0.775,0.8486,0.9278,0.628,1.2581,0.7068,0.3348,0.7838,0.7255,0.5779,0.7708,0.6227,0.873,0.4077,0.4464,0.3224,12/1/1985
1/30/1986 19:00,0.8216,0.8994,0.988,0.7,1.3038,0.7453,0.3433,0.818,0.7623,0.6068,0.7978,0.6418,0.8984,0.4428,0.4831,0.3549,1/1/1986
2/27/1986 19:00,0.8526,0.9384,1.0346,0.7264,1.3736,0.7734,0.3554,0.8556,0.7963,0.626,0.8083,0.6043,0.9435,0.469,0.5053,0.3886,2/1/1986
3/30/1986 19:00,0.8947,0.9863,1.0927,0.7712,1.4443,0.8075,0.3702,0.8851,0.8355,0.6529,0.8361,0.6223,0.9748,0.4944,0.5358,0.4168,3/1/1986
4/29/1986 19:00,0.9423,1.046,1.1642,0.8285,1.528,0.8464,0.3897,0.9196,0.8802,0.6733,0.8691,0.6469,1.0165,0.5038,0.5461,0.4229,4/1/1986
5/30/1986 19:00,1.0027,1.1156,1.2522,0.9041,1.6229,0.8895,0.414,0.9534,0.9302,0.7114,0.9267,0.7327,1.057,0.5223,0.5624,0.4374,5/1/1986
6/29/1986 19:00,1.0753,1.2028,1.3535,0.9886,1.7388,0.9499,0.4385,1.0072,1.0007,0.7529,0.9852,0.7922,1.1147,0.5507,0.5981,0.451,6/1/1986
7/30/1986 19:00,1.1348,1.2705,1.4326,1.0356,1.8553,1.0019,0.4624,1.0496,1.063,0.7938,1.0375,0.8049,1.1886,0.5847,0.6147,0.506,7/1/1986
8/30/1986 19:00,1.2324,1.3539,1.5362,1.1117,1.9885,1.0552,0.4514,1.0923,1.1272,0.9193,1.0872,0.8513,1.2444,0.7994,0.7744,0.8174,8/1/1986
9/29/1986 19:00,1.3203,1.447,1.6544,1.2005,2.132,1.113,0.5296,1.1445,1.189,0.9888,1.1577,0.9248,1.3109,0.852,0.8519,0.8398,9/1/1986
10/30/1986 19:00,1.4035,1.5458,1.77,1.2892,2.284,1.1777,0.5542,1.204,1.2629,1.0377,1.2141,0.9564,1.3831,0.9027,0.9066,0.875,10/1/1986
11/29/1986 19:00,1.4952,1.6478,1.8954,1.3783,2.4524,1.2463,0.5844,1.2606,1.347,1.0968,1.2738,0.9988,1.459,0.9437,0.9524,0.9184,11/1/1986
12/30/1986 19:00,1.5933,1.7634,2.0283,1.4461,2.6413,1.3235,0.6077,1.3403,1.4369,1.1448,1.3638,1.0706,1.5576,0.96,0.96,0.948,12/1/1986
1/30/1987 19:00,1.6765,1.861,2.1382,1.5074,2.8342,1.4182,0.6582,1.4067,1.535,1.1838,1.4456,1.1332,1.6471,0.9608,0.9509,0.9774,1/1/1987
2/27/1987 19:00,1.7861,1.9879,2.3024,1.6247,3.0409,1.4818,0.6904,1.4562,1.6273,1.2665,1.5833,1.3203,1.7598,0.9935,0.9703,1.0249,2/1/1987
3/30/1987 19:00,1.9117,2.127,2.4749,1.7444,3.2744,1.5696,0.7161,1.5307,1.7331,1.3559,1.7283,1.4533,1.9138,1.0331,1.017,1.094,3/1/1987
4/29/1987 19:00,2.0786,2.2887,2.6642,1.8706,3.5363,1.6887,0.7553,1.6206,1.8796,1.5351,1.8846,1.544,2.1059,1.2366,1.2657,1.1666,4/1/1987
5/30/1987 19:00,2.2561,2.4744,2.8942,2.0225,3.855,1.8056,0.7969,1.708,2.0243,1.6837,2.0374,1.633,2.3116,1.3782,1.3168,1.4901,5/1/1987
6/29/1987 19:00,2.4369,2.6782,3.1476,2.2064,4.1929,1.9282,0.8545,1.7969,2.1753,1.8139,2.1976,1.6593,2.5623,1.4889,1.3753,1.6847,6/1/1987
7/30/1987 19:00,2.6503,2.9294,3.45,2.4039,4.6062,2.1049,0.9067,1.8935,2.4166,1.9363,2.3765,1.7573,2.7868,1.576,1.4369,1.7866,7/1/1987
8/30/1987 19:00,2.885,3.1702,3.7298,2.5827,5.0053,2.2842,0.9234,2.0169,2.644,2.1451,2.5844,1.9141,3.0354,1.8173,1.7385,1.9026,8/1/1987
9/29/1987 19:00,3.1075,3.4259,4.061,2.8108,5.4404,2.4377,1.1357,2.1313,2.8227,2.2744,2.7933,2.0456,3.2991,1.8333,1.7649,1.9425,9/1/1987
10/30/1987 19:00,3.3842,3.7328,4.396,3.0373,5.9191,2.6756,1.1985,2.273,3.1479,2.4775,3.1383,2.4053,3.6182,1.9211,1.8204,2.0803,10/1/1987
11/29/1987 19:00,3.642,4.0749,4.8152,3.2871,6.5438,2.9049,1.2794,2.4558,3.4303,2.5322,3.2543,2.3957,3.8429,1.8898,1.7456,2.1586,11/1/1987
12/30/1987 19:00,4.123,4.5442,5.3098,3.4888,7.3815,3.2929,1.3182,2.6557,3.9923,3.0022,3.6327,2.5822,4.3252,2.4832,2.3682,2.6797,12/1/1987
1/30/1988 19:00,4.6399,5.016,5.9119,4.0181,8.0655,3.6208,1.646,2.8459,4.3496,3.5837,4.1403,2.859,4.9855,3.1166,2.9609,3.435,1/1/1988
2/28/1988 19:00,4.9981,5.5044,6.5533,4.4235,8.9678,3.8547,1.8027,3.0666,4.6297,3.6757,4.2837,2.9951,5.1455,3.1549,2.9901,3.436,2/1/1988
3/30/1988 19:00,5.271,5.832,6.9114,4.6141,9.5406,4.1281,1.8843,3.374,4.9225,3.8236,4.5206,3.2381,5.3914,3.2205,3.0732,3.554,3/1/1988
4/29/1988 19:00,5.4426,6.0261,7.0823,4.7037,9.8187,4.3478,1.9831,3.6508,5.1247,3.9474,4.7554,3.4744,5.6206,3.2631,3.1016,3.5948,4/1/1988
5/30/1988 19:00,5.5922,6.1836,7.1888,4.765,9.9772,4.5716,2.0985,3.9603,5.3217,4.0638,4.9196,3.6653,5.7836,3.3255,3.1383,3.6644,5/1/1988
6/29/1988 19:00,5.746,6.3153,7.2661,4.8132,10.1061,4.7651,2.1831,4.2371,5.4811,4.2722,5.2995,4.1035,6.1007,3.3905,3.2366,3.6602,6/1/1988
7/30/1988 19:00,5.8777,6.4215,7.3356,4.8867,10.1423,4.9326,2.3113,4.5304,5.5868,4.4572,5.6672,4.1579,6.6815,3.4368,3.233,3.7169,7/1/1988
8/30/1988 19:00,5.9707,6.5362,7.4047,4.9425,10.2196,5.1085,2.2736,4.813,5.715,4.4897,5.7575,4.2989,6.7379,3.4564,3.2481,3.7505,8/1/1988
9/29/1988 19:00,6.0662,6.5858,7.3728,4.9332,10.1337,5.2868,2.6356,5.1012,5.8219,4.6657,6.0184,4.7046,6.9006,3.4839,3.2817,3.8357,9/1/1988
10/30/1988 19:00,6.1405,6.6397,7.3271,4.951,10.0315,5.4474,2.7713,5.3904,5.9246,4.7895,6.2092,4.834,7.11,3.5716,3.3448,3.9608,10/1/1988
11/29/1988 19:00,6.2004,6.6877,7.3303,4.9845,9.987,5.5736,2.8864,5.6273,5.991,4.879,6.4432,4.9451,7.4762,3.4849,3.2044,3.9934,11/1/1988
12/30/1988 19:00,6.2429,6.7511,7.337,5.015,9.919,5.6741,2.9567,5.8749,6.0317,4.8363,6.5901,5.0719,7.5237,3.3525,3.041,3.9177,12/1/1988
1/30/1989 19:00,6.2466,6.8042,7.3412,5.0802,9.873,5.8594,3.0596,6.1777,6.1333,4.7285,6.4718,5.0222,7.3838,3.2258,2.9897,3.7166,1/1/1989
2/27/1989 19:00,6.3004,6.9071,7.3478,5.0966,9.8439,6.0549,3.1759,6.4608,6.3131,4.703,6.4034,4.946,7.3967,3.2264,3.0048,3.626,2/1/1989
3/30/1989 19:00,6.3857,7.0061,7.3859,5.1348,9.8772,6.2384,3.2731,6.6948,6.4903,4.7777,6.5006,4.9913,7.5372,3.2892,3.0675,3.7303,3/1/1989
4/29/1989 19:00,6.5019,7.1198,7.4702,5.2059,9.978,6.3971,3.4066,6.9022,6.6164,4.886,6.6448,5.1361,7.6612,3.3566,3.1216,3.83,4/1/1989
5/30/1989 19:00,6.6379,7.2358,7.5401,5.2661,10.0508,6.5733,3.5253,7.1469,6.7607,5.0572,6.8941,5.5679,7.7779,3.4232,3.1583,3.9106,5/1/1989
6/29/1989 19:00,6.7568,7.3504,7.6027,5.3172,10.132,6.7557,3.65,7.3919,6.9103,5.1886,7.1334,5.8546,7.9539,3.4675,3.2203,3.9349,6/1/1989
7/30/1989 19:00,6.8639,7.4648,7.6697,5.38,10.1859,6.9399,3.7436,7.657,7.0644,5.275,7.2832,6.1466,8.0153,3.522,3.2247,4.0082,7/1/1989
8/30/1989 19:00,6.975,7.6011,7.7591,5.476,10.2534,7.1356,3.7278,7.9333,7.23,5.3175,7.3452,6.3047,8.028,3.5637,3.251,4.0894,8/1/1989
9/29/1989 19:00,7.1011,7.7505,7.8706,5.576,10.3545,7.3361,3.5408,8.2554,7.4183,5.3715,7.3363,6.1001,8.1398,3.6254,3.3102,4.1984,9/1/1989
10/30/1989 19:00,7.2346,7.9034,7.9693,5.6815,10.4537,7.5364,3.693,8.5355,7.5942,5.4493,7.3918,6.106,8.2307,3.7442,3.4465,4.2831,10/1/1989
11/29/1989 19:00,7.3079,8.019,8.0581,5.7428,10.5751,7.707,3.8074,8.8152,7.7156,5.4402,7.4118,6.0342,8.3641,3.6893,3.3523,4.293,11/1/1989
12/30/1989 19:00,7.4585,8.1831,8.1731,5.867,10.6423,7.9011,3.8968,9.0928,7.8956,5.5193,7.5419,5.8091,8.5705,3.8247,3.3899,4.6122,12/1/1989
1/30/1990 19:00,7.6651,8.3381,8.3133,6.0551,10.7029,8.1171,3.9579,9.3599,8.1036,5.8535,7.8255,6.4397,8.6729,4.1514,3.3778,5.7325,1/1/1990
2/27/1990 19:00,7.81,8.4558,8.373,6.1145,10.7429,8.2898,4.0436,9.5943,8.2557,6.0671,8.2239,7.3557,8.7979,4.186,3.386,5.7198,2/1/1990
3/30/1990 19:00,7.97,8.5977,8.4521,6.2041,10.7947,8.5106,4.1363,9.8844,8.461,6.2854,8.6506,8.1275,9.0298,4.2519,3.4547,5.8426,3/1/1990
4/29/1990 19:00,8.1044,8.7816,8.5958,6.3356,10.9479,8.7742,4.2771,10.2349,8.6808,6.2965,8.5684,7.4284,9.3208,4.3251,3.4574,5.9618,4/1/1990
5/30/1990 19:00,8.3005,9.0339,8.8077,6.5351,11.1501,9.061,4.3983,10.5523,8.9673,6.3566,8.5237,7.0224,9.5095,4.4426,3.5439,6.1455,5/1/1990
6/29/1990 19:00,8.5212,9.3079,9.0715,6.7805,11.4082,9.3368,4.5411,10.9113,9.2128,6.4519,8.4213,6.6227,9.6231,4.7369,3.8673,6.4191,6/1/1990
7/30/1990 19:00,8.7222,9.5448,9.2926,6.9736,11.6409,9.5929,4.6724,11.2783,9.4228,6.562,8.5393,6.7604,9.7433,4.8653,3.8868,6.6861,7/1/1990
8/30/1990 19:00,8.9236,9.7636,9.4841,7.1548,11.8246,9.8381,4.7484,11.6434,9.6164,6.7125,8.7647,6.9608,9.9792,4.9455,3.9384,6.8385,8/1/1990
9/29/1990 19:00,9.1064,9.9502,9.633,7.2696,12.0053,10.066,4.8553,12.0044,9.8011,6.87,8.9654,7.0899,10.1817,5.0322,3.994,7.0153,9/1/1990
10/30/1990 19:00,9.2709,10.1316,9.7778,7.4098,12.1505,10.2803,5.0132,12.352,9.9603,6.9671,9.0909,7.266,10.2814,5.1157,4.0342,7.216,10/1/1990
11/29/1990 19:00,9.4886,10.3501,9.954,7.5903,12.3118,10.562,5.1463,12.7209,10.2212,7.2018,9.2723,7.6208,10.386,5.3839,4.3428,7.3945,11/1/1990
12/30/1990 19:00,9.6791,10.577,10.1208,7.7184,12.4881,10.8377,5.3222,13.0907,10.4772,7.2658,9.4298,7.528,10.4987,5.5031,4.4235,7.5714,12/1/1990
1/30/1991 19:00,9.7691,10.6988,10.228,7.787,12.6495,11.0169,5.4653,13.402,10.6002,7.3149,9.4973,7.6229,10.7004,5.4348,4.4027,7.5227,1/1/1991
2/27/1991 19:00,9.9142,10.8722,10.3578,7.8958,12.7746,11.2368,5.5949,13.6716,10.7952,7.4003,9.5249,7.458,10.9209,5.5478,4.4954,7.5741,2/1/1991
3/30/1991 19:00,10.0629,11.036,10.4922,8.016,12.9129,11.442,5.7365,13.9476,10.9708,7.5473,9.6716,7.7809,10.9768,5.7545,4.6228,7.8832,3/1/1991
4/29/1991 19:00,10.2091,11.1863,10.6241,8.1246,13.0762,11.6236,5.8702,14.1844,11.1109,7.6257,9.718,7.9653,10.9372,5.8458,4.7225,8.0302,4/1/1991
5/30/1991 19:00,10.3471,11.3239,10.7436,8.2262,13.2074,11.7799,6.0299,14.3887,11.2354,7.7808,9.9156,8.3145,10.972,5.9273,4.7531,8.1616,5/1/1991
6/29/1991 19:00,10.4859,11.4669,10.8661,8.3364,13.3333,11.9468,6.1902,14.5909,11.381,7.9086,10.162,8.7986,11.0131,5.958,4.7756,8.2623,6/1/1991
7/30/1991 19:00,10.6266,11.6195,10.9895,8.4193,13.5011,12.1296,6.3221,14.7854,11.5634,8.0097,10.3054,9.0217,11.1214,6.0377,4.8089,8.3759,7/1/1991
8/30/1991 19:00,10.754,11.7637,11.1036,8.5034,13.6473,12.3066,6.4194,14.9818,11.741,8.0909,10.3694,9.087,11.2016,6.1229,4.8714,8.5157,8/1/1991
9/29/1991 19:00,10.9043,11.9455,11.28,8.6401,13.8725,12.4815,6.4878,15.197,11.9211,8.1626,10.4183,8.9427,11.3471,6.2012,4.9022,8.6846,9/1/1991
10/30/1991 19:00,11.0762,12.1447,11.4612,8.7765,14.0934,12.6902,6.6775,15.4344,12.1269,8.2272,10.5417,9.0737,11.4717,6.2119,4.9003,8.7522,10/1/1991
11/29/1991 19:00,11.3327,12.2768,11.5533,8.9725,14.0366,12.8735,6.8117,15.6942,12.2861,8.7879,10.5649,8.9914,11.5775,7.2642,5.88,9.9277,11/1/1991
12/30/1991 19:00,11.4945,12.4428,11.6943,9.1219,14.1242,13.0561,6.9397,16.0158,12.4163,8.9036,10.5373,8.5411,11.6448,7.6672,6.2656,10.3035,12/1/1991
1/30/1992 19:00,11.5715,12.5466,11.7319,9.1004,14.246,13.2658,7.102,16.3058,12.6056,8.9566,10.6383,9.0534,11.6476,7.5485,6.2639,10.0918,1/1/1992
2/28/1992 19:00,11.6832,12.6475,11.7758,9.0996,14.3389,13.4552,7.2415,16.5161,12.7711,9.0956,10.8644,9.6566,11.6176,7.5831,6.2872,10.0692,2/1/1992
3/30/1992 19:00,11.8066,12.7577,11.8305,9.1373,14.4103,13.6392,7.3754,16.7044,12.9527,9.2604,11.2005,10.5146,11.6809,7.6577,6.3598,10.1869,3/1/1992
4/29/1992 19:00,11.9159,12.8628,11.897,9.1812,14.5149,13.826,7.5146,16.8715,13.1397,9.3334,11.2251,10.4472,11.7869,7.7726,6.3807,10.378,4/1/1992
5/30/1992 19:00,12.0271,13.0452,12.0362,9.2963,14.6724,14.0487,7.6459,17.0553,13.3984,9.3053,11.0057,9.5966,11.9214,7.8947,6.5032,10.5498,5/1/1992
6/29/1992 19:00,12.132,13.1972,12.1426,9.3883,14.7868,14.2579,7.8004,17.2642,13.6165,9.3036,10.911,9.0908,12.1004,7.973,6.5677,10.7114,6/1/1992
7/30/1992 19:00,12.2548,13.3474,12.2602,9.4869,14.9189,14.4483,8.013,17.454,13.8066,9.3505,10.8743,8.8804,12.1849,8.1039,6.6476,10.893,7/1/1992
8/30/1992 19:00,12.389,13.5072,12.384,9.586,15.0647,14.6392,8.1729,17.6651,13.9959,9.4221,10.8774,8.7264,12.2869,8.2449,6.754,11.1075,8/1/1992
9/29/1992 19:00,12.537,13.6709,12.5029,9.6911,15.2005,14.8496,8.8276,17.858,14.1815,9.529,10.963,8.8111,12.3656,8.349,6.8164,11.2746,9/1/1992
10/30/1992 19:00,12.6852,13.8143,12.6225,9.7563,15.3747,15.0171,9.0016,18.0374,14.3497,9.6392,11.1535,9.057,12.487,8.3869,6.852,11.339,10/1/1992
11/29/1992 19:00,12.7921,13.951,12.7263,9.8302,15.5475,15.1908,9.1641,18.1974,14.5369,9.7007,11.2787,9.2938,12.5532,8.3695,6.8111,11.3489,11/1/1992
12/30/1992 19:00,12.8846,14.0648,12.8212,9.8603,15.7003,15.332,9.3249,18.2879,14.7165,9.7398,11.5672,9.7435,12.5551,8.335,6.7432,11.3322,12/1/1992
1/30/1993 19:00,12.9292,14.1358,12.8623,9.8558,15.8005,15.4527,9.468,18.3748,14.8792,9.7549,11.5363,9.8636,12.6548,8.2697,6.7913,11.1615,1/1/1993
2/27/1993 19:00,13.006,14.2516,12.9639,9.9504,15.8936,15.595,9.6182,18.4843,15.0117,9.7503,11.4256,9.4812,12.6867,8.3418,6.8665,11.178,2/1/1993
3/30/1993 19:00,13.0696,14.3628,13.0482,10.0251,15.9791,15.7367,9.8011,18.5962,15.1633,9.698,11.2957,9.1891,12.719,8.4157,6.9508,11.2335,3/1/1993
4/29/1993 19:00,13.1197,14.4208,13.08,10.0634,16.0081,15.8476,10.027,18.6941,15.2459,9.7088,11.1987,9.0683,12.7122,8.527,7.0188,11.4012,4/1/1993
5/30/1993 19:00,13.2132,14.4893,13.1061,10.1027,16.0064,15.9627,10.2591,18.7958,15.3618,9.8657,11.3702,9.381,12.6854,8.6575,7.1535,11.537,5/1/1993
6/29/1993 19:00,13.3073,14.5648,13.1404,10.119,16.0645,16.0899,10.4326,18.9115,15.4927,9.9992,11.5048,9.6652,12.692,8.7718,7.2559,11.7118,6/1/1993
7/30/1993 19:00,13.4168,14.6636,13.2107,10.1817,16.1392,16.2285,10.599,19.0349,15.6467,10.1188,11.5968,9.7373,12.7712,8.9198,7.3866,11.8668,7/1/1993
8/30/1993 19:00,13.5572,14.812,13.3354,10.273,16.299,16.3916,10.7072,19.1913,15.8284,10.237,11.6759,9.8745,12.8212,9.0778,7.5413,12.033,8/1/1993
9/29/1993 19:00,13.7003,14.9467,13.4463,10.3404,16.4708,16.5508,10.8008,19.352,16.0135,10.3924,11.8046,10.1483,12.881,9.2311,7.6719,12.2108,9/1/1993
10/30/1993 19:00,13.8311,15.1107,13.5777,10.4132,16.6577,16.7472,10.9499,19.5377,16.2307,10.4008,11.7611,9.8565,12.9392,9.3015,7.7272,12.2996,10/1/1993
11/29/1993 19:00,13.9095,15.2254,13.6698,10.4783,16.8253,16.8973,11.1273,19.678,16.363,10.4217,11.7544,9.8601,12.9836,9.3288,7.7242,12.3879,11/1/1993
12/30/1993 19:00,13.9398,15.278,13.7036,10.4718,16.8847,16.9937,11.3047,19.7934,16.4516,10.4225,11.9177,10.0127,13.017,9.3317,7.6614,12.4496,12/1/1993
1/30/1994 19:00,13.942,15.2834,13.7196,10.4843,16.8889,16.971,11.4455,19.8634,16.3907,10.4305,11.8863,10.2872,12.988,9.2565,7.6907,12.282,1/1/1994
2/27/1994 19:00,13.9742,15.357,13.7777,10.5386,16.9503,17.0849,11.6228,19.9553,16.466,10.3825,11.7079,9.7638,12.9565,9.3152,7.7547,12.3127,2/1/1994
3/30/1994 19:00,14.0058,15.4027,13.8168,10.6119,16.9304,17.1419,11.8044,20.0159,16.5059,10.3766,11.686,9.8706,12.8701,9.3674,7.7969,12.3281,3/1/1994
4/29/1994 19:00,14.0388,15.4462,13.8184,10.622,16.9281,17.221,11.9743,20.0643,16.5753,10.3426,11.5861,9.7446,12.8755,9.3898,7.8802,12.3333,4/1/1994
5/30/1994 19:00,14.1034,15.5183,13.8727,10.6783,16.9657,17.3092,12.1616,20.147,16.6629,10.4069,11.6262,9.6674,12.8812,9.4823,7.9731,12.3766,5/1/1994
6/29/1994 19:00,14.1973,15.6125,13.9506,10.7293,17.0763,17.4161,12.3373,20.2664,16.7518,10.494,11.6655,9.7602,12.8814,9.5822,8.0559,12.5203,6/1/1994
7/30/1994 19:00,14.3108,15.7092,14.0371,10.8062,17.1694,17.5321,12.5027,20.3718,16.8857,10.6339,11.8346,10.0041,12.9792,9.6948,8.1424,12.6814,7/1/1994
8/30/1994 19:00,14.4617,15.8607,14.1779,10.9223,17.3309,17.6833,12.6718,20.5435,17.0349,10.7788,11.9879,10.2903,13.0493,9.833,8.2624,12.8529,8/1/1994
9/29/1994 19:00,14.613,16.012,14.3386,11.0977,17.4533,17.8225,12.438,20.7307,17.2233,10.9184,12.099,10.5236,13.1402,9.9667,8.3674,13.0294,9/1/1994
10/30/1994 19:00,14.7749,16.1863,14.5152,11.2452,17.63,17.9976,12.6219,20.9262,17.3866,11.0196,12.2329,10.6449,13.1698,10.0646,8.435,13.1457,10/1/1994
11/29/1994 19:00,14.8813,16.3434,14.6535,11.3995,17.7832,18.1856,12.8174,21.0536,17.5637,11.0349,12.2853,10.7576,13.2866,10.0344,8.393,13.1552,11/1/1994
12/30/1994 19:00,14.9438,16.4736,14.7952,11.4931,17.9426,18.3143,12.9977,21.1796,17.7123,10.9681,12.2728,10.6859,13.2073,10.0575,8.3788,13.171,12/1/1994
1/30/1995 19:00,15.3826,16.9741,15.3708,11.8562,18.7496,18.6784,13.1263,21.6161,18.1025,11.2651,12.6562,11.0064,13.7961,10.1693,8.6663,13.0445,1/1/1995
2/27/1995 19:00,15.9844,17.6808,16.1567,12.4634,19.7111,19.2615,13.3074,22.352,18.6199,11.622,13.2913,11.5779,14.3429,10.2679,8.6611,13.3488,2/1/1995
3/30/1995 19:00,16.8847,18.4409,16.9441,13.0752,20.6722,19.9699,13.5087,23.0984,19.4871,12.7098,14.0011,12.4312,14.9362,11.6775,9.6906,15.5101,3/1/1995
4/29/1995 19:00,18.1358,19.7193,18.3461,14.0163,22.5692,21.061,13.7102,24.5096,20.6337,13.8036,14.5993,12.875,15.7681,13.145,11.2751,16.6709,4/1/1995
5/30/1995 19:00,18.9054,20.6832,19.5113,14.9184,23.9719,21.7445,13.9178,25.5046,21.21,14.1449,15.2677,13.6521,16.2281,13.271,11.3947,16.8742,5/1/1995
6/29/1995 19:00,19.5433,21.4079,20.364,15.6185,24.9541,22.2977,14.1866,26.3222,21.6184,14.5679,15.9137,14.7182,16.61,13.4691,11.5511,17.1804,6/1/1995
7/30/1995 19:00,20.0207,21.9245,20.9572,16.161,25.5852,22.7193,14.4568,26.8787,22.0121,14.9321,16.3816,15.625,16.8183,13.7515,11.8437,17.4594,7/1/1995
8/30/1995 19:00,20.4801,22.4501,21.5282,16.6087,26.2698,23.1804,14.8113,27.4166,22.4344,15.2345,16.7561,16.0789,17.1703,13.9952,12.0736,17.7378,8/1/1995
9/29/1995 19:00,20.9722,23.0074,22.1572,17.099,27.03,23.6616,14.8634,27.935,22.8702,15.5658,17.1162,16.5705,17.5455,14.2678,12.2873,18.1202,9/1/1995
10/30/1995 19:00,21.5287,23.5489,22.7803,17.5632,27.7859,24.116,15.0977,28.4667,23.3224,16.1017,17.9548,18.0453,17.7771,14.5879,12.5821,18.4167,10/1/1995
11/29/1995 19:00,22.093,24.1411,23.4178,18.2234,28.4199,24.6451,15.325,28.9307,23.9383,16.5996,18.8174,18.6918,18.9286,14.7869,12.9007,18.5119,11/1/1995
12/30/1995 19:00,22.7079,24.8143,24.1999,18.8744,29.2757,25.1826,15.5501,29.7307,24.4508,17.058,19.4292,18.9893,19.6439,15.3199,13.2494,19.2387,12/1/1995
1/30/1996 19:00,23.3269,25.4425,24.8651,19.3749,30.0974,25.7273,15.9408,30.3885,25.0345,17.6105,19.8447,18.8098,20.5792,15.8179,13.6721,20.007,1/1/1996
2/28/1996 19:00,23.79,25.9385,25.4063,19.8452,30.696,26.16,16.1438,30.9217,25.4386,18.0028,20.3933,18.5139,21.5447,16.068,13.9321,20.2562,2/1/1996
3/30/1996 19:00,24.2539,26.4178,25.9527,20.2975,31.3408,26.5688,16.3907,31.3905,25.8666,18.3799,21.0581,19.414,21.963,16.2589,14.1273,20.4351,3/1/1996
4/29/1996 19:00,24.8315,27.0231,26.5912,20.9712,31.9145,27.0772,16.6296,32.0259,26.3733,18.8802,21.7356,20.5867,22.5724,16.5881,14.5752,20.5846,4/1/1996
5/30/1996 19:00,25.3121,27.4928,27.0716,21.3409,32.4842,27.5188,16.8557,32.5319,26.8291,19.3329,22.5537,21.2264,23.3351,16.8131,14.7809,20.7869,5/1/1996
6/29/1996 19:00,25.7861,28.0027,27.5773,21.7371,33.0819,28.0264,17.0789,32.9947,27.4416,19.7048,22.9139,21.1273,23.9707,17.1149,15.0954,21.1488,6/1/1996
7/30/1996 19:00,26.2622,28.5262,28.1288,22.1695,33.7672,28.5244,17.3433,33.5598,27.9724,20.0531,23.2022,20.9388,24.6454,17.4998,15.4407,21.6099,7/1/1996
8/30/1996 19:00,26.7824,29.0729,28.6994,22.5617,34.5214,29.0186,17.6397,34.1304,28.4492,20.4937,23.6478,20.9288,25.3696,17.9309,15.8565,22.0821,8/1/1996
9/29/1996 19:00,27.2848,29.605,29.2729,22.9515,35.2742,29.5252,17.9671,34.6769,28.9246,20.9162,24.0272,21.1565,25.9631,18.3365,16.2515,22.5228,9/1/1996
10/30/1996 19:00,27.7646,30.102,29.7819,23.3015,35.9157,30.0246,18.2433,35.181,29.4739,21.3276,24.5053,21.3815,26.3218,18.7458,16.6672,22.8124,10/1/1996
11/29/1996 19:00,28.1981,30.5839,30.2903,23.7373,36.5627,30.4505,18.5127,35.572,29.9195,21.6482,24.9358,21.4568,27.2083,18.9826,17.0365,22.9516,11/1/1996
12/30/1996 19:00,28.9571,31.2204,30.9033,24.1992,37.2684,31.0943,18.774,36.4222,30.6256,22.5912,25.2453,21.2409,27.8102,20.6661,17.5822,26.4832,12/1/1996
1/30/1997 19:00,29.4342,31.7561,31.5439,24.7689,37.9489,31.4966,19.0267,36.9884,30.9847,22.9022,25.7561,22.0312,28.2504,20.6066,17.7383,26.1892,1/1/1997
2/27/1997 19:00,29.8372,32.1796,31.9123,25.0376,38.4196,31.9498,19.3912,37.4755,31.4321,23.2672,26.2001,22.6795,28.415,20.8987,17.9357,26.6556,2/1/1997
3/30/1997 19:00,30.1422,32.45,32.1375,25.1641,38.7793,32.3094,19.6744,37.8362,31.8467,23.6429,26.7232,23.7914,28.3585,21.2044,18.0616,27.1498,3/1/1997
4/29/1997 19:00,30.4193,32.7822,32.3968,25.3265,39.1501,32.6781,19.9793,38.1041,32.2937,23.732,26.6184,23.5436,28.6098,21.4004,18.2261,27.6426,4/1/1997
5/30/1997 19:00,30.7423,33.1904,32.7765,25.5954,39.621,33.1204,20.264,38.5032,32.8097,23.8856,26.6382,22.964,28.8841,21.7354,18.4603,27.8966,5/1/1997
6/29/1997 19:00,31.0997,33.6031,33.1669,25.8526,40.1336,33.5759,20.536,38.9555,33.3012,24.1103,26.599,22.5566,29.1046,22.0875,18.8861,28.265,6/1/1997
7/30/1997 19:00,31.5048,34.0127,33.5288,26.1021,40.6429,34.0499,20.8367,39.379,33.8677,24.4743,26.936,23.5038,29.1764,22.4656,19.2683,28.6517,7/1/1997
8/30/1997 19:00,31.9662,34.4599,33.8929,26.3129,41.1741,34.562,21.1541,39.8631,34.4386,24.9382,27.5631,25.1107,29.1218,22.7922,19.5811,29.0146,8/1/1997
9/29/1997 19:00,32.4168,34.9466,34.3914,26.7519,41.6961,35.0488,21.4672,40.3846,34.9859,25.3129,27.9356,25.3581,29.6274,23.1237,19.9266,29.3424,9/1/1997
10/30/1997 19:00,32.8018,35.4172,34.843,27.0852,42.245,35.5497,21.7677,40.8921,35.5379,25.4941,27.9021,24.5161,29.883,23.5142,20.3069,29.6175,10/1/1997
11/29/1997 19:00,33.1362,35.8768,35.2722,27.4684,42.7674,36.0178,22.0785,41.4447,35.9526,25.5788,27.9783,24.4982,30.195,23.6165,20.6083,29.594,11/1/1997
12/30/1997 19:00,33.4261,36.29,35.6379,27.641,43.2975,36.4652,22.3771,42.0228,36.4289,25.5613,28.144,24.7167,30.3139,23.7438,20.6698,29.6463,12/1/1997
1/30/1998 19:00,33.8559,36.7014,35.9763,27.9366,43.6607,36.9753,22.7561,42.6033,36.943,25.9956,28.5088,25.7812,30.4295,23.9502,20.8762,29.9915,1/1/1998
2/27/1998 19:00,34.3587,37.2675,36.5797,28.5849,44.1797,37.4511,23.0633,43.1402,37.3991,26.3752,29.056,26.5544,30.6752,24.2026,21.0475,30.4032,2/1/1998
3/30/1998 19:00,34.7705,37.5851,36.8528,28.7907,44.5506,37.842,23.3834,43.5911,37.7868,26.9124,30.0249,27.8105,31.1821,24.4521,21.2923,30.7583,3/1/1998
4/29/1998 19:00,35.029,37.9357,37.1883,29.0161,44.9999,38.2194,23.6746,44.0236,38.1418,27.0179,30.0139,27.685,31.4694,24.5942,21.3054,30.96,4/1/1998
5/30/1998 19:00,35.4308,38.3847,37.5955,29.3148,45.4973,38.7022,24.0267,44.4858,38.6316,27.2723,30.4803,28.6081,31.6528,24.741,21.3456,31.1849,5/1/1998
6/29/1998 19:00,35.9506,38.9258,38.2346,30.0179,46.0083,39.1456,24.3433,44.9689,39.058,27.7191,30.9825,29.3699,31.9591,25.0969,21.7176,31.6816,6/1/1998
7/30/1998 19:00,36.4522,39.383,38.6737,30.3675,46.5668,39.6219,24.6631,45.4328,39.5773,28.2531,31.6685,30.3113,32.6017,25.475,22.0481,32.1553,7/1/1998
8/30/1998 19:00,36.9597,39.9495,39.2254,30.77,47.2732,40.1558,24.8592,45.9881,40.1672,28.626,32.0162,30.088,33.1854,25.8485,22.3096,32.7017,8/1/1998
9/29/1998 19:00,37.5699,40.6652,40.0718,31.5859,48.0852,40.7076,25.3336,46.7469,40.6583,29.0005,32.3805,30.1792,33.7413,26.1761,22.5698,33.187,9/1/1998
10/30/1998 19:00,38.1984,41.3516,40.8727,32.3336,48.8958,41.2489,25.6464,47.4686,41.1407,29.4722,33.025,31.5981,33.8004,26.5315,22.8796,33.4893,10/1/1998
11/29/1998 19:00,38.7907,41.908,41.4116,32.7317,49.6109,41.8071,25.9919,47.9813,41.7904,30.1272,33.801,33.5032,33.9463,27.1554,23.9874,33.5218,11/1/1998
12/30/1998 19:00,39.555,42.5239,42.0384,33.1788,50.3877,42.385,26.3411,48.6658,42.4148,31.0333,34.8608,35.6764,34.2238,28.2557,24.4353,35.6392,12/1/1998
1/30/1999 19:00,40.2307,43.2533,42.9443,34.1951,51.101,42.9307,26.6085,49.1746,43.056,31.5892,35.773,38.3558,34.2813,28.224,24.4914,35.514,1/1/1999
2/27/1999 19:00,40.6977,43.8838,43.5299,34.5886,51.8757,43.5624,26.9997,49.6556,43.8615,31.7642,35.7825,37.7564,34.5984,28.5503,24.8163,35.8823,2/1/1999
3/30/1999 19:00,41.0984,44.4731,44.0188,34.8492,52.6583,44.3006,27.4019,50.3664,44.7785,31.754,35.462,36.1578,34.8327,28.8191,25.0019,36.2089,3/1/1999
4/29/1999 19:00,41.5218,45.0359,44.5297,35.1377,53.3983,44.8802,27.8197,50.8115,45.5055,31.8552,35.235,35.4655,35.041,29.124,25.4097,36.587,4/1/1999
5/30/1999 19:00,41.9123,45.5226,45.0095,35.4344,54.0593,45.376,28.1676,51.3404,45.975,32.0394,35.414,35.7338,35.222,29.3689,25.2908,37.0815,5/1/1999
6/29/1999 19:00,42.2925,45.9863,45.4652,35.7508,54.6434,45.8802,28.5537,51.9017,46.4397,32.2351,35.374,35.3827,35.2698,29.748,25.7784,37.471,6/1/1999
7/30/1999 19:00,42.7463,46.4665,45.8865,36.1235,55.1408,46.4137,28.8872,52.3828,47.0834,32.5546,35.4601,35.8294,35.3235,30.1767,26.2637,37.8361,7/1/1999
8/30/1999 19:00,43.1006,46.9458,46.3214,36.4878,55.6436,46.9141,29.1385,52.8803,47.6147,32.6688,35.2404,35.3532,35.1145,30.5373,26.6361,38.1259,8/1/1999
9/29/1999 19:00,43.4797,47.4099,46.7169,36.7567,56.1436,47.455,30.0445,53.3595,48.2161,32.8567,35.1195,35.0397,35.0966,30.9131,27.0797,38.4748,9/1/1999
10/30/1999 19:00,43.8011,47.8287,47.1397,37.0468,56.6981,47.869,30.3531,53.7747,48.6858,32.9636,34.9443,34.3752,35.2207,31.2404,27.3563,38.7593,10/1/1999
11/29/1999 19:00,44.0712,48.2057,47.5194,37.3167,57.1956,48.2337,30.7393,54.1143,49.081,33.0355,34.8546,34.0946,35.2952,31.5255,27.7648,39.0877,11/1/1999
12/30/1999 19:00,44.348,48.5664,47.8608,37.625,57.5479,48.6051,31.1291,54.4248,49.5224,32.9947,34.8442,34.0337,35.2344,31.8494,28.2271,39.0042,12/1/1999
1/30/2000 19:00,44.6533,48.9322,48.1558,37.8156,57.955,49.0821,31.5385,54.8105,50.0432,33.2428,34.8039,34.2476,35.3775,31.9876,28.3781,39.1886,1/1/2000
2/28/2000 19:00,44.999,49.3,48.4656,38.0584,58.312,49.4815,31.9683,55.208,50.4247,33.5994,35.1483,34.6198,35.5486,32.3269,28.6925,39.6335,2/1/2000
3/30/2000 19:00,45.312,49.5673,48.7193,38.2841,58.6223,49.7763,32.3383,55.4975,50.7045,33.9309,35.4492,34.9053,35.6217,32.6624,29.2071,39.9106,3/1/2000
4/29/2000 19:00,45.5996,49.8241,48.9598,38.4688,58.9032,50.0607,32.6899,55.8493,50.9532,34.2604,35.6945,35.8227,35.5307,33.0394,29.4476,40.1406,4/1/2000
5/30/2000 19:00,45.9653,50.144,49.2151,38.6565,59.2175,50.4318,33.103,56.1948,51.2853,34.7051,36.159,36.4829,35.9878,33.553,30.0903,40.4123,5/1/2000
6/29/2000 19:00,46.3368,50.4345,49.4259,38.8108,59.4787,50.8301,33.5015,56.5344,51.7085,35.2292,36.8471,37.7893,36.1478,34.0034,30.7583,40.6962,6/1/2000
7/30/2000 19:00,46.6903,50.7695,49.7466,39.077,59.8771,51.1735,33.8886,56.8238,52.0971,35.5224,36.777,37.5327,36.4341,34.4721,31.3444,41.0108,7/1/2000
8/30/2000 19:00,47.0133,51.0744,50.0201,39.2976,60.205,51.4927,34.1488,57.0656,52.4467,35.9361,36.9378,37.9082,36.2279,35.0711,32.0072,41.4098,8/1/2000
9/29/2000 19:00,47.2826,51.3213,50.2631,39.5261,60.4379,51.7535,34.7144,57.303,52.7206,36.2109,36.9253,38.0094,36.1563,35.4794,32.5419,41.7342,9/1/2000
10/30/2000 19:00,47.6152,51.6425,50.4341,39.6345,60.6528,52.2581,35.0629,57.5977,53.4772,36.554,37.2199,38.8423,36.0682,35.8499,32.8899,42.0203,10/1/2000
11/29/2000 19:00,47.8724,52.0252,50.7307,39.8712,61.0208,52.7264,35.474,57.9128,54.1346,36.5305,37.1476,38.4259,36.2864,35.984,33.1304,42.1209,11/1/2000
12/30/2000 19:00,48.2739,52.3129,50.9776,40.0535,61.3233,53.051,35.8836,58.1661,54.5152,36.9642,38.2761,40.6152,36.465,36.2544,33.4588,42.1049,12/1/2000
1/30/2001 19:00,48.2936,52.4932,51.1633,40.1497,61.6225,53.2633,36.3378,58.4173,54.5249,36.7794,37.5379,39.0407,36.6716,36.2115,33.7297,41.6385,1/1/2001
2/27/2001 19:00,48.2382,52.726,51.3544,40.3401,61.7753,53.5224,36.7153,58.6394,54.7897,36.282,35.9976,35.5632,36.3442,36.4303,34.0327,41.7947,2/1/2001
3/30/2001 19:00,48.5941,52.9991,51.5335,40.5686,61.9106,53.9192,37.0754,58.9445,55.2781,36.6986,36.8149,37.1606,36.5524,36.4998,34.0267,42.1981,3/1/2001
4/29/2001 19:00,48.8869,53.2649,51.782,40.873,62.0712,54.2002,37.4235,59.2203,55.5664,37.0251,37.5799,38.0408,37.2075,36.497,33.6633,42.4892,4/1/2001
5/30/2001 19:00,49.2173,53.5589,51.9778,41.139,62.1631,54.5851,37.8252,59.4931,56.015,37.4376,37.952,38.112,37.8532,37.0442,34.0597,43.2754,5/1/2001
6/29/2001 19:00,49.4256,53.8522,52.2381,41.3746,62.4413,54.9188,38.2265,59.7516,56.3768,37.4764,37.7893,37.4888,37.8756,37.3145,34.3431,43.6487,6/1/2001
7/30/2001 19:00,49.4589,54.0828,52.3835,41.565,62.5418,55.25,38.5961,60.069,56.7173,37.0316,37.2705,36.3552,38.0098,36.7938,33.3124,43.959,7/1/2001
8/30/2001 19:00,49.7791,54.3251,52.5216,41.6832,62.7035,55.5989,38.7859,60.361,57.1097,37.5781,38.6535,39.089,38.3347,36.6382,32.8497,44.1729,8/1/2001
9/29/2001 19:00,50.1474,54.5722,52.6903,41.8303,62.8867,55.9481,39.7715,60.6958,57.3763,38.1257,39.3163,40.1221,38.7456,36.9747,33.3793,44.33,9/1/2001
10/30/2001 19:00,50.3545,54.7522,52.784,41.9611,62.8906,56.2471,40.1232,60.9762,57.6796,38.3795,39.6813,40.4475,39.0145,37.1256,33.4209,44.5874,10/1/2001
11/29/2001 19:00,50.361,54.9242,52.8461,42.0775,62.9125,56.5356,40.5615,61.2324,57.9894,38.0191,39.2724,39.7909,38.9664,36.99,33.2905,44.6785,11/1/2001
12/30/2001 19:00,50.3572,55.0659,52.9053,42.1438,62.9582,56.7841,40.981,61.4483,58.2143,37.5606,38.7377,37.9831,38.9371,36.943,32.9903,44.8294,12/1/2001
1/30/2002 19:00,50.6399,55.19,52.8558,42.1228,62.8895,57.13,41.3778,61.6696,58.5656,38.2765,39.6734,41.1619,38.7111,37.1792,32.6063,46.2689,1/1/2002
2/27/2002 19:00,50.6001,55.4318,52.968,42.2199,62.9835,57.5133,41.7169,62.0728,58.9782,37.8194,37.6649,36.6344,38.3775,37.8747,33.6902,46.3534,2/1/2002
3/30/2002 19:00,50.8315,55.5773,53.068,42.4354,62.9455,57.7795,42.1205,62.3947,59.1818,38.1457,37.7607,37.0754,38.1947,38.3736,34.168,46.6504,3/1/2002
4/29/2002 19:00,51.2646,55.8822,53.1879,42.5875,63.0231,58.2115,42.4549,62.7135,59.681,38.7045,38.3898,38.6866,38.0733,38.8725,35.1867,46.9304,4/1/2002
5/30/2002 19:00,51.5584,56.0258,53.2573,42.723,63.0013,58.4621,42.7541,63.0477,59.8645,39.3956,38.7554,39.949,38.0832,39.8907,36.3376,47.1739,5/1/2002
6/29/2002 19:00,51.907,56.2044,53.3202,42.8146,63.0391,58.7748,43.0972,63.3932,60.138,40.0777,39.8949,42.6239,38.1503,40.3385,36.9008,47.4893,6/1/2002
7/30/2002 19:00,52.1997,56.4052,53.4408,42.9526,63.1346,59.0638,43.4416,63.7203,60.3608,40.4996,40.5555,43.9456,38.5574,40.4771,37.0002,47.7476,7/1/2002
8/30/2002 19:00,52.3955,56.6407,53.5655,43.1099,63.2198,59.3885,43.7384,64.0484,60.6282,40.7243,40.6364,43.4807,38.7507,40.802,37.2973,47.974,8/1/2002
9/29/2002 19:00,52.5978,56.8424,53.6347,43.2304,63.2442,59.6838,43.9873,64.3415,60.8591,40.825,40.1837,42.2884,38.7729,41.1475,37.7255,48.2825,9/1/2002
10/30/2002 19:00,52.7949,57.0145,53.7871,43.432,63.3108,59.9071,44.3585,64.6184,60.9953,41.133,40.0816,41.5974,38.9209,41.6979,38.3695,48.4981,10/1/2002
11/29/2002 19:00,53.0056,57.1571,53.8244,43.5576,63.2892,60.1523,44.7896,64.9034,61.1811,41.6046,41.068,44.5789,38.8799,41.9413,38.6408,48.7096,11/1/2002
12/30/2002 19:00,53.1958,57.2948,53.8864,43.659,63.3193,60.3712,45.1886,65.1384,61.3388,41.8032,42.0649,46.4147,38.8579,41.9224,38.4642,48.7208,12/1/2002
1/30/2003 19:00,53.2747,57.4467,53.9183,43.7384,63.3413,60.6442,45.565,65.3328,61.5851,41.8677,41.3357,44.824,39.0262,42.1757,39.0699,48.5001,1/1/2003
2/27/2003 19:00,53.4256,57.6077,54.0135,43.8705,63.3715,60.8685,46.0441,65.5244,61.7717,42.0654,41.5758,45.3437,39.4176,42.2202,39.2307,48.3781,2/1/2003
3/30/2003 19:00,53.7682,57.8206,54.1872,44.103,63.4918,61.1507,46.4277,65.8253,62.0158,42.5999,42.6833,47.4325,39.8109,42.4105,39.6107,48.5289,3/1/2003
4/29/2003 19:00,53.9057,58.0019,54.291,44.2608,63.5435,61.3941,46.7818,66.0175,62.2865,42.5883,42.4035,45.6838,40.2085,42.5632,39.5719,48.6175,4/1/2003
5/30/2003 19:00,54.0204,58.2486,54.4336,44.4302,63.6573,61.7165,47.0803,66.2422,62.6896,42.3295,42.2482,45.4297,40.3862,42.3499,39.3044,48.7412,5/1/2003
6/29/2003 19:00,54.1707,58.3959,54.4933,44.5767,63.6275,61.9581,47.3676,66.4834,62.9267,42.4808,42.524,45.7771,40.4723,42.5744,39.5219,48.9533,6/1/2003
7/30/2003 19:00,54.3629,58.5782,54.5823,44.7134,63.6687,62.2324,47.6921,66.684,63.2132,42.6312,42.4277,45.8208,40.3739,42.7562,39.7065,49.1707,7/1/2003
8/30/2003 19:00,54.5099,58.8293,54.7214,44.8607,63.7951,62.573,48.4404,66.9458,63.4218,42.622,41.9723,44.5789,40.2574,43.0416,39.9807,49.3684,8/1/2003
9/29/2003 19:00,54.7023,58.9403,54.8191,44.9551,63.9011,62.6791,47.9604,67.1673,63.5924,42.9421,42.2974,44.7649,40.6493,43.254,40.2382,49.576,9/1/2003
10/30/2003 19:00,54.8553,59.1018,54.9353,45.0968,63.9542,62.9118,48.3712,67.4059,63.7829,43.1027,42.6066,44.7166,41.0729,43.3604,40.2285,49.7889,10/1/2003
11/29/2003 19:00,55.0759,59.2912,55.0963,45.3635,64.0441,63.1241,48.8085,67.6063,63.9512,43.4688,43.1974,45.621,41.7593,43.6681,40.5897,50.0213,11/1/2003
12/30/2003 19:00,55.2663,59.4821,55.258,45.6507,64.0979,63.3447,49.1753,67.8022,64.149,43.5893,43.5666,45.317,42.0397,43.8162,40.6859,49.9802,12/1/2003
1/30/2004 19:00,55.5228,59.6377,55.4029,45.887,64.1701,63.5184,49.4968,67.9354,64.2554,44.2446,44.328,45.8888,43.1933,44.0793,40.7904,50.8111,1/1/2004
2/28/2004 19:00,55.8592,59.8037,55.5659,46.1416,64.2226,63.6705,49.8762,68.0757,64.3677,45.0696,45.7897,49.0575,43.9214,44.5619,41.2097,51.4621,2/1/2004
3/30/2004 19:00,56.0442,59.9883,55.7241,46.3963,64.2839,63.934,50.2212,68.4801,64.4852,45.0745,45.2857,45.9572,44.7809,44.8611,41.4889,51.9486,3/1/2004
4/29/2004 19:00,56.1754,60.204,55.8679,46.6381,64.3321,64.1816,50.5667,68.7978,64.6206,45.0712,44.5217,43.9928,44.5973,45.2902,41.8241,52.6245,4/1/2004
5/30/2004 19:00,56.3759,60.4127,56.0456,46.8924,64.4401,64.4068,50.8943,69.0477,64.781,45.1885,44.2469,43.8271,44.6356,45.7145,42.3322,52.7753,5/1/2004
6/29/2004 19:00,56.5879,60.6346,56.2799,47.1977,64.5945,64.6198,51.1946,69.2355,65.0121,45.3423,44.1185,42.7656,44.8503,46.213,42.9637,52.9542,6/1/2004
7/30/2004 19:00,56.8083,60.8206,56.4972,47.5001,64.7279,64.7844,51.5642,69.4273,65.0124,45.6174,44.0517,42.039,45.2429,46.5866,43.3984,53.2384,7/1/2004
8/30/2004 19:00,57.1401,61.0359,56.7001,47.801,64.8346,64.992,51.8552,69.5941,65.2106,46.3683,45.4517,44.2102,46.0271,46.9417,43.8224,53.4051,8/1/2004
9/29/2004 19:00,57.4546,61.2201,56.8958,48.0664,64.9671,65.174,51.7692,69.7912,65.4005,46.9461,46.3797,46.2474,46.3153,47.1948,44.1459,53.5683,9/1/2004
10/30/2004 19:00,57.8007,61.4277,57.1086,48.3368,65.0946,65.3882,52.2317,69.937,65.6391,47.6667,48.1321,50.296,46.5659,47.3851,44.2742,53.8115,10/1/2004
11/29/2004 19:00,58.0442,61.6135,57.2391,48.5356,65.1932,65.6106,52.611,70.1223,65.8582,48.0759,49.0821,52.6096,46.9361,47.509,44.3701,54.0164,11/1/2004
12/30/2004 19:00,58.1008,61.7975,57.3753,48.8119,65.2005,65.8269,52.9568,70.2942,66.0923,47.7895,47.9821,48.4237,47.316,47.7862,44.6071,54.1235,12/1/2004
1/30/2005 19:00,58.0399,61.9702,57.4954,48.8868,65.3645,66.0791,53.4107,70.4074,66.3424,47.2174,45.8962,43.329,47.3866,47.8605,44.7508,54.2245,1/1/2005
2/27/2005 19:00,58.234,62.1268,57.6272,49.0072,65.493,66.2393,53.6874,70.4997,66.5365,47.5303,47.0649,46.4729,47.501,47.8123,44.7084,54.2156,2/1/2005
3/30/2005 19:00,58.4332,62.2339,57.7643,49.1717,65.5988,66.3761,53.9911,70.5918,66.7067,47.9196,47.7417,47.6294,47.6758,47.9909,44.6676,54.495,3/1/2005
4/29/2005 19:00,58.8252,62.4483,57.9067,49.3272,65.7266,66.599,54.2532,70.6735,66.9375,48.6482,49.3992,52.013,47.6399,48.0728,45.2447,54.7516,4/1/2005
5/30/2005 19:00,59.0079,62.5959,58.062,49.5028,65.8739,66.7448,54.5321,70.7556,67.128,49.0069,50.5107,55.3329,47.746,47.976,44.6536,54.9348,5/1/2005
6/29/2005 19:00,59.0827,62.7884,58.2584,49.7256,66.0287,66.9359,54.8476,70.8912,67.3497,48.7328,49.5566,51.9453,48.0613,48.3096,44.9658,55.1856,6/1/2005
7/30/2005 19:00,59.3513,62.9793,58.3936,49.876,66.1491,67.186,55.1223,71.0752,67.5885,49.1934,50.1692,52.7169,48.5104,48.5661,45.3097,55.2903,7/1/2005
8/30/2005 19:00,59.4011,63.1188,58.4971,50.034,66.189,67.3495,55.3794,71.2312,67.7344,49.074,49.5396,50.9608,48.4921,48.7641,45.5633,55.3976,8/1/2005
9/29/2005 19:00,59.4671,63.2745,58.6233,50.2159,66.2717,67.5433,55.4117,71.4402,67.887,48.8356,48.3667,47.9858,48.3607,49.0069,45.8083,55.6326,9/1/2005
10/30/2005 19:00,59.5538,63.4559,58.7638,50.3365,66.4168,67.7665,55.8784,71.6948,68.0656,48.6603,47.6715,46.5625,48.1494,49.3817,46.3069,55.7841,10/1/2005
11/29/2005 19:00,59.7253,63.63,58.8743,50.4661,66.5412,67.9923,56.2139,71.8933,68.269,48.865,47.015,45.7775,47.864,50.0377,47.1776,55.9907,11/1/2005
12/30/2005 19:00,60.0029,63.8045,58.9886,50.5768,66.6592,68.2086,56.5308,72.0777,68.5102,49.4336,47.8813,47.6663,47.7537,50.4357,47.6486,56.0907,12/1/2005
1/30/2006 19:00,60.3147,63.8926,59.0831,50.6196,66.7923,68.3304,56.8201,72.2656,68.4629,50.4001,49.3543,51.9119,47.6264,50.8169,48.2954,55.9178,1/1/2006
2/27/2006 19:00,60.4049,64.034,59.192,50.7965,66.8317,68.4692,57.1599,72.3987,68.5468,50.3423,49.9916,54.2322,47.532,50.6502,48.193,55.7173,2/1/2006
3/30/2006 19:00,60.4921,64.2822,59.3524,50.981,66.9624,68.8242,57.4574,72.7436,68.9169,49.9091,48.4067,49.9586,47.3578,50.8101,48.6186,55.9151,3/1/2006
4/29/2006 19:00,60.6401,64.467,59.488,51.1146,67.0992,69.0712,57.738,73.0145,69.1373,49.9874,47.9086,48.7373,47.2957,51.1178,48.8379,55.9512,4/1/2006
5/30/2006 19:00,60.7991,64.644,59.5645,51.2331,67.1449,69.3203,58.0345,73.314,69.3154,50.0977,48.6063,50.5664,47.5367,50.9499,48.5627,56.1401,5/1/2006
6/29/2006 19:00,60.9886,64.8659,59.7406,51.4501,67.2688,69.5813,58.3041,73.6488,69.5285,50.1573,48.6083,50.1355,47.607,51.1936,48.7692,56.3109,6/1/2006
7/30/2006 19:00,61.1713,65.0804,59.9208,51.6955,67.3846,69.8379,58.5679,73.8698,69.7619,50.2406,48.2994,49.0712,47.7057,51.4348,49.0193,56.5435,7/1/2006
8/30/2006 19:00,61.4633,65.2566,60.091,51.8975,67.4991,70.0146,58.7559,74.08,69.9255,50.9056,49.7337,52.2084,48.0342,51.6224,49.1502,56.8782,8/1/2006
9/29/2006 19:00,61.9047,65.4869,60.3426,52.2767,67.6436,70.2196,58.7596,74.2207,70.1802,51.8549,51.892,56.3267,48.7537,51.6952,49.1969,56.9943,9/1/2006
10/30/2006 19:00,62.1172,65.6663,60.5334,52.4768,67.8278,70.3942,59.1973,74.3688,70.3542,52.1282,53.1173,58.9741,49.1636,51.6322,49.0186,57.175,10/1/2006
11/29/2006 19:00,62.1724,65.8882,60.7737,52.8611,67.9601,70.5956,59.4982,74.5222,70.538,51.7993,51.5324,55.0289,49.3333,51.9844,49.4217,57.327,11/1/2006
12/30/2006 19:00,62.422,66.1219,61.0027,53.1412,68.1287,70.8172,59.8017,74.7612,70.7456,52.0921,51.8819,55.2387,49.5557,52.2127,49.6735,57.4967,12/1/2006
1/30/2007 19:00,62.6969,66.3783,61.3374,53.7158,68.2122,71.0272,60.0548,74.9839,70.8912,52.5035,52.1088,55.6543,49.8658,52.5352,49.9167,57.7525,1/1/2007
2/27/2007 19:00,62.8671,66.569,61.4891,53.8869,68.3459,71.2334,60.3613,75.1567,71.1058,52.5804,52.8468,57.3987,50.1375,52.5835,50.0311,57.8492,2/1/2007
3/30/2007 19:00,63.0187,66.7231,61.6248,54.0187,68.4828,71.4281,60.6474,75.3515,71.2838,52.5744,52.575,56.6197,49.9975,52.5539,50.0184,57.974,3/1/2007
4/29/2007 19:00,63.0645,66.8883,61.7851,54.1738,68.6469,71.5859,60.9214,75.5247,71.3265,52.4742,52.4924,55.561,50.4781,52.2917,49.7862,58.0169,4/1/2007
5/30/2007 19:00,63.2156,67.0762,61.9436,54.3568,68.7916,71.7894,61.1928,75.6786,71.5755,52.4454,51.6125,52.4721,51.0936,52.8979,50.4399,58.2335,5/1/2007
6/29/2007 19:00,63.4277,67.2913,62.1781,54.7196,68.889,71.9854,61.5038,75.827,71.7699,52.6217,51.8165,52.113,51.4635,53.173,50.6714,58.4269,6/1/2007
7/30/2007 19:00,63.7059,67.5336,62.4852,55.1744,69.0524,72.1709,61.7843,76.0068,71.9006,52.9738,52.2852,53.2213,51.5446,53.3775,50.8969,58.595,7/1/2007
8/30/2007 19:00,63.9481,67.7897,62.7487,55.5578,69.1629,72.422,62.1176,76.2511,72.1333,53.231,52.8115,54.3797,51.7098,53.472,51.0261,58.6826,8/1/2007
9/29/2007 19:00,64.2711,68.0065,62.9772,55.9589,69.2487,72.621,62.2545,76.4604,72.2697,53.794,53.7506,56.0522,52.03,53.6854,51.2995,58.7859,9/1/2007
10/30/2007 19:00,64.4569,68.2605,63.2769,56.47,69.3551,72.8217,62.6442,76.6369,72.4965,53.756,53.5185,55.3448,52.1757,54.0472,51.748,59.0171,10/1/2007
11/29/2007 19:00,64.6243,68.4712,63.5551,56.9469,69.475,72.9789,62.9378,76.8211,72.5443,53.9067,54.0539,56.8662,52.2799,53.8079,51.2215,59.2035,11/1/2007
12/30/2007 19:00,64.7632,68.68,63.7696,57.148,69.6832,73.1678,63.2366,76.9995,72.7207,53.8409,53.6677,55.4126,52.4638,53.9149,51.3246,59.384,12/1/2007
1/30/2008 19:00,65.004,68.9177,63.9608,57.3949,69.7931,73.472,63.5699,77.3059,72.9675,54.1815,53.9677,56.0875,52.658,54.1528,51.5255,59.3555,1/1/2008
2/28/2008 19:00,65.183,69.1474,64.1842,57.7005,69.9448,73.6939,63.7992,77.6178,73.1546,54.1686,53.7685,55.3246,52.7369,54.5977,51.9191,60.1353,2/1/2008
3/30/2008 19:00,65.6094,69.4126,64.5187,58.1572,70.1631,73.9112,64.0823,77.8646,73.3573,55.0386,54.8364,57.1682,53.2843,55.1285,52.1962,60.997,3/1/2008
4/29/2008 19:00,65.9815,69.7941,64.8918,58.761,70.3057,74.2542,64.364,78.1418,73.6825,55.2835,55.2878,57.2035,53.8952,55.098,52.5815,61.2604,4/1/2008
5/30/2008 19:00,66.3544,70.1443,65.3275,59.4212,70.5262,74.5347,64.6292,78.4583,73.9823,55.7448,55.5058,57.256,54.3391,55.8419,53.2178,61.4895,5/1/2008
6/29/2008 19:00,66.7684,70.5056,65.7264,59.9487,70.7946,74.8591,64.907,78.7171,74.3761,56.2656,56.2995,58.6917,54.8248,56.2579,53.7057,61.633,6/1/2008
7/30/2008 19:00,67.1369,70.8206,66.0625,60.3614,71.0545,75.1561,65.245,78.9793,74.6863,56.7777,56.7642,58.4261,55.5363,56.7509,54.1308,62.249,7/1/2008
8/30/2008 19:00,67.5253,71.1991,66.5388,60.8988,71.4325,75.4587,65.5943,79.2128,75.0161,57.2244,56.903,57.7697,56.2354,57.3927,54.6627,63.1655,8/1/2008
9/29/2008 19:00,67.817,71.5284,66.8665,61.2545,71.7572,75.7749,65.9727,79.3987,75.3513,57.3983,56.3825,55.8584,56.5699,57.9527,55.0613,64.0596,9/1/2008
10/30/2008 19:00,68.2113,71.7631,67.029,61.359,71.9902,76.0768,66.3366,79.7824,75.6227,58.1396,57.6475,58.3742,57.0754,58.5606,55.7969,64.4754,10/1/2008
11/29/2008 19:00,68.6684,72.152,67.4825,61.9635,72.3369,76.4077,66.6286,80.093,75.9695,58.8676,59.2723,60.9459,58.1399,58.5872,55.513,64.9964,11/1/2008
12/30/2008 19:00,68.9933,72.4837,67.9303,62.5732,72.5966,76.6044,66.9166,80.2317,76.2021,59.1129,59.9402,61.3636,58.9206,58.5565,55.4172,65.2119,12/1/2008
1/30/2009 19:00,69.0715,72.7267,68.3214,62.9426,72.9727,76.7158,67.1699,80.342,76.1951,58.8514,59.7772,60.1467,59.5864,58.193,54.4803,65.635,1/1/2009
2/27/2009 19:00,69.1854,72.984,68.6787,63.1795,73.4558,76.8801,67.533,80.6437,76.224,58.5503,59.5349,58.023,60.2882,58.1107,54.3843,65.8324,2/1/2009
3/30/2009 19:00,69.6131,73.3487,69.106,63.6108,73.8903,77.128,67.7983,80.9383,76.4293,59.068,60.5849,59.5464,61.0733,58.1205,54.6252,65.94,3/1/2009
4/29/2009 19:00,69.9626,73.6723,69.5502,64.0481,74.3212,77.3774,68.0439,81.0175,76.8336,59.6677,61.7932,61.7259,61.5661,58.1663,54.4135,66.0562,4/1/2009
5/30/2009 19:00,70.3367,73.882,69.9272,64.3813,74.7382,77.4208,68.3111,81.1208,76.7102,60.3459,63.0553,64.8317,61.7313,58.6016,54.8985,66.2662,5/1/2009
6/29/2009 19:00,70.6034,74.1136,70.2601,64.677,75.1061,77.5533,68.5389,81.2622,76.7967,60.6734,63.737,66.8155,62.0507,58.7238,54.979,66.3737,6/1/2009
7/30/2009 19:00,70.7834,74.3719,70.5796,64.9327,75.4844,77.7442,68.8396,81.4319,76.9811,60.665,63.5729,66.1977,61.6557,58.7945,54.9683,66.5864,7/1/2009
8/30/2009 19:00,70.9714,74.5784,70.8799,65.2274,75.7502,77.8937,68.8636,81.5871,77.1514,60.8196,63.5141,66.9019,61.3243,59.0801,55.1021,67.2147,8/1/2009
9/29/2009 19:00,71.1764,74.811,71.1592,65.5817,75.9855,78.0674,68.8038,81.7592,77.3322,60.9709,63.8394,67.8886,61.2123,59.0767,54.9824,67.469,9/1/2009
10/30/2009 19:00,71.3027,75.0797,71.4121,65.9207,76.1758,78.3566,69.1501,81.933,77.766,60.6058,62.759,65.5103,60.9783,59.3006,55.2577,67.7079,10/1/2009
11/29/2009 19:00,71.3237,75.2534,71.5942,66.0985,76.3924,78.5145,69.4314,82.064,77.8861,60.3377,61.8809,63.2063,60.9416,59.3747,55.2812,67.9123,11/1/2009
12/30/2009 19:00,71.4599,75.4983,71.7208,66.1796,76.5403,78.8472,69.7124,82.3287,78.3206,60.1039,60.9498,60.7411,60.9179,59.5385,55.5284,68.0291,12/1/2009
1/30/2010 19:00,72.1467,75.9791,72.2071,66.6409,77.0152,79.3139,70.0062,82.6583,78.9152,61.4139,62.8462,65.4129,61.1427,60.4814,56.0531,69.4481,1/1/2010
2/27/2010 19:00,72.4957,76.1904,72.4688,66.9774,77.2055,79.5097,70.2913,82.9119,79.092,62.0637,63.7671,67.4452,61.2142,61.1564,56.5526,70.7168,2/1/2010
3/30/2010 19:00,72.9918,76.4154,72.6045,67.0965,77.3829,79.7648,70.5663,83.0762,79.4531,63.3038,66.0711,73.6925,61.3117,61.6075,56.9093,71.4349,3/1/2010
4/29/2010 19:00,72.9797,76.6034,72.7811,67.1825,77.6176,79.9842,70.8218,83.1666,79.7279,62.8724,64.0191,67.9097,61.3539,62.0073,57.4944,71.9066,4/1/2010
5/30/2010 19:00,73.0944,76.8006,72.9677,67.3433,77.8242,80.2105,71.0745,83.3725,79.9599,62.646,63.146,65.5431,61.4787,62.2974,57.4189,72.1528,5/1/2010
6/29/2010 19:00,73.2131,76.9626,73.0583,67.3584,77.9928,80.4444,71.3331,83.5729,80.2251,62.5887,62.4967,64.9955,61.4736,62.5948,57.6276,72.596,6/1/2010
7/30/2010 19:00,73.3543,77.1557,73.1968,67.4997,78.1269,80.6772,71.6243,83.7342,80.5089,62.6569,62.2956,63.6685,61.018,62.8403,57.8928,72.7844,7/1/2010
8/30/2010 19:00,73.5935,77.3265,73.4145,67.7291,78.3069,80.8238,71.8549,83.9118,80.5856,63.0781,62.9561,64.5946,61.8316,63.1074,58.2655,72.885,8/1/2010
9/29/2010 19:00,73.8448,77.5635,73.6285,67.8999,78.5829,81.0747,72.0948,84.0398,80.8436,63.4276,63.3952,65.3141,62.1679,63.4454,58.7326,73.0394,9/1/2010
10/30/2010 19:00,74.1963,77.7303,73.9418,68.1722,78.9559,81.1447,72.4316,84.1833,80.7847,64.134,64.7928,68.5327,62.3257,63.6791,59.0389,73.2633,10/1/2010
11/29/2010 19:00,74.4103,77.9873,74.245,68.6273,79.1338,81.3132,72.7079,84.3022,80.9593,64.3099,65.3979,69.7286,62.4329,63.6396,58.9179,73.4789,11/1/2010
12/30/2010 19:00,74.6105,78.1997,74.4649,69.0789,79.1144,81.4985,72.9801,84.4706,81.1406,64.3317,65.2063,69.2327,62.3219,63.7582,59.0695,73.6893,12/1/2010
1/30/2011 19:00,74.866,78.4666,74.7885,69.6491,79.2032,81.6978,73.2223,84.5769,81.3783,64.6853,65.4056,70.4296,62.1819,64.1263,59.4379,73.7594,1/1/2011
2/27/2011 19:00,75.0535,78.6538,75.1339,70.1607,79.3902,81.8071,73.4304,84.6796,81.486,64.7903,65.5598,70.3144,62.3938,64.3349,59.7894,73.845,2/1/2011
3/30/2011 19:00,75.2309,78.922,75.4749,70.7962,79.5034,81.8872,73.7004,84.8327,81.3957,64.792,64.8662,68.5858,62.6238,64.6155,60.6152,73.8301,3/1/2011
4/29/2011 19:00,75.3778,78.971,75.748,71.1934,79.6372,81.8413,73.9781,85.0096,81.1136,65.3548,66.457,71.8494,62.976,64.5667,59.9742,73.8472,4/1/2011
5/30/2011 19:00,75.4731,79.1937,75.9868,71.5641,79.7688,82.0238,74.1927,85.1742,81.2196,64.8291,65.1658,68.1661,63.3107,64.5798,59.9966,74.1706,5/1/2011
6/29/2011 19:00,75.611,79.4083,76.2632,71.9888,79.9155,82.1876,74.4379,85.3415,81.3617,64.6714,64.1404,66.1111,63.7484,64.8757,60.3421,74.3713,6/1/2011
7/30/2011 19:00,75.9639,79.6233,76.5091,72.366,80.0496,82.3651,74.7022,85.4724,81.561,65.5003,65.8451,67.3493,64.4361,65.2293,60.7004,74.6885,7/1/2011
8/30/2011 19:00,76.1198,79.8094,76.6296,72.562,80.0864,82.6027,75.2774,85.6037,81.8426,65.5749,65.722,66.7411,65.0864,65.4224,60.9206,74.8315,8/1/2011
9/29/2011 19:00,76.1883,79.9866,76.8676,72.8589,80.2808,82.75,75.1496,85.7391,82.0795,65.4094,64.8212,64.3998,65.223,65.7556,61.3778,74.9711,9/1/2011
10/30/2011 19:00,76.5713,80.2111,77.1367,73.2635,80.4578,82.982,75.519,85.8936,82.3562,66.1423,65.3292,63.9865,66.13,66.4485,62.2842,75.1737,10/1/2011
11/29/2011 19:00,76.9942,80.5485,77.4368,73.6925,80.6549,83.2854,75.7935,86.0264,82.8375,66.9389,65.9606,64.0001,67.0676,67.3301,63.4338,75.2859,11/1/2011
12/30/2011 19:00,77.4686,80.8206,77.8244,74.143,80.9875,83.4689,76.0679,86.1619,82.9969,67.7377,67.6218,66.0874,68.3789,67.6698,63.9457,75.3998,12/1/2011
1/30/2012 19:00,77.8935,81.0973,78.2612,74.6702,81.3524,83.5762,76.3676,86.2527,83.0788,68.771,70.2638,70.5102,70.0411,67.7908,64.1514,75.1953,1/1/2012
2/28/2012 19:00,77.9444,81.2947,78.6919,75.2703,81.6149,83.6451,76.6553,86.3683,83.0361,68.3451,69.0657,67.1338,70.2681,67.8806,64.5186,74.7578,2/1/2012
3/30/2012 19:00,78.0023,81.4929,78.8794,75.4943,81.7957,83.7428,76.9155,86.4964,83.0399,68.048,68.0702,64.6471,70.4445,67.9114,64.8452,74.3352,3/1/2012
4/29/2012 19:00,77.9721,81.6905,79.156,75.7783,82.028,83.9068,77.1736,86.6363,83.2232,67.6856,67.1314,62.3882,70.441,67.8514,64.8409,74.3191,4/1/2012
5/30/2012 19:00,78.3781,81.9539,79.4373,76.1309,82.2597,84.1504,77.5379,86.7773,83.4907,68.1605,68.747,66.6293,70.1194,67.7597,64.6158,74.3945,5/1/2012
6/29/2012 19:00,78.8823,82.1888,79.8334,76.6311,82.5644,84.2509,77.8653,86.927,83.486,69.3468,71.3332,74.6474,70.2195,68.1315,65.1014,74.5613,6/1/2012
7/30/2012 19:00,79.3297,82.4893,80.2921,77.1414,82.978,84.4123,78.1235,87.1055,83.5992,70.2933,73.3276,73.3728,72.6953,68.4987,65.5612,74.709,7/1/2012
8/30/2012 19:00,79.5991,82.7551,80.6258,77.4782,83.3067,84.5996,78.4142,87.2666,83.823,70.5665,73.4268,72.6318,73.9203,68.8684,66.054,74.8077,8/1/2012
9/29/2012 19:00,79.8349,82.8632,80.864,77.8467,83.4325,84.6327,78.6091,87.4334,83.6513,71.2327,75.247,73.3409,76.5184,68.9292,66.0461,75.0688,9/1/2012
10/30/2012 19:00,80.0864,83.0666,81.0946,78.1159,83.6476,84.8534,78.9238,87.5993,83.8943,71.5178,75.5922,72.7613,77.3094,69.0599,66.0174,75.3657,10/1/2012
11/29/2012 19:00,80.2075,83.2009,81.4515,78.5565,83.9417,84.6976,79.2081,87.7591,83.3112,71.6822,74.5642,69.8809,77.3824,69.9674,67.0849,75.6314,11/1/2012
12/30/2012 19:00,80.2398,83.162,81.7116,78.6799,84.3167,84.4446,79.502,87.9126,82.4108,71.6107,73.7564,67.7236,77.5301,70.2481,67.5289,75.7,12/1/2012
1/30/2013 19:00,80.427,83.4435,81.7063,78.6109,84.3748,84.957,79.8443,88.039,83.4179,71.782,74.0756,68.7258,77.4802,70.3817,67.743,75.6636,1/1/2013
2/27/2013 19:00,80.7051,83.7143,81.7334,78.7396,84.2902,85.5193,80.1243,88.1792,84.477,72.0967,74.2719,70.3696,76.9208,70.8131,68.0172,76.4038,2/1/2013
3/30/2013 19:00,81.2316,83.9273,81.9054,78.983,84.4177,85.6674,80.4036,88.3224,84.6063,73.6083,77.685,76.9517,78.3766,71.2769,68.2768,76.8773,3/1/2013
4/29/2013 19:00,81.7012,84.1346,82.0459,79.2189,84.4409,85.9144,80.6856,88.4685,84.904,74.7696,78.9135,78.6591,79.3567,72.2901,69.4135,79.0293,4/1/2013
5/30/2013 19:00,82.0125,84.3186,82.24,79.5192,84.5623,86.1228,80.9416,88.6405,85.1276,75.3551,79.2556,77.1407,80.5042,73.0318,69.9214,79.2506,5/1/2013
6/29/2013 19:00,82.0934,84.4768,82.3456,79.6636,84.6337,86.3266,81.2418,88.8529,85.3092,75.1411,77.6869,73.5841,80.6999,73.6429,70.5309,79.8961,6/1/2013
7/30/2013 19:00,82.0881,84.5589,82.4327,79.8475,84.6377,86.4121,81.5441,89.0296,85.2338,74.9245,76.4747,69.1467,80.3521,74.0272,70.9335,80.3145,7/1/2013
8/30/2013 19:00,82.3461,84.701,82.6253,80.1127,84.7573,86.5119,81.9478,89.2305,85.169,75.5167,77.2074,72.8799,79.8522,74.4816,71.398,80.6854,8/1/2013
9/29/2013 19:00,82.5422,84.9264,82.9096,80.3946,85.0535,86.721,82.1308,89.3573,85.4339,75.6709,76.9758,72.9105,79.5063,74.9511,71.9811,80.9706,9/1/2013
10/30/2013 19:00,82.757,85.1081,83.0019,80.6174,85.0496,87.0008,82.4334,89.5145,85.8261,75.926,76.8276,73.5404,78.9542,75.3284,72.387,81.2449,10/1/2013
11/29/2013 19:00,83.107,85.3271,83.0455,80.7112,85.0474,87.2721,82.7334,89.6826,86.2418,76.7291,78.6342,77.588,79.1324,75.5905,72.6616,81.379,11/1/2013
12/30/2013 19:00,83.4383,85.469,83.2591,80.7941,85.3897,87.4311,83.0276,89.8335,86.2531,77.2397,78.5984,76.8115,79.6068,76.3263,73.1584,82.7582,12/1/2013
1/30/2014 19:00,84.0438,86.154,84.1524,82.3104,85.7444,87.8983,83.3011,89.9909,87.1855,77.9146,78.6488,75.706,80.3832,77.5102,74.31,83.9987,1/1/2014
2/27/2014 19:00,84.1268,86.2367,84.1324,82.5043,85.5239,88.1463,83.6146,90.1665,87.4956,78.105,78.5604,75.6246,80.5621,77.9531,74.847,84.125,2/1/2014
3/30/2014 19:00,84.3741,86.4583,84.2924,82.6458,85.6949,88.3024,83.9147,90.3114,87.5564,78.385,78.8186,74.5929,81.5769,78.1504,75.5593,84.2354,3/1/2014
4/29/2014 19:00,84.4924,86.6541,84.4885,82.8995,85.8256,88.5457,84.2158,90.4497,88.0065,78.3952,78.1751,71.4754,82.6596,78.4947,75.4088,84.495,4/1/2014
5/30/2014 19:00,84.8785,86.8525,84.7812,83.3433,86.0151,88.6604,84.5202,90.6064,87.9373,79.2067,79.6901,70.9888,84.9338,78.9488,76.055,84.7248,5/1/2014
6/29/2014 19:00,85.1554,87.0784,85.0084,83.6961,86.1262,88.8822,84.8681,90.7639,88.2011,79.5856,80.241,71.7244,85.6244,79.238,76.4181,84.8491,6/1/2014
7/30/2014 19:00,85.4373,87.3077,85.2152,84.0005,86.2466,89.1297,85.1031,90.9053,88.5486,80.0405,80.9153,71.6414,86.0683,79.5635,76.8739,85.0956,7/1/2014
8/30/2014 19:00,85.7535,87.5542,85.5416,84.4015,86.4919,89.314,85.3659,91.0755,88.7416,80.5491,81.8625,72.8552,87.55,79.7047,76.9533,85.228,8/1/2014
9/29/2014 19:00,86.0224,87.7424,85.7323,84.6377,86.669,89.5241,85.6904,91.2608,88.9288,81.0523,82.7381,73.5657,88.431,80.0972,77.4282,85.4603,9/1/2014
10/30/2014 19:00,86.3047,87.9142,85.8847,84.8483,86.786,89.7292,85.9964,91.4303,89.1233,81.623,83.3994,74.6162,89.0504,80.5336,77.9948,85.6597,10/1/2014
11/29/2014 19:00,86.581,88.1735,86.0942,85.0346,86.9998,89.9303,86.2987,91.5929,89.3935,81.9934,84.1623,74.6984,90.0576,80.6408,78.0173,85.8181,11/1/2014
12/30/2014 19:00,86.8479,88.2425,86.195,85.1139,87.158,90.0586,86.6021,91.7634,89.3137,82.4605,85.3076,76.5989,90.9293,80.6059,77.9533,85.9899,12/1/2014
1/30/2015 19:00,86.616,88.1945,86.2575,85.135,87.2226,89.8782,86.8906,91.9083,88.7213,82.007,85.242,74.5491,91.9506,80.1919,77.4154,85.8043,1/1/2015
2/27/2015 19:00,86.6425,88.3292,86.3702,85.0886,87.4767,90.1023,87.2566,92.05,89.0049,81.9234,85.357,74.1995,92.399,80.1361,77.1857,85.9467,2/1/2015
3/30/2015 19:00,86.9799,88.5228,86.5109,85.1431,87.6546,90.2758,87.5933,92.1874,89.1636,82.5231,85.4219,74.2176,92.5292,80.8455,78.0207,86.4037,3/1/2015
4/29/2015 19:00,87.1634,88.7115,86.7205,85.3229,87.8954,90.4319,87.9101,92.3627,89.2504,82.7921,86.0704,75.4722,92.8399,80.8492,78.4222,86.611,4/1/2015
5/30/2015 19:00,87.3193,88.8748,86.8471,85.4032,88.0976,90.6494,88.2165,92.4972,89.5116,82.8631,85.6458,76.7507,91.065,81.2355,78.5579,86.5618,5/1/2015
6/29/2015 19:00,87.5907,89.0979,87.111,85.6585,88.3517,90.8358,88.5274,92.6456,89.7056,83.2593,86.3692,78.4658,91.2329,81.4746,78.792,86.726,6/1/2015
7/30/2015 19:00,87.7745,89.3212,87.3113,85.8969,88.5163,91.0745,88.8112,92.7954,90.0077,83.3194,86.4616,78.2463,91.0629,81.5128,78.8997,86.8978,7/1/2015
8/30/2015 19:00,87.951,89.5611,87.534,86.1159,88.7119,91.3304,89.1737,92.9607,90.3354,83.2955,85.8326,78.1818,90.8294,81.6845,78.8774,87.2522,8/1/2015
9/29/2015 19:00,88.1829,89.8132,87.8751,86.4913,89.0604,91.5327,89.3643,93.1154,90.548,83.412,85.9717,78.3842,90.72,81.9277,78.964,87.7619,9/1/2015
10/30/2015 19:00,88.4348,90.0741,88.1967,86.8266,89.3881,91.7513,89.6834,93.2538,90.8221,83.6452,86.7066,80.0966,91.0624,81.81,78.7087,88.0925,10/1/2015
11/29/2015 19:00,88.5026,90.2238,88.4967,87.1946,89.5989,91.6752,90.0023,93.4368,90.4315,83.5561,86.385,79.1631,90.8959,81.7529,78.5472,88.2903,11/1/2015
12/30/2015 19:00,88.7032,90.369,88.6514,87.4307,89.7451,91.89,90.323,93.6167,90.5567,83.5888,86.7684,80.6989,90.5929,81.4623,78.1023,88.4298,12/1/2015
1/30/2016 19:00,88.8741,90.5491,88.7837,87.3955,89.9688,92.0797,90.6464,93.8057,90.744,84.0201,89.659,88.6241,90.228,80.904,77.13,88.6149,1/1/2016
2/28/2016 19:00,89.1327,90.7059,89.005,87.5575,90.2589,92.2274,90.8839,93.9839,90.851,84.8298,92.5191,95.0811,90.9788,80.6628,76.6316,88.7533,2/1/2016
3/30/2016 19:00,89.2137,90.9572,89.3225,87.8875,90.5089,92.3934,91.1968,94.179,90.9808,84.3256,90.9313,90.3293,91.2012,80.4762,76.0644,89.0827,3/1/2016
4/29/2016 19:00,89.4595,91.2398,89.6323,88.2128,90.829,92.6285,91.5269,94.3577,91.1873,84.2585,90.0291,87.7399,91.5752,80.8648,77.8585,88.1714,4/1/2016
5/30/2016 19:00,89.5869,91.4736,89.9185,88.6415,91.0356,92.8341,91.8556,94.5461,91.3971,84.1279,90.0121,87.0894,91.8538,80.6384,77.095,87.6262,5/1/2016
6/29/2016 19:00,89.8108,91.7395,90.2464,88.9938,91.3183,93.0475,92.2089,94.7296,91.605,84.2105,89.6416,86.6973,91.5437,81.0427,77.5533,87.7976,6/1/2016
7/30/2016 19:00,90.0761,91.9634,90.519,89.1862,91.656,93.2245,92.5163,94.94,91.6978,84.595,88.7768,83.5456,91.7122,82.2294,78.5092,89.7089,7/1/2016
8/30/2016 19:00,90.3192,92.204,90.7981,89.3003,92.0411,93.4286,92.7848,95.1097,91.9161,84.8418,88.1952,83.091,91.7373,82.7412,79.1809,89.6928,8/1/2016
9/29/2016 19:00,90.7959,92.5633,91.2956,89.9638,92.4371,93.7062,93.1786,95.2741,92.1926,85.5868,90.6127,87.2492,92.6139,82.6027,78.8065,89.9631,9/1/2016
10/30/2016 19:00,91.1453,92.8621,91.6841,90.4223,92.7866,93.9198,93.5047,95.4834,92.4143,86.0919,91.3584,88.8438,93.1199,82.9456,79.3883,90.1722,10/1/2016
11/29/2016 19:00,91.4319,93.1844,91.9632,90.8486,92.8992,94.2089,93.8489,95.6678,92.8481,86.3763,91.1949,87.3113,93.5769,83.3923,80.0173,90.4223,11/1/2016
12/30/2016 19:00,91.6811,93.4743,92.2725,91.322,93.1381,94.54,94.1909,95.8839,93.2307,86.2891,90.4764,84.2953,94.256,83.514,80.0728,90.742,12/1/2016
1/30/2017 19:00,93.0621,94.0332,93.0293,92.0475,93.8609,94.9066,94.5599,96.1183,93.7612,90.1898,90.0824,82.9634,94.5881,90.4791,89.7816,91.7207,1/1/2017
2/27/2017 19:00,93.4728,94.5901,93.8373,92.8882,94.6613,95.2577,94.8646,96.3811,94.2245,90.5636,90.6027,84.6646,94.4109,90.6952,89.7143,92.2518,2/1/2017
3/30/2017 19:00,94.1322,95.1442,94.5663,93.6107,95.335,95.5819,95.1997,96.5841,94.6402,91.1927,92.0394,87.9506,94.5404,90.6025,89.9351,92.8883,3/1/2017
4/29/2017 19:00,94.6082,95.4567,95.0615,94.2103,95.7817,95.8398,95.5386,96.7567,95.0574,92.2062,94.1295,92.5657,95.232,91.0908,89.6549,93.6992,4/1/2017
5/30/2017 19:00,95.1352,95.8479,95.5731,94.6499,96.3844,96.0879,95.892,96.9616,95.2801,93.1095,95.8021,96.2281,95.6846,91.541,89.5425,95.4075,5/1/2017
6/29/2017 19:00,95.4732,96.168,95.9546,95.1176,96.6815,96.3503,96.2429,97.1646,95.5929,93.5094,97.0911,98.1795,96.4283,91.4489,89.3305,95.6062,6/1/2017
7/30/2017 19:00,95.8094,96.4779,96.2832,95.5987,96.8662,96.6505,96.5135,97.3704,95.9882,93.913,99.1124,101.4066,97.4024,91.115,88.7077,95.9921,7/1/2017
8/30/2017 19:00,96.279,96.7935,96.6704,96.0163,97.1893,96.9051,97.0474,97.6036,96.1756,94.8321,100.2061,103.8366,98.2128,91.4987,89.0221,96.316,8/1/2017
9/29/2017 19:00,96.5275,97.003,96.9019,96.2596,97.4547,97.1438,97.5935,97.7897,96.2347,95.1222,100.0538,102.6649,98.2358,92.2129,90.5053,95.427,9/1/2017
10/30/2017 19:00,96.942,97.2934,97.1449,96.4996,97.7294,97.4405,97.9449,98.0166,96.6644,95.8311,98.9938,100.5067,98.3545,93.885,92.1654,97.4164,10/1/2017
11/29/2017 19:00,97.512,97.7401,97.6668,97.0577,98.1635,97.7726,98.317,98.2382,97.136,96.7702,99.1608,100.2607,98.3878,95.0802,93.8221,97.771,11/1/2017
12/30/2017 19:00,97.9224,98.0273,97.984,97.5823,98.3789,98.0704,98.6862,98.4295,97.4441,97.3651,99.61,100.5353,98.5087,95.7152,94.4887,98.3464,12/1/2017
1/30/2018 19:00,98.2436,98.3317,98.4198,98.083,98.6996,98.2478,99.0488,98.6448,97.5893,97.8904,99.9076,100.252,99.6927,97.014,96.2544,98.4448,1/1/2018
2/27/2018 19:00,98.5068,98.6581,98.7434,98.4936,98.9586,98.5726,99.43,98.8464,98.0122,98.3748,99.4568,98.0309,100.6834,97.819,97.0889,98.8402,2/1/2018
3/30/2018 19:00,98.8182,98.8908,98.9734,98.6436,99.1952,98.7895,99.7877,99.0308,98.3001,98.6781,99.4163,96.3774,101.1735,98.0706,97.1148,99.2437,3/1/2018
4/29/2018 19:00,99.0525,99.1171,99.2208,98.8544,99.5475,99.0117,100.1319,99.2326,98.4056,98.8026,99.1123,96.5324,100.9199,98.6511,98.8129,99.6131,4/1/2018
5/30/2018 19:00,99.4223,99.3877,99.4815,99.1219,99.8029,99.3094,100.47,99.4428,98.8563,99.5832,98.366,95.1073,100.5178,100.3573,100.6203,99.7297,5/1/2018
6/29/2018 19:00,99.8781,99.6332,99.6712,99.3656,99.9512,99.5997,100.8324,99.6876,99.2035,100.6748,98.9743,96.3967,100.3176,101.7545,102.8049,99.8971,6/1/2018
7/30/2018 19:00,100.331,99.9554,100.0724,99.8433,100.2666,99.8701,101.1295,99.9154,99.4947,101.4927,100.3753,100.2849,99.9836,102.7733,104.1987,100.109,7/1/2018
8/30/2018 19:00,100.9358,100.2738,100.3936,100.3359,100.4134,100.1515,101.8915,100.1043,99.8428,102.9987,101.3817,103.1682,100.0687,103.8914,105.6785,100.2748,8/1/2018
9/29/2018 19:00,101.3388,100.5588,100.7056,100.8238,100.6022,100.4404,102.1871,100.3555,100.196,103.7079,101.298,101.6595,100.7048,105.3449,107.4949,100.6031,9/1/2018
10/30/2018 19:00,101.684,100.9222,100.9941,101.1597,100.8845,100.8223,102.5978,100.5546,100.7651,103.8974,101.4643,102.4627,101.0553,105.5328,107.6232,100.7628,10/1/2018
11/29/2018 19:00,102.1314,101.2931,101.499,101.7231,101.2584,101.0557,102.9677,100.7948,100.9457,104.6368,103.7986,106.214,101.4596,104.9267,106.3985,101.067,11/1/2018
12/30/2018 19:00,102.7055,101.6416,101.8417,102.2281,101.4978,101.4718,103.3427,101.0067,101.3623,105.7935,107.0187,111.6007,101.7406,104.6996,105.9195,101.4439,12/1/2018
1/30/2019 19:00,102.5674,101.8667,102.0139,102.3333,101.652,101.6962,103.7446,101.2075,101.7393,104.7242,107.5374,113.9381,101.8151,103.2427,103.6231,101.8918,1/1/2019
2/27/2019 19:00,102.4513,102.1698,102.3513,102.836,101.8373,101.9673,104.2405,101.4339,101.9798,103.7352,104.2115,108.4727,101.6682,103.5382,103.6535,102.277,2/1/2019
3/30/2019 19:00,102.9387,102.5239,102.6672,103.1782,102.068,102.284,104.6014,101.6856,102.3229,104.2275,103.225,106.1154,100.9217,104.9081,106.1476,102.6553,3/1/2019
4/29/2019 19:00,103.3447,102.8775,102.9635,103.5902,102.3488,102.8149,104.9373,101.9889,103.1099,104.8724,103.9209,106.6261,102.291,105.6318,106.3936,103.0784,4/1/2019
5/30/2019 19:00,103.6796,103.1486,103.3089,103.9614,102.6138,102.9629,105.2834,102.2591,103.1214,105.2957,104.1671,105.6,103.6757,105.9005,107.1123,103.358,5/1/2019
6/29/2019 19:00,103.769,103.4591,103.5804,104.3205,102.8142,103.3291,105.6498,102.5232,103.5744,104.6952,104.9429,104.8869,105.0527,104.4369,105.149,103.6325,6/1/2019
7/30/2019 19:00,104.0319,103.7488,103.8783,104.6449,103.0241,103.6557,106.0876,102.7716,103.8923,104.8732,106.5389,105.6617,106.7222,104.3722,104.6625,104.1301,7/1/2019
8/30/2019 19:00,104.052,104.023,104.1145,104.9195,103.2427,103.9291,106.6076,103.0227,104.1994,104.1232,104.1131,102.0559,105.7118,103.8921,103.7597,104.5801,8/1/2019
9/29/2019 19:00,104.3205,104.3229,104.4636,105.4086,103.4861,104.1917,107.0514,103.2598,104.4697,104.2619,104.2748,102.185,105.8494,104.1546,103.8076,104.9518,9/1/2019
10/30/2019 19:00,104.7303,104.637,104.7954,105.8657,103.7386,104.4307,107.541,103.5003,104.6696,104.8537,105.2976,104.5376,106.4001,104.4246,103.942,105.5802,10/1/2019
11/29/2019 19:00,105.2014,104.9999,105.2058,106.3687,103.9829,104.7621,107.8856,103.6926,105.1084,105.7638,105.984,104.5834,106.9913,105.1819,104.673,106.2061,11/1/2019
12/30/2019 19:00,105.6953,105.2978,105.4688,106.7852,104.139,105.1636,108.2465,103.9494,105.4386,106.7219,107.3129,106.1784,106.8611,106.1668,105.913,106.5693,12/1/2019
1/30/2020 19:00,105.9462,105.6587,106.0075,107.5814,104.3428,105.2728,108.6363,104.1774,105.5853,106.883,109.3354,112.5651,106.507,105.6873,104.9751,107.1268,1/1/2020
2/28/2020 19:00,106.3153,105.9275,106.2973,108.0269,104.4733,105.527,108.9843,104.4208,105.8166,107.9249,112.3311,120.5422,106.716,104.7939,103.4453,107.3055,2/1/2020
3/30/2020 19:00,106.3267,106.2016,106.6292,108.442,104.6763,105.6941,109.3784,104.6682,105.8728,106.6654,113.7048,120.9735,107.8747,101.6787,99.2408,107.7446,3/1/2020
4/29/2020 19:00,105.572,106.5325,107.2285,109.6158,104.782,105.787,109.6951,104.9059,105.7383,102.766,112.797,116.8306,110.0969,95.6457,90.2624,107.9925,4/1/2020
5/30/2020 19:00,106.5906,106.917,107.7808,110.8092,104.5776,105.9657,109.9765,104.9918,106.0287,105.5174,114.2635,124.2527,107.0367,98.8499,94.7126,108.1504,5/1/2020
6/29/2020 19:00,107.1746,107.2912,108.4332,111.1761,105.563,106.0614,110.2798,105.0729,106.0908,106.759,112.7911,118.106,108.6397,102.2785,100.0934,107.9459,6/1/2020
7/30/2020 19:00,107.7253,107.7248,109.2375,111.8099,106.48,106.1486,110.6631,105.215,106.0077,107.6711,112.2582,114.267,109.9816,105.184,103.9461,108.2762,7/1/2020
8/30/2020 19:00,108.2073,108.1222,109.6623,112.2658,106.9206,106.4577,109.9222,105.3714,106.7212,108.4487,112.4979,115.2615,110.0539,105.3191,103.8479,109.0286,8/1/2020
9/29/2020 19:00,108.456,108.477,110.0824,112.7211,107.3118,106.7338,109.393,105.528,107.303,108.3559,112.6291,114.8849,110.7291,105.1715,103.2027,109.6095,9/1/2020
10/30/2020 19:00,108.9878,108.7928,110.4719,113.1768,107.6966,106.9407,109.8915,105.6893,107.4808,109.4344,115.3692,120.9928,111.1224,105.0839,103.0944,109.6991,10/1/2020
11/29/2020 19:00,108.7536,108.8515,110.4635,113.5897,107.1935,107.1022,110.196,105.8581,107.5872,108.3857,113.7248,114.7679,112.8735,104.084,101.6127,109.8943,11/1/2020
12/30/2020 19:00,109.0985,109.3094,111.2985,114.0614,108.4477,107.2285,110.534,106.0352,107.4511,108.2366,111.8157,106.9364,114.7156,105.6183,103.6803,110.1124,12/1/2020
1/30/2021 19:00,109.7469,109.7091,111.7248,114.4346,108.8844,107.5197,110.3537,106.2,108.144,109.9381,112.3892,108.4868,115.4749,108.7142,108.148,109.9139,1/1/2021
2/27/2021 19:00,110.3631,110.0397,112.2062,114.9233,109.3416,107.7104,110.2056,106.3501,108.4352,111.7892,112.9759,110.0211,116.2698,110.7327,110.8122,109.8974,2/1/2021
3/30/2021 19:00,111.2375,110.5236,112.8254,115.5156,109.9686,108.0576,110.5754,106.5487,108.9618,113.4869,114.4707,110.458,117.6719,112.6536,113.2691,110.0431,3/1/2021
4/29/2021 19:00,112.0724,111.0064,113.2458,116.0784,110.335,108.5291,110.9119,106.725,109.6023,115.4023,117.5009,116.263,118.803,113.956,115.9074,110.3529,4/1/2021
5/30/2021 19:00,112.8515,111.5942,114.009,116.9049,110.9322,108.9672,111.224,106.9497,110.3319,116.7753,119.6426,119.8398,119.9899,114.4805,116.1742,110.5749,5/1/2021
6/29/2021 19:00,113.4349,112.2034,114.7267,117.7325,111.5845,109.4817,111.5696,107.1525,111.1578,117.2701,120.53,120.8762,120.2682,114.8556,116.9721,110.8687,6/1/2021
7/30/2021 19:00,113.9385,112.7396,115.4897,118.6594,112.102,109.8211,112.0568,107.4091,111.4907,117.618,120.892,119.9054,121.0425,116.1811,118.5938,111.023,7/1/2021
8/30/2021 19:00,114.2037,113.2699,116.2106,119.5555,112.6981,110.0883,112.0389,107.6518,111.8853,117.0923,122.5186,121.9478,122.7939,113.0376,114.0313,111.1676,8/1/2021
9/29/2021 19:00,114.8999,113.8144,116.9622,120.433,113.3018,110.4018,111.6239,107.915,112.4136,118.2837,124.0525,125.0208,123.2058,114.0727,115.1533,111.6076,9/1/2021
10/30/2021 19:00,115.7657,114.4311,117.7218,121.2619,114.0647,110.8531,112.1511,108.1855,113.0063,119.753,125.6138,127.3286,124.4889,115.4621,116.9982,111.7864,10/1/2021
11/29/2021 19:00,116.8348,115.0274,118.4757,122.1986,114.5867,111.3085,112.4885,108.4588,113.624,122.2658,130.1739,135.3224,125.8693,115.9698,117.4905,112.0999,11/1/2021
12/30/2021 19:00,117.1936,115.8046,119.5303,123.3051,115.6266,111.8425,112.852,108.7301,114.3238,121.1853,129.6611,130.7609,127.8051,115.1091,116.048,112.7026,12/1/2021
1/30/2022 19:00,117.5565,116.5175,120.5078,124.4653,116.369,112.1967,113.3405,108.9723,114.8872,120.8278,129.7281,128.8693,130.3944,114.9873,115.7651,112.9708,1/1/2022
2/27/2022 19:00,118.4346,117.2981,121.5741,125.7383,117.1869,112.6786,113.6426,109.238,115.5952,122.291,131.2399,131.5198,131.8173,115.7982,116.5437,113.5188,2/1/2022
3/30/2022 19:00,119.6091,118.1055,122.6441,127.1797,117.8599,113.1514,114.0493,109.4499,116.3163,124.2846,133.0801,133.341,132.8887,117.9677,120.0263,113.8659,3/1/2022
4/29/2022 19:00,120.5887,118.9208,123.8086,128.7195,118.7224,113.639,114.4637,109.669,117.0443,125.7902,134.4242,134.9716,134.1557,119.6318,121.5694,114.0853,4/1/2022
5/30/2022 19:00,121.4421,119.7207,124.8816,130.0861,119.3858,114.1377,114.9063,109.9916,117.7215,126.842,135.4151,135.423,135.8867,120.4418,123.127,114.313,5/1/2022
6/29/2022 19:00,122.4732,120.616,126.1016,131.6748,120.2575,114.706,115.3736,110.3365,118.512,128.2824,138.6293,138.1433,139.0229,120.755,123.3903,115.3975,6/1/2022
7/30/2022 19:00,123.2194,121.3688,127.115,133.01,120.8638,115.2219,115.7752,110.6515,119.182,128.9258,140.1873,139.1187,140.4338,121.5977,124.0041,116.476,7/1/2022
8/30/2022 19:00,124.1083,122.3888,128.4768,135.0226,121.6095,115.8061,116.219,111.0049,120.0521,129.4417,140.6088,140.1083,141.0591,121.2414,123.3061,116.9193,8/1/2022
9/29/2022 19:00,124.8601,123.2419,129.6496,136.5489,122.3752,116.3011,116.5971,111.3169,120.768,129.8919,142.3325,142.0335,142.4516,120.8211,122.3153,117.4235,9/1/2022
10/30/2022 19:00,125.4914,124.0644,130.834,138.173,123.1971,116.7337,117.0394,111.5806,121.3196,129.7701,143.4834,143.0718,143.8302,119.8701,120.6878,117.874,10/1/2022
11/29/2022 19:00,125.9848,124.8251,131.8409,139.4076,123.9382,117.27,117.4836,111.8242,122.1134,129.4221,141.9527,140.2547,143.1527,119.7731,120.2423,118.452,11/1/2022
12/30/2022 19:00,126.3838,125.4726,132.7803,140.7233,124.5209,117.6594,117.9241,112.1835,122.469,128.8946,142.0145,140.4671,142.7718,119.4815,119.6494,118.9267,12/1/2022
1/30/2023 19:00,126.8805,126.3688,133.7538,141.9841,125.1414,118.3632,118.4057,112.6581,123.5217,128.5922,142.6361,142.1224,143.2279,119.071,118.8431,119.4503,1/1/2023
2/27/2023 19:00,127.4763,127.0202,134.5133,142.9552,125.6426,118.9148,119.0454,112.9825,124.2382,129.2236,143.4638,142.2187,145.1533,119.0579,118.4245,120.2642,2/1/2023
3/30/2023 19:00,127.788,127.585,135.059,143.648,126.0359,119.5087,119.5729,113.3258,125.1027,128.3677,142.7799,141.3731,144.042,118.1318,116.797,121.0825,3/1/2023
4/29/2023 19:00,128.1226,128.0948,135.6143,144.3402,126.5231,119.9053,120.0806,113.693,125.4501,128.4417,142.7218,140.1981,144.6045,118.2185,116.7787,121.803,4/1/2023
5/30/2023 19:00,128.507,128.5624,136.1709,144.9721,126.9114,120.3424,120.6016,114.037,125.9732,128.3444,142.3836,140.8301,143.8395,118.0549,116.1717,122.2726,5/1/2023
6/29/2023 19:00,128.6618,128.9288,136.5276,145.5103,127.1003,120.7509,121.1138,114.3729,126.425,127.7971,142.7145,143.7768,142.0372,117.0148,114.7075,122.5897,6/1/2023
7/30/2023 19:00,129.137,129.4399,137.0612,146.061,127.5461,121.267,121.5256,114.6966,127.0883,128.1056,144.4928,148.8457,140.5968,116.783,114.2315,122.8571,7/1/2023
8/30/2023 19:00,129.845,129.8399,137.3032,146.4214,127.739,121.7834,122.6601,114.9872,127.7251,129.8225,145.9837,151.0693,141.8564,118.0221,115.9287,123.0214,8/1/2023
9/29/2023 19:00,130.3961,130.3431,137.7019,146.9018,128.0041,122.3817,124.2302,115.3016,128.4113,130.5319,146.657,151.0926,142.7116,118.7692,116.7115,123.4432,9/1/2023
10/30/2023 19:00,130.83,130.8868,138.2092,147.7837,128.2234,122.9662,124.5882,115.6701,129.1876,130.5152,145.7575,149.7056,142.4533,119.5059,117.6247,123.8353,10/1/2023
11/29/2023 19:00,131.4474,131.4456,138.8602,148.8424,128.4386,123.4593,125.18,116.0074,129.7885,131.3275,146.1622,148.3547,143.8217,120.0932,118.309,124.2405,11/1/2023
12/30/2023 19:00,132.2851,131.8525,139.2603,149.4903,128.6084,123.9325,125.7215,116.2769,130.4164,133.3124,149.9988,156.8593,143.8007,121.2519,119.7475,124.7037,12/1/2023
1/30/2024 19:00,133.0885,132.3915,139.5959,149.8473,128.8667,124.5669,126.259,116.762,131.2705,135.3842,156.5426,173.2016,143.1316,120.8796,119.2455,124.5928,1/1/2024
2/28/2024 19:00,133.1004,132.9131,140.0294,150.4421,129.0936,125.1942,126.6114,117.1961,132.0973,134.0163,150.3732,163.6179,140.4101,122.3933,121.268,124.9218,2/1/2024
3/30/2024 19:00,133.2882,133.3096,140.2959,150.8442,129.2284,125.8146,127.1589,117.6182,132.9818,133.5667,149.8981,158.9628,142.924,121.9731,119.9364,125.1635,3/1/2024
4/29/2024 19:00,134.2193,133.7504,140.5854,151.2358,129.4646,126.2404,127.7456,117.9313,133.3653,135.5207,153.2344,166.2967,142.8399,122.7989,122.3344,125.5347,4/1/2024
5/30/2024 19:00,134.5093,133.9736,140.7717,151.4942,129.51,126.6299,128.3077,118.3891,133.7133,136.2144,154.6231,167.3068,144.8627,122.8447,121.5621,125.7729,5/1/2024
6/29/2024 19:00,135.069,134.2521,141.0124,151.6597,129.8335,126.9918,128.8971,118.7952,133.9862,137.6162,157.521,172.2852,146.2194,123.2433,121.952,126.3565,6/1/2024
7/30/2024 19:00,136.3444,134.6884,141.2979,151.9731,130.0249,127.6108,129.2877,119.2371,134.7542,141.4294,164.1784,183.5178,148.2194,125.313,124.7164,127.0383,7/1/2024
8/30/2024 19:00,136.3252,135.0354,141.4629,152.4851,129.94,128.1043,130.184,119.5847,135.4353,140.2086,159.6794,169.8533,150.6195,125.8421,125.1683,127.5825,8/1/2024
9/29/2024 19:00,136.3604,135.4485,141.7317,152.6613,130.1779,128.6216,131.3813,119.9743,136.208,138.9502,156.388,162.3781,149.9424,125.9281,124.8375,128.2989,9/1/2024
10/30/2024 19:00,137.0613,135.8617,142.0978,153.4094,130.3053,129.0745,131.6954,120.2788,136.7399,140.5805,161.6578,173.4002,151.2723,125.083,123.69,128.5545,10/1/2024
