quarter,test_date,n_models_before,n_models,drop_metric,drop_prop,comb_bic,comb_rmse,comb_equal,p10,p25,median,p75,p90,mean,sd,min,max,trimmed_mean,trimmed_low,trimmed_high,trimmed_range,y_true
2022Q4,2022-10-07,92,79,rmse,0.15,4.11218626991636,4.05429024939156,4.08039346949381,3.27648100971132,3.73676920408378,4.07074158219743,4.42205414730894,4.87694432775804,4.08039346949381,0.774794681138497,1.83147026137776,6.73250131757349,4.06841315656506,3.27648100971132,4.87694432775804,1.60046331804672,1.75619255625534
2022Q4,2022-10-14,92,79,rmse,0.15,4.11218626991636,4.05429024939156,4.08039346949381,3.27648100971132,3.73676920408378,4.07074158219743,4.42205414730894,4.87694432775804,4.08039346949381,0.774794681138497,1.83147026137776,6.73250131757349,4.06841315656506,3.27648100971132,4.87694432775804,1.60046331804672,1.75619255625534
2022Q4,2022-10-21,92,79,rmse,0.15,4.11218626991636,4.05429024939156,4.08039346949381,3.27648100971132,3.73676920408378,4.07074158219743,4.42205414730894,4.87694432775804,4.08039346949381,0.774794681138497,1.83147026137776,6.73250131757349,4.06841315656506,3.27648100971132,4.87694432775804,1.60046331804672,1.75619255625534
2022Q4,2022-10-28,92,79,rmse,0.15,4.11218626991636,4.05429024939156,4.08039346949381,3.27648100971132,3.73676920408378,4.07074158219743,4.42205414730894,4.87694432775804,4.08039346949381,0.774794681138497,1.83147026137776,6.73250131757349,4.06841315656506,3.27648100971132,4.87694432775804,1.60046331804672,1.75619255625534
2022Q4,2022-11-04,92,79,rmse,0.15,3.94491779728277,3.88990727132074,3.89554729914899,3.25546503860574,3.66298283925052,3.92128583854665,4.18928346507079,4.60299077755497,3.89554729914899,0.807408500648429,1.12149674378299,6.38922153024869,3.91891011977552,3.25546503860574,4.60299077755497,1.34752573894923,1.75619255625534
2022Q4,2022-11-11,92,79,rmse,0.15,3.89758587666555,3.86969226002385,3.89401727842958,3.28849496366629,3.80327455565303,3.94660049896865,4.29786066897752,4.62387885246782,3.89401727842958,1.0770920939085,-0.704622287401603,7.80916115558292,3.98132997678964,3.28849496366629,4.62387885246782,1.33538388880154,1.75619255625534
2022Q4,2022-11-18,92,79,rmse,0.15,3.89758587666555,3.86969226002385,3.89401727842958,3.28849496366629,3.80327455565303,3.94660049896865,4.29786066897752,4.62387885246782,3.89401727842958,1.0770920939085,-0.704622287401603,7.80916115558292,3.98132997678964,3.28849496366629,4.62387885246782,1.33538388880154,1.75619255625534
2022Q4,2022-11-25,92,79,rmse,0.15,3.89758587666555,3.86969226002385,3.89401727842958,3.28849496366629,3.80327455565303,3.94660049896865,4.29786066897752,4.62387885246782,3.89401727842958,1.0770920939085,-0.704622287401603,7.80916115558292,3.98132997678964,3.28849496366629,4.62387885246782,1.33538388880154,1.75619255625534
2022Q4,2022-12-02,92,79,rmse,0.15,3.87811026201558,3.87196066796565,3.88647676232287,2.90839180286018,3.43810250907264,3.92577531901834,4.15551358146501,4.76287534578307,3.88647676232287,0.973774050320502,1.28814286537969,9.19316708510588,3.86516572824034,2.90839180286018,4.76287534578307,1.85448354292289,1.75619255625534
2022Q4,2022-12-09,92,79,rmse,0.15,3.71928769675071,3.78711213900823,3.79495775547937,2.88763842469228,3.54665001562966,3.87740092553637,4.21015119826901,4.61697042095311,3.79495775547937,0.924548692642905,0.193807997534309,6.54878556475468,3.84654422818431,2.88763842469228,4.61697042095311,1.72933199626083,1.75619255625534
2022Q4,2022-12-16,92,79,rmse,0.15,3.71928769675071,3.78711213900823,3.79495775547937,2.88763842469228,3.54665001562966,3.87740092553637,4.21015119826901,4.61697042095311,3.79495775547937,0.924548692642905,0.193807997534309,6.54878556475468,3.84654422818431,2.88763842469228,4.61697042095311,1.72933199626083,1.75619255625534
2022Q4,2022-12-23,92,79,rmse,0.15,3.71928769675071,3.78711213900823,3.79495775547937,2.88763842469228,3.54665001562966,3.87740092553637,4.21015119826901,4.61697042095311,3.79495775547937,0.924548692642905,0.193807997534309,6.54878556475468,3.84654422818431,2.88763842469228,4.61697042095311,1.72933199626083,1.75619255625534
2022Q4,2022-12-30,92,79,rmse,0.15,3.71928769675071,3.78711213900823,3.79495775547937,2.88763842469228,3.54665001562966,3.87740092553637,4.21015119826901,4.61697042095311,3.79495775547937,0.924548692642905,0.193807997534309,6.54878556475468,3.84654422818431,2.88763842469228,4.61697042095311,1.72933199626083,1.75619255625534
2023Q1,2023-01-06,92,79,rmse,0.15,3.25853540459851,3.15548053669857,3.16261627595001,1.97131895420976,2.76754418496717,3.35007737898137,3.50696475531035,4.03833869570979,3.16261627595001,0.964513523477818,0.494483050563443,6.17527432118769,3.17578400180228,1.97131895420976,4.03833869570979,2.06701974150003,5.31034874051777
2023Q1,2023-01-13,92,79,rmse,0.15,3.25853540459851,3.15548053669857,3.16261627595001,1.97131895420976,2.76754418496717,3.35007737898137,3.50696475531035,4.03833869570979,3.16261627595001,0.964513523477818,0.494483050563443,6.17527432118769,3.17578400180228,1.97131895420976,4.03833869570979,2.06701974150003,5.31034874051777
2023Q1,2023-01-20,92,79,rmse,0.15,3.25853540459851,3.15548053669857,3.16261627595001,1.97131895420976,2.76754418496717,3.35007737898137,3.50696475531035,4.03833869570979,3.16261627595001,0.964513523477818,0.494483050563443,6.17527432118769,3.17578400180228,1.97131895420976,4.03833869570979,2.06701974150003,5.31034874051777
2023Q1,2023-01-27,92,79,rmse,0.15,3.25853540459851,3.15548053669857,3.16261627595001,1.97131895420976,2.76754418496717,3.35007737898137,3.50696475531035,4.03833869570979,3.16261627595001,0.964513523477818,0.494483050563443,6.17527432118769,3.17578400180228,1.97131895420976,4.03833869570979,2.06701974150003,5.31034874051777
2023Q1,2023-02-03,92,79,rmse,0.15,3.35671389290105,3.29716040012607,3.32144599100123,2.30309903698234,2.80437666894729,3.34769531390737,3.70927447333469,4.51710772953139,3.32144599100123,1.00937552058197,0.667707795618267,6.95267996912281,3.28232635664452,2.30309903698234,4.51710772953139,2.21400869254904,5.31034874051777
2023Q1,2023-02-10,92,79,rmse,0.15,3.19241871141759,3.19020233211683,3.19062115461739,1.8651635503343,2.60008721414391,3.2417196804033,3.4963290605909,4.0257580768965,3.19062115461739,1.2019321998273,0.663125198602912,9.53990991319654,3.11255054479394,1.8651635503343,4.0257580768965,2.1605945265622,5.31034874051777
2023Q1,2023-02-17,92,79,rmse,0.15,3.19241871141759,3.19020233211683,3.19062115461739,1.8651635503343,2.60008721414391,3.2417196804033,3.4963290605909,4.0257580768965,3.19062115461739,1.2019321998273,0.663125198602912,9.53990991319654,3.11255054479394,1.8651635503343,4.0257580768965,2.1605945265622,5.31034874051777
2023Q1,2023-02-24,92,79,rmse,0.15,3.19241871141759,3.19020233211683,3.19062115461739,1.8651635503343,2.60008721414391,3.2417196804033,3.4963290605909,4.0257580768965,3.19062115461739,1.2019321998273,0.663125198602912,9.53990991319654,3.11255054479394,1.8651635503343,4.0257580768965,2.1605945265622,5.31034874051777
2023Q1,2023-03-03,92,79,rmse,0.15,3.18954719347955,3.13584775112227,3.14926677219139,1.78586809588779,2.64727588436954,3.34197196887879,3.56486583747846,4.05287131906197,3.14926677219139,0.988504480892835,0.412719206090161,6.80961582629969,3.17380011211623,1.78586809588779,4.05287131906197,2.26700322317418,5.31034874051777
2023Q1,2023-03-10,92,79,rmse,0.15,3.133544362726,3.10356951882291,3.09925139779538,1.91845945600864,2.7350780662566,3.29906072802189,3.5060979712182,4.21467473425234,3.09925139779538,1.00725025570689,-0.0318893980963352,4.93772489453452,3.16750608494274,1.91845945600864,4.21467473425234,2.2962152782437,5.31034874051777
2023Q1,2023-03-17,92,79,rmse,0.15,3.133544362726,3.10356951882291,3.09925139779538,1.91845945600864,2.7350780662566,3.29906072802189,3.5060979712182,4.21467473425234,3.09925139779538,1.00725025570689,-0.0318893980963352,4.93772489453452,3.16750608494274,1.91845945600864,4.21467473425234,2.2962152782437,5.31034874051777
2023Q1,2023-03-24,92,79,rmse,0.15,3.133544362726,3.10356951882291,3.09925139779538,1.91845945600864,2.7350780662566,3.29906072802189,3.5060979712182,4.21467473425234,3.09925139779538,1.00725025570689,-0.0318893980963352,4.93772489453452,3.16750608494274,1.91845945600864,4.21467473425234,2.2962152782437,5.31034874051777
2023Q1,2023-03-31,92,79,rmse,0.15,3.60108073369824,3.53673167605007,3.54267647308273,2.3487160172055,2.99322889954634,3.40577317015864,3.96506609300196,4.82324731889761,3.54267647308273,1.31752872731381,-0.748072053943091,8.54044244914808,3.46185087886774,2.3487160172055,4.82324731889761,2.47453130169211,5.31034874051777
2023Q2,2023-04-07,92,79,rmse,0.15,3.79487391938456,3.79158667864222,3.78800342469484,3.33799744331975,3.60617580667838,3.76247946370383,3.94975996411498,4.24370617539276,3.78800342469484,0.710965337336361,0.856096540270275,7.4310496794716,3.78841318921561,3.33799744331975,4.24370617539276,0.90570873207301,3.3567849988966
2023Q2,2023-04-14,92,79,rmse,0.15,3.79487391938456,3.79158667864222,3.78800342469484,3.33799744331975,3.60617580667838,3.76247946370383,3.94975996411498,4.24370617539276,3.78800342469484,0.710965337336361,0.856096540270275,7.4310496794716,3.78841318921561,3.33799744331975,4.24370617539276,0.90570873207301,3.3567849988966
2023Q2,2023-04-21,92,79,rmse,0.15,3.79487391938456,3.79158667864222,3.78800342469484,3.33799744331975,3.60617580667838,3.76247946370383,3.94975996411498,4.24370617539276,3.78800342469484,0.710965337336361,0.856096540270275,7.4310496794716,3.78841318921561,3.33799744331975,4.24370617539276,0.90570873207301,3.3567849988966
2023Q2,2023-04-28,92,79,rmse,0.15,3.79487391938456,3.79158667864222,3.78800342469484,3.33799744331975,3.60617580667838,3.76247946370383,3.94975996411498,4.24370617539276,3.78800342469484,0.710965337336361,0.856096540270275,7.4310496794716,3.78841318921561,3.33799744331975,4.24370617539276,0.90570873207301,3.3567849988966
2023Q2,2023-05-05,92,79,rmse,0.15,3.61653152874351,3.62158885897016,3.6285465281706,2.84372262269552,3.34982114287843,3.77190280983059,3.90233888161888,4.29756949161004,3.6285465281706,0.770827931841232,1.05517012370303,6.93162961705905,3.67449080647699,2.84372262269552,4.29756949161004,1.45384686891452,3.3567849988966
2023Q2,2023-05-12,92,79,rmse,0.15,3.68959138871259,3.68881679577157,3.70308241928409,2.962588449569,3.57393157111978,3.76286845246441,3.90595878206759,4.48057376109869,3.70308241928409,0.731492662214603,-0.0817160938633617,5.70888355493817,3.73223389071742,2.962588449569,4.48057376109869,1.51798531152968,3.3567849988966
2023Q2,2023-05-19,92,79,rmse,0.15,3.68959138871259,3.68881679577157,3.70308241928409,2.962588449569,3.57393157111978,3.76286845246441,3.90595878206759,4.48057376109869,3.70308241928409,0.731492662214603,-0.0817160938633617,5.70888355493817,3.73223389071742,2.962588449569,4.48057376109869,1.51798531152968,3.3567849988966
2023Q2,2023-05-26,92,79,rmse,0.15,3.68959138871259,3.68881679577157,3.70308241928409,2.962588449569,3.57393157111978,3.76286845246441,3.90595878206759,4.48057376109869,3.70308241928409,0.731492662214603,-0.0817160938633617,5.70888355493817,3.73223389071742,2.962588449569,4.48057376109869,1.51798531152968,3.3567849988966
2023Q2,2023-06-02,92,79,rmse,0.15,3.97048097102098,3.94234320782837,3.95844894676322,3.34705743320409,3.58466825788802,3.78844721685049,4.09644339625674,4.89190562277888,3.95844894676322,0.774231937745035,1.57666469351198,6.73959898520698,3.88720340952869,3.34705743320409,4.89190562277888,1.54484818957478,3.3567849988966
2023Q2,2023-06-09,92,79,rmse,0.15,3.94100944639347,3.89299708832111,3.90309191004648,3.25647832271488,3.50763143576639,3.78384174573193,4.18443457056357,4.77082567755141,3.90309191004648,0.719376731176548,1.46856023635091,6.32477747245933,3.85852209225531,3.25647832271488,4.77082567755141,1.51434735483652,3.3567849988966
2023Q2,2023-06-16,92,79,rmse,0.15,3.94100944639347,3.89299708832111,3.90309191004648,3.25647832271488,3.50763143576639,3.78384174573193,4.18443457056357,4.77082567755141,3.90309191004648,0.719376731176548,1.46856023635091,6.32477747245933,3.85852209225531,3.25647832271488,4.77082567755141,1.51434735483652,3.3567849988966
2023Q2,2023-06-23,92,79,rmse,0.15,3.94100944639347,3.89299708832111,3.90309191004648,3.25647832271488,3.50763143576639,3.78384174573193,4.18443457056357,4.77082567755141,3.90309191004648,0.719376731176548,1.46856023635091,6.32477747245933,3.85852209225531,3.25647832271488,4.77082567755141,1.51434735483652,3.3567849988966
2023Q2,2023-06-30,92,79,rmse,0.15,3.61080743298399,3.58953133772805,3.5862512664565,2.11158243276941,3.41835377521665,3.78600043078135,4.02173419480024,4.3541942411987,3.5862512664565,1.25211180215131,0.220298409901269,8.17342271067535,3.62058145942555,2.11158243276941,4.3541942411987,2.24261180842929,3.3567849988966
2023Q3,2023-07-07,92,79,rmse,0.15,3.64983851172507,3.71000266163201,3.70952967709756,3.10267588544839,3.46467399638774,3.72369833458933,3.89145616052515,4.45208547730435,3.70952967709756,0.58462132620004,1.54301707798921,5.13807179053555,3.72343442509723,3.10267588544839,4.45208547730435,1.34940959185596,0.347146908315565
2023Q3,2023-07-14,92,79,rmse,0.15,3.64983851172507,3.71000266163201,3.70952967709756,3.10267588544839,3.46467399638774,3.72369833458933,3.89145616052515,4.45208547730435,3.70952967709756,0.58462132620004,1.54301707798921,5.13807179053555,3.72343442509723,3.10267588544839,4.45208547730435,1.34940959185596,0.347146908315565
2023Q3,2023-07-21,92,79,rmse,0.15,3.64983851172507,3.71000266163201,3.70952967709756,3.10267588544839,3.46467399638774,3.72369833458933,3.89145616052515,4.45208547730435,3.70952967709756,0.58462132620004,1.54301707798921,5.13807179053555,3.72343442509723,3.10267588544839,4.45208547730435,1.34940959185596,0.347146908315565
2023Q3,2023-07-28,92,79,rmse,0.15,3.64983851172507,3.71000266163201,3.70952967709756,3.10267588544839,3.46467399638774,3.72369833458933,3.89145616052515,4.45208547730435,3.70952967709756,0.58462132620004,1.54301707798921,5.13807179053555,3.72343442509723,3.10267588544839,4.45208547730435,1.34940959185596,0.347146908315565
2023Q3,2023-08-04,92,79,rmse,0.15,3.72919376672703,3.73383767797847,3.73827180948422,3.06464512429972,3.4701344483471,3.71432091571784,3.9101562844579,4.40728661792334,3.73827180948422,0.643712677802084,1.43960295481819,5.67863301800785,3.72792291240494,3.06464512429972,4.40728661792334,1.34264149362362,0.347146908315565
2023Q3,2023-08-11,92,79,rmse,0.15,3.808370776339,3.82012576495898,3.82652169729979,3.36773052215473,3.58916129519415,3.72504121164148,3.97406134067286,4.35979755666825,3.82652169729979,0.5206534097869,2.57509858500699,5.70936480435296,3.77661754431657,3.36773052215473,4.35979755666825,0.99206703451352,0.347146908315565
2023Q3,2023-08-18,92,79,rmse,0.15,3.808370776339,3.82012576495898,3.82652169729979,3.36773052215473,3.58916129519415,3.72504121164148,3.97406134067286,4.35979755666825,3.82652169729979,0.5206534097869,2.57509858500699,5.70936480435296,3.77661754431657,3.36773052215473,4.35979755666825,0.99206703451352,0.347146908315565
2023Q3,2023-08-25,92,79,rmse,0.15,3.808370776339,3.82012576495898,3.82652169729979,3.36773052215473,3.58916129519415,3.72504121164148,3.97406134067286,4.35979755666825,3.82652169729979,0.5206534097869,2.57509858500699,5.70936480435296,3.77661754431657,3.36773052215473,4.35979755666825,0.99206703451352,0.347146908315565
2023Q3,2023-09-01,92,79,rmse,0.15,3.69301942905145,3.69494823043994,3.69296632770535,3.16022755399039,3.57782089294438,3.70789183832237,3.82555568681986,4.02870000452832,3.69296632770535,0.608858826668506,2.02778547897494,7.43860831854586,3.67952786748592,3.16022755399039,4.02870000452832,0.868472450537934,0.347146908315565
2023Q3,2023-09-08,92,79,rmse,0.15,3.8083929267325,3.80911853574041,3.80893185667303,3.45364218561393,3.63619260219871,3.7203070775878,3.92613065120153,4.13600347703738,3.80893185667303,0.600505074379144,1.7214810818343,6.32113790211663,3.75205852779907,3.45364218561393,4.13600347703738,0.682361291423452,0.347146908315565
2023Q3,2023-09-15,92,79,rmse,0.15,3.8083929267325,3.80911853574041,3.80893185667303,3.45364218561393,3.63619260219871,3.7203070775878,3.92613065120153,4.13600347703738,3.80893185667303,0.600505074379144,1.7214810818343,6.32113790211663,3.75205852779907,3.45364218561393,4.13600347703738,0.682361291423452,0.347146908315565
2023Q3,2023-09-22,92,79,rmse,0.15,3.8083929267325,3.80911853574041,3.80893185667303,3.45364218561393,3.63619260219871,3.7203070775878,3.92613065120153,4.13600347703738,3.80893185667303,0.600505074379144,1.7214810818343,6.32113790211663,3.75205852779907,3.45364218561393,4.13600347703738,0.682361291423452,0.347146908315565
2023Q3,2023-09-29,92,79,rmse,0.15,3.71558979426803,3.71036700443133,3.71370435975095,3.28354950394775,3.55367926428762,3.71158895512521,3.89623395912542,4.19684436525157,3.71370435975095,0.462885591321921,1.89523253043632,5.36366454381557,3.72427042978655,3.28354950394775,4.19684436525157,0.913294861303816,0.347146908315565
2023Q4,2023-10-06,92,79,rmse,0.15,3.1875979796753,3.19993141032986,3.20801478401868,2.75119283029569,3.065902482766,3.20089391339137,3.34936795882771,3.79404451964056,3.20801478401868,1.04011886031408,-1.79305307312341,9.30375874453825,3.21399904350724,2.75119283029569,3.79404451964056,1.04285168934486,1.27750670204776
2023Q4,2023-10-13,92,79,rmse,0.15,3.1875979796753,3.19993141032986,3.20801478401868,2.75119283029569,3.065902482766,3.20089391339137,3.34936795882771,3.79404451964056,3.20801478401868,1.04011886031408,-1.79305307312341,9.30375874453825,3.21399904350724,2.75119283029569,3.79404451964056,1.04285168934486,1.27750670204776
2023Q4,2023-10-20,92,79,rmse,0.15,3.1875979796753,3.19993141032986,3.20801478401868,2.75119283029569,3.065902482766,3.20089391339137,3.34936795882771,3.79404451964056,3.20801478401868,1.04011886031408,-1.79305307312341,9.30375874453825,3.21399904350724,2.75119283029569,3.79404451964056,1.04285168934486,1.27750670204776
2023Q4,2023-10-27,92,79,rmse,0.15,3.1875979796753,3.19993141032986,3.20801478401868,2.75119283029569,3.065902482766,3.20089391339137,3.34936795882771,3.79404451964056,3.20801478401868,1.04011886031408,-1.79305307312341,9.30375874453825,3.21399904350724,2.75119283029569,3.79404451964056,1.04285168934486,1.27750670204776
2023Q4,2023-11-03,92,79,rmse,0.15,3.02391858055318,3.03466968911575,3.03615417843643,2.10199194170238,2.77364551704749,3.07565952888753,3.26186801785583,3.92416011198605,3.03615417843643,0.793346064674274,0.97170229609377,5.55271886298297,3.02265409343447,2.10199194170238,3.92416011198605,1.82216817028367,1.27750670204776
2023Q4,2023-11-10,92,79,rmse,0.15,3.13112407952315,3.14540321867439,3.14847648000599,2.28975805651795,2.95441115193929,3.20830640724498,3.33174783758487,3.86477510534577,3.14847648000599,0.726334671795642,0.913884810053485,5.35102342482673,3.15166271622386,2.28975805651795,3.86477510534577,1.57501704882782,1.27750670204776
2023Q4,2023-11-17,92,79,rmse,0.15,3.13112407952315,3.14540321867439,3.14847648000599,2.28975805651795,2.95441115193929,3.20830640724498,3.33174783758487,3.86477510534577,3.14847648000599,0.726334671795642,0.913884810053485,5.35102342482673,3.15166271622386,2.28975805651795,3.86477510534577,1.57501704882782,1.27750670204776
2023Q4,2023-11-24,92,79,rmse,0.15,3.13112407952315,3.14540321867439,3.14847648000599,2.28975805651795,2.95441115193929,3.20830640724498,3.33174783758487,3.86477510534577,3.14847648000599,0.726334671795642,0.913884810053485,5.35102342482673,3.15166271622386,2.28975805651795,3.86477510534577,1.57501704882782,1.27750670204776
2023Q4,2023-12-01,92,79,rmse,0.15,3.21191762749989,3.20537097399997,3.19939245809739,2.27001553525941,2.93319332453898,3.23399743468539,3.52744203722103,3.93504287907317,3.19939245809739,0.887757993290256,0.172119920468117,6.16172495501854,3.21277425252556,2.27001553525941,3.93504287907317,1.66502734381376,1.27750670204776
2023Q4,2023-12-08,92,79,rmse,0.15,3.162102515139,3.14393011845365,3.13242170199812,2.57686121690441,2.92534342713802,3.18387019270067,3.40292105502469,3.89209602562033,3.13242170199812,0.685393897417752,0.943717585915873,4.98014729555629,3.17951666172865,2.57686121690441,3.89209602562033,1.31523480871592,1.27750670204776
2023Q4,2023-12-15,92,79,rmse,0.15,3.162102515139,3.14393011845365,3.13242170199812,2.57686121690441,2.92534342713802,3.18387019270067,3.40292105502469,3.89209602562033,3.13242170199812,0.685393897417752,0.943717585915873,4.98014729555629,3.17951666172865,2.57686121690441,3.89209602562033,1.31523480871592,1.27750670204776
2023Q4,2023-12-22,92,79,rmse,0.15,3.162102515139,3.14393011845365,3.13242170199812,2.57686121690441,2.92534342713802,3.18387019270067,3.40292105502469,3.89209602562033,3.13242170199812,0.685393897417752,0.943717585915873,4.98014729555629,3.17951666172865,2.57686121690441,3.89209602562033,1.31523480871592,1.27750670204776
2023Q4,2023-12-29,92,79,rmse,0.15,3.23674813621887,3.2248375046416,3.22156428141657,2.51346174040413,2.84403525388986,3.22378770245345,3.42234851117804,3.99897118042801,3.22156428141657,0.715518626514908,1.43397131530578,5.47638317325769,3.1728484311684,2.51346174040413,3.99897118042801,1.48550944002388,1.27750670204776
2024Q1,2024-01-05,92,79,rmse,0.15,3.10812470490432,3.07070106613285,3.07228908724847,2.21370268712172,2.77658272115478,3.0125639735491,3.27739913991999,3.999164857656,3.07228908724847,0.855168541508598,0.640369542990753,6.61656376718351,3.05400112050314,2.21370268712172,3.999164857656,1.78546217053428,3.48689250678724
2024Q1,2024-01-12,92,79,rmse,0.15,3.10812470490432,3.07070106613285,3.07228908724847,2.21370268712172,2.77658272115478,3.0125639735491,3.27739913991999,3.999164857656,3.07228908724847,0.855168541508598,0.640369542990753,6.61656376718351,3.05400112050314,2.21370268712172,3.999164857656,1.78546217053428,3.48689250678724
2024Q1,2024-01-19,92,79,rmse,0.15,3.10812470490432,3.07070106613285,3.07228908724847,2.21370268712172,2.77658272115478,3.0125639735491,3.27739913991999,3.999164857656,3.07228908724847,0.855168541508598,0.640369542990753,6.61656376718351,3.05400112050314,2.21370268712172,3.999164857656,1.78546217053428,3.48689250678724
2024Q1,2024-01-26,92,79,rmse,0.15,3.10812470490432,3.07070106613285,3.07228908724847,2.21370268712172,2.77658272115478,3.0125639735491,3.27739913991999,3.999164857656,3.07228908724847,0.855168541508598,0.640369542990753,6.61656376718351,3.05400112050314,2.21370268712172,3.999164857656,1.78546217053428,3.48689250678724
2024Q1,2024-02-02,92,79,rmse,0.15,2.5782718117194,2.57770803736584,2.55746017406701,1.14162090619083,2.00447231032046,2.76378466419605,3.15101719273239,3.52884111769095,2.55746017406701,0.952281700314421,-0.157034968581229,5.03047500751747,2.60235526661621,1.14162090619083,3.52884111769095,2.38722021150012,3.48689250678724
2024Q1,2024-02-09,92,79,rmse,0.15,2.70245800481961,2.68157976219213,2.66931688611931,1.52965316361131,2.2873733409351,2.91022755304583,3.08072281109915,3.40183467961826,2.66931688611931,0.748745255964912,0.643150128074709,4.1600077556025,2.72553720910685,1.52965316361131,3.40183467961826,1.87218151600695,3.48689250678724
2024Q1,2024-02-16,92,79,rmse,0.15,2.70245800481961,2.68157976219213,2.66931688611931,1.52965316361131,2.2873733409351,2.91022755304583,3.08072281109915,3.40183467961826,2.66931688611931,0.748745255964912,0.643150128074709,4.1600077556025,2.72553720910685,1.52965316361131,3.40183467961826,1.87218151600695,3.48689250678724
2024Q1,2024-02-23,92,79,rmse,0.15,2.70245800481961,2.68157976219213,2.66931688611931,1.52965316361131,2.2873733409351,2.91022755304583,3.08072281109915,3.40183467961826,2.66931688611931,0.748745255964912,0.643150128074709,4.1600077556025,2.72553720910685,1.52965316361131,3.40183467961826,1.87218151600695,3.48689250678724
2024Q1,2024-03-01,90,77,rmse,0.15,2.82695743289294,2.82477570081842,2.82036041242047,2.07473556630693,2.51352163128734,2.8886455731792,3.06025784730766,3.55325265487139,2.82036041242047,0.850894068394002,-0.895956149296158,5.74115067837148,2.83428363701469,2.07473556630693,3.55325265487139,1.47851708856446,3.48689250678724
2024Q1,2024-03-08,90,77,rmse,0.15,2.84571429180152,2.83121032647167,2.82864908426762,2.30624575546181,2.63520679349918,2.90528655601063,3.03852516027262,3.38264166737464,2.82864908426762,0.824316910018277,-1.23975460804022,6.23449821846588,2.87039769267738,2.30624575546181,3.38264166737464,1.07639591191283,3.48689250678724
2024Q1,2024-03-15,90,77,rmse,0.15,2.84571429180152,2.83121032647167,2.82864908426762,2.30624575546181,2.63520679349918,2.90528655601063,3.03852516027262,3.38264166737464,2.82864908426762,0.824316910018277,-1.23975460804022,6.23449821846588,2.87039769267738,2.30624575546181,3.38264166737464,1.07639591191283,3.48689250678724
2024Q1,2024-03-22,90,77,rmse,0.15,2.84571429180152,2.83121032647167,2.82864908426762,2.30624575546181,2.63520679349918,2.90528655601063,3.03852516027262,3.38264166737464,2.82864908426762,0.824316910018277,-1.23975460804022,6.23449821846588,2.87039769267738,2.30624575546181,3.38264166737464,1.07639591191283,3.48689250678724
2024Q1,2024-03-29,90,77,rmse,0.15,2.78231801197019,2.78753380316561,2.78477798492202,2.05876482165806,2.52179637667196,2.85981048386976,3.00947098615012,3.27806458011134,2.78477798492202,0.796098259059536,0.480850536506457,6.5731456242842,2.77884516394081,2.05876482165806,3.27806458011134,1.21929975845328,3.48689250678724
2024Q2,2024-04-05,90,77,rmse,0.15,3.05944153914838,3.03274367843954,3.02939169563836,2.5942786577792,2.82060315037077,3.04178117291089,3.14262504677681,3.66707707603625,3.02939169563836,0.609576898002255,1.15370766177145,6.37571551759845,3.01634920421995,2.5942786577792,3.66707707603625,1.07279841825705,6.0404189283723
2024Q2,2024-04-12,90,77,rmse,0.15,3.05944153914838,3.03274367843954,3.02939169563836,2.5942786577792,2.82060315037077,3.04178117291089,3.14262504677681,3.66707707603625,3.02939169563836,0.609576898002255,1.15370766177145,6.37571551759845,3.01634920421995,2.5942786577792,3.66707707603625,1.07279841825705,6.0404189283723
2024Q2,2024-04-19,90,77,rmse,0.15,3.05944153914838,3.03274367843954,3.02939169563836,2.5942786577792,2.82060315037077,3.04178117291089,3.14262504677681,3.66707707603625,3.02939169563836,0.609576898002255,1.15370766177145,6.37571551759845,3.01634920421995,2.5942786577792,3.66707707603625,1.07279841825705,6.0404189283723
2024Q2,2024-04-26,90,77,rmse,0.15,3.05944153914838,3.03274367843954,3.02939169563836,2.5942786577792,2.82060315037077,3.04178117291089,3.14262504677681,3.66707707603625,3.02939169563836,0.609576898002255,1.15370766177145,6.37571551759845,3.01634920421995,2.5942786577792,3.66707707603625,1.07279841825705,6.0404189283723
2024Q2,2024-05-03,90,77,rmse,0.15,2.79557711258317,2.77265422823878,2.76428475027461,2.07657152437732,2.41468048223594,2.88208287720344,3.06414910731,3.21059853626111,2.76428475027461,0.506918895346453,1.32338878447708,4.94322761661112,2.78596763457756,2.07657152437732,3.21059853626111,1.13402701188379,6.0404189283723
2024Q2,2024-05-10,90,77,rmse,0.15,2.90538362984273,2.88931839925223,2.87948486845108,2.33368939023705,2.74703059838774,2.94159568478631,3.08986712990498,3.29602860841294,2.87948486845108,0.465478171064484,1.31626044877067,4.78863952418495,2.90893159425682,2.33368939023705,3.29602860841294,0.962339218175884,6.0404189283723
2024Q2,2024-05-17,90,77,rmse,0.15,2.90538362984273,2.88931839925223,2.87948486845108,2.33368939023705,2.74703059838774,2.94159568478631,3.08986712990498,3.29602860841294,2.87948486845108,0.465478171064484,1.31626044877067,4.78863952418495,2.90893159425682,2.33368939023705,3.29602860841294,0.962339218175884,6.0404189283723
2024Q2,2024-05-24,90,77,rmse,0.15,2.90538362984273,2.88931839925223,2.87948486845108,2.33368939023705,2.74703059838774,2.94159568478631,3.08986712990498,3.29602860841294,2.87948486845108,0.465478171064484,1.31626044877067,4.78863952418495,2.90893159425682,2.33368939023705,3.29602860841294,0.962339218175884,6.0404189283723
2024Q2,2024-05-31,90,77,rmse,0.15,2.7231626907822,2.74909650234152,2.72547488504026,1.7753089976336,2.53513457936886,2.96522954135319,3.05652742831309,3.27707562228929,2.72547488504026,0.97487092364021,-0.578757857912726,6.8527628938427,2.7831026650053,1.7753089976336,3.27707562228929,1.50176662465569,6.0404189283723
2024Q2,2024-06-07,90,77,rmse,0.15,2.75560624731538,2.78344289658148,2.75908515023515,1.85110678395955,2.53086832820087,2.96014248679893,3.12954333276683,3.35334345997426,2.75908515023515,0.823529636336868,-0.536512435757456,5.71779819165979,2.82652532186878,1.85110678395955,3.35334345997426,1.50223667601471,6.0404189283723
2024Q2,2024-06-14,90,77,rmse,0.15,2.75560624731538,2.78344289658148,2.75908515023515,1.85110678395955,2.53086832820087,2.96014248679893,3.12954333276683,3.35334345997426,2.75908515023515,0.823529636336868,-0.536512435757456,5.71779819165979,2.82652532186878,1.85110678395955,3.35334345997426,1.50223667601471,6.0404189283723
2024Q2,2024-06-21,90,77,rmse,0.15,2.75560624731538,2.78344289658148,2.75908515023515,1.85110678395955,2.53086832820087,2.96014248679893,3.12954333276683,3.35334345997426,2.75908515023515,0.823529636336868,-0.536512435757456,5.71779819165979,2.82652532186878,1.85110678395955,3.35334345997426,1.50223667601471,6.0404189283723
2024Q2,2024-06-28,90,77,rmse,0.15,2.7326611090149,2.75564757224192,2.730706934527,1.86476129848961,2.61575048399337,3.03576340286065,3.13934937214001,3.36546046698443,2.730706934527,0.777167935986216,-0.258312003096408,3.77599147110332,2.86884073021351,1.86476129848961,3.36546046698443,1.50069916849482,6.0404189283723
2024Q3,2024-07-05,90,77,rmse,0.15,3.73141639192022,3.69285763955245,3.70168141790717,3.04172089924061,3.23907475905699,3.38727947434487,4.01694504844777,4.76740261707965,3.70168141790717,0.787959706547026,2.30378394177948,6.19618319541794,3.59798129311694,3.04172089924061,4.76740261707965,1.72568171783904,3.15392718941609
2024Q3,2024-07-12,90,77,rmse,0.15,3.73141639192022,3.69285763955245,3.70168141790717,3.04172089924061,3.23907475905699,3.38727947434487,4.01694504844777,4.76740261707965,3.70168141790717,0.787959706547026,2.30378394177948,6.19618319541794,3.59798129311694,3.04172089924061,4.76740261707965,1.72568171783904,3.15392718941609
2024Q3,2024-07-19,90,77,rmse,0.15,3.73141639192022,3.69285763955245,3.70168141790717,3.04172089924061,3.23907475905699,3.38727947434487,4.01694504844777,4.76740261707965,3.70168141790717,0.787959706547026,2.30378394177948,6.19618319541794,3.59798129311694,3.04172089924061,4.76740261707965,1.72568171783904,3.15392718941609
2024Q3,2024-07-26,90,77,rmse,0.15,3.73141639192022,3.69285763955245,3.70168141790717,3.04172089924061,3.23907475905699,3.38727947434487,4.01694504844777,4.76740261707965,3.70168141790717,0.787959706547026,2.30378394177948,6.19618319541794,3.59798129311694,3.04172089924061,4.76740261707965,1.72568171783904,3.15392718941609
2024Q3,2024-08-02,90,77,rmse,0.15,3.3323094433236,3.37096389482414,3.35956331267732,2.91706819894677,3.2506089635641,3.35999312525645,3.63852626447809,3.97772207466491,3.35956331267732,0.843694458600194,-2.94646212754128,4.76531694728481,3.41254682778764,2.91706819894677,3.97772207466491,1.06065387571814,3.15392718941609
2024Q3,2024-08-09,90,77,rmse,0.15,3.33122258470611,3.35559996152258,3.34970749831943,2.88705139639866,3.25583208220508,3.35613307111114,3.48692284961226,3.91234752737402,3.34970749831943,0.696780155478379,-1.44861130881638,4.88183112810863,3.37916916404553,2.88705139639866,3.91234752737402,1.02529613097536,3.15392718941609
2024Q3,2024-08-16,90,77,rmse,0.15,3.33122258470611,3.35559996152258,3.34970749831943,2.88705139639866,3.25583208220508,3.35613307111114,3.48692284961226,3.91234752737402,3.34970749831943,0.696780155478379,-1.44861130881638,4.88183112810863,3.37916916404553,2.88705139639866,3.91234752737402,1.02529613097536,3.15392718941609
2024Q3,2024-08-23,90,77,rmse,0.15,3.33122258470611,3.35559996152258,3.34970749831943,2.88705139639866,3.25583208220508,3.35613307111114,3.48692284961226,3.91234752737402,3.34970749831943,0.696780155478379,-1.44861130881638,4.88183112810863,3.37916916404553,2.88705139639866,3.91234752737402,1.02529613097536,3.15392718941609
2024Q3,2024-08-30,90,77,rmse,0.15,3.4011020845278,3.41032997840185,3.4121265525208,2.88680511275891,3.20860041115198,3.33123946681848,3.56918350908726,3.96118174671643,3.4121265525208,0.547429851113762,2.18086994375679,5.68608784158241,3.37829751328062,2.88680511275891,3.96118174671643,1.07437663395751,3.15392718941609
2024Q3,2024-09-06,90,77,rmse,0.15,3.41025252035848,3.39471508656577,3.38834770930808,2.94937387151856,3.22562523705114,3.37273744509328,3.57713356735035,3.86504830801882,3.38834770930808,0.467895274396262,1.14608968482054,4.54111732158906,3.39673533695434,2.94937387151856,3.86504830801882,0.915674436500258,3.15392718941609
2024Q3,2024-09-13,90,77,rmse,0.15,3.41025252035848,3.39471508656577,3.38834770930808,2.94937387151856,3.22562523705114,3.37273744509328,3.57713356735035,3.86504830801882,3.38834770930808,0.467895274396262,1.14608968482054,4.54111732158906,3.39673533695434,2.94937387151856,3.86504830801882,0.915674436500258,3.15392718941609
2024Q3,2024-09-20,90,77,rmse,0.15,3.41025252035848,3.39471508656577,3.38834770930808,2.94937387151856,3.22562523705114,3.37273744509328,3.57713356735035,3.86504830801882,3.38834770930808,0.467895274396262,1.14608968482054,4.54111732158906,3.39673533695434,2.94937387151856,3.86504830801882,0.915674436500258,3.15392718941609
2024Q3,2024-09-27,90,77,rmse,0.15,3.41559506800854,3.39130006288243,3.39179051952094,2.98342323888125,3.21596708483671,3.39659196429152,3.54757346045298,3.67505471639265,3.39179051952094,0.546521552943432,1.75015305318168,5.66765078144888,3.3720230301276,2.98342323888125,3.67505471639265,0.691631477511399,3.15392718941609
2024Q4,2024-10-04,90,77,rmse,0.15,3.33964545236549,3.33227080202008,3.33620958726439,3.14813567215,3.24719574066231,3.31236373881781,3.39010917400062,3.5299630343527,3.33620958726439,0.241928484037556,2.77286196479398,4.16292503332215,3.32497504177463,3.14813567215,3.5299630343527,0.3818273622027,0.251243138330537
2024Q4,2024-10-11,90,77,rmse,0.15,3.33964545236549,3.33227080202008,3.33620958726439,3.14813567215,3.24719574066231,3.31236373881781,3.39010917400062,3.5299630343527,3.33620958726439,0.241928484037556,2.77286196479398,4.16292503332215,3.32497504177463,3.14813567215,3.5299630343527,0.3818273622027,0.251243138330537
2024Q4,2024-10-18,90,77,rmse,0.15,3.33964545236549,3.33227080202008,3.33620958726439,3.14813567215,3.24719574066231,3.31236373881781,3.39010917400062,3.5299630343527,3.33620958726439,0.241928484037556,2.77286196479398,4.16292503332215,3.32497504177463,3.14813567215,3.5299630343527,0.3818273622027,0.251243138330537
2024Q4,2024-10-25,90,77,rmse,0.15,3.33964545236549,3.33227080202008,3.33620958726439,3.14813567215,3.24719574066231,3.31236373881781,3.39010917400062,3.5299630343527,3.33620958726439,0.241928484037556,2.77286196479398,4.16292503332215,3.32497504177463,3.14813567215,3.5299630343527,0.3818273622027,0.251243138330537
2024Q4,2024-11-01,90,77,rmse,0.15,3.25984678388585,3.26044981521362,3.26327325249073,2.9793402793913,3.16261306314532,3.29968050153678,3.3852752755496,3.46529145345517,3.26327325249073,0.227952710029774,2.69424129860814,3.95642943172764,3.26839621924002,2.9793402793913,3.46529145345517,0.48595117406387,0.251243138330537
2024Q4,2024-11-08,90,77,rmse,0.15,3.269836021588,3.26769316030636,3.26826708793059,2.99404364074926,3.16193835537827,3.32241283621305,3.38749609894312,3.53258884924986,3.26826708793059,0.257084635464128,2.45116903929219,4.01898887664727,3.28251493652822,2.99404364074926,3.53258884924986,0.538545208500598,0.251243138330537
2024Q4,2024-11-15,90,77,rmse,0.15,3.269836021588,3.26769316030636,3.26826708793059,2.99404364074926,3.16193835537827,3.32241283621305,3.38749609894312,3.53258884924986,3.26826708793059,0.257084635464128,2.45116903929219,4.01898887664727,3.28251493652822,2.99404364074926,3.53258884924986,0.538545208500598,0.251243138330537
2024Q4,2024-11-22,90,77,rmse,0.15,3.269836021588,3.26769316030636,3.26826708793059,2.99404364074926,3.16193835537827,3.32241283621305,3.38749609894312,3.53258884924986,3.26826708793059,0.257084635464128,2.45116903929219,4.01898887664727,3.28251493652822,2.99404364074926,3.53258884924986,0.538545208500598,0.251243138330537
2024Q4,2024-11-29,102,87,rmse,0.15,4.76306170112577,3.33930769882356,3.32853422749175,2.85858728329138,3.09703019830116,3.32506224341203,3.43667387065156,3.57616332858037,3.32853422749175,0.699047183722162,1.49386120055449,7.93494671374938,3.27693165923701,2.85858728329138,3.57616332858037,0.717576045288994,0.251243138330537
2024Q4,2024-12-06,102,87,rmse,0.15,2.70278261510191,3.34425896626018,3.3659714138463,2.91468490078757,3.1865954109082,3.33898729830831,3.57244860993136,4.00844574195573,3.3659714138463,0.663242579498808,-0.387136621410284,5.12365351896296,3.39610925746863,2.91468490078757,4.00844574195573,1.09376084116816,0.251243138330537
2024Q4,2024-12-13,102,87,rmse,0.15,2.70278261510191,3.34425896626018,3.3659714138463,2.91468490078757,3.1865954109082,3.33898729830831,3.57244860993136,4.00844574195573,3.3659714138463,0.663242579498808,-0.387136621410284,5.12365351896296,3.39610925746863,2.91468490078757,4.00844574195573,1.09376084116816,0.251243138330537
2024Q4,2024-12-20,102,87,rmse,0.15,2.70278261510191,3.34425896626018,3.3659714138463,2.91468490078757,3.1865954109082,3.33898729830831,3.57244860993136,4.00844574195573,3.3659714138463,0.663242579498808,-0.387136621410284,5.12365351896296,3.39610925746863,2.91468490078757,4.00844574195573,1.09376084116816,0.251243138330537
2024Q4,2024-12-27,102,87,rmse,0.15,2.67039624569848,3.2939082043956,3.31670984876712,2.83886301212781,3.19607187554247,3.33370105242083,3.55776526578007,3.93321415948183,3.31670984876712,0.616402342146662,0.95721232988154,4.68865433703949,3.37342845329895,2.83886301212781,3.93321415948183,1.09435114735402,0.251243138330537
2025Q1,2025-01-03,102,87,rmse,0.15,4.09600095846685,2.96006079840221,2.97821248091173,2.38842272072649,2.81614823681408,2.99216913730863,3.14225602307643,3.42618684437074,2.97821248091173,0.662100868344407,1.32666338328769,6.1620849098739,2.96707416947658,2.38842272072649,3.42618684437074,1.03776412364425,5.19865916007376
2025Q1,2025-01-10,102,87,rmse,0.15,4.09600095846685,2.96006079840221,2.97821248091173,2.38842272072649,2.81614823681408,2.99216913730863,3.14225602307643,3.42618684437074,2.97821248091173,0.662100868344407,1.32666338328769,6.1620849098739,2.96707416947658,2.38842272072649,3.42618684437074,1.03776412364425,5.19865916007376
2025Q1,2025-01-17,102,87,rmse,0.15,4.09600095846685,2.96006079840221,2.97821248091173,2.38842272072649,2.81614823681408,2.99216913730863,3.14225602307643,3.42618684437074,2.97821248091173,0.662100868344407,1.32666338328769,6.1620849098739,2.96707416947658,2.38842272072649,3.42618684437074,1.03776412364425,5.19865916007376
2025Q1,2025-01-24,102,87,rmse,0.15,4.09600095846685,2.96006079840221,2.97821248091173,2.38842272072649,2.81614823681408,2.99216913730863,3.14225602307643,3.42618684437074,2.97821248091173,0.662100868344407,1.32666338328769,6.1620849098739,2.96707416947658,2.38842272072649,3.42618684437074,1.03776412364425,5.19865916007376
2025Q1,2025-01-31,114,97,rmse,0.15,4.15761431945743,3.21794720168031,3.1368014298278,2.2672552748999,2.8538331809121,3.08769945398888,3.32088884827349,3.83941898574368,3.1368014298278,0.98520386676895,0.254559572433851,9.22520955006595,3.0899666304376,2.2672552748999,3.83941898574368,1.57216371084378,5.19865916007376
2025Q1,2025-02-07,114,97,rmse,0.15,4.15825151438567,3.23653297848472,3.15346614022508,2.4351713828644,2.92874748024603,3.05535389241374,3.34479048584038,3.83822900823684,3.15346614022508,0.967755381228086,0.254559572433851,9.22520955006595,3.10962881757522,2.4351713828644,3.83822900823684,1.40305762537244,5.19865916007376
2025Q1,2025-02-14,114,97,rmse,0.15,4.15825151438567,3.23653297848472,3.15346614022508,2.4351713828644,2.92874748024603,3.05535389241374,3.34479048584038,3.83822900823684,3.15346614022508,0.967755381228086,0.254559572433851,9.22520955006595,3.10962881757522,2.4351713828644,3.83822900823684,1.40305762537244,5.19865916007376
2025Q1,2025-02-21,114,97,rmse,0.15,4.15825151438567,3.23653297848472,3.15346614022508,2.4351713828644,2.92874748024603,3.05535389241374,3.34479048584038,3.83822900823684,3.15346614022508,0.967755381228086,0.254559572433851,9.22520955006595,3.10962881757522,2.4351713828644,3.83822900823684,1.40305762537244,5.19865916007376
2025Q1,2025-02-28,114,97,rmse,0.15,5.53142131643922,3.349001643494,3.16278669454672,2.46559723848096,2.89877746312882,3.09981259211302,3.37916594654157,3.98665204966805,3.16278669454672,0.875754858965877,0.594203949707823,7.4702438924518,3.14465217477424,2.46559723848096,3.98665204966805,1.5210548111871,5.19865916007376
2025Q1,2025-03-07,114,97,rmse,0.15,3.79031015456925,3.21857720253634,3.15377109697124,2.61035525709556,2.93065551788775,3.07174501711953,3.3360489270495,3.65272772740899,3.15377109697124,0.859664264141313,-0.983830275783547,6.42382810434624,3.10533911410098,2.61035525709556,3.65272772740899,1.04237247031343,5.19865916007376
2025Q1,2025-03-14,114,97,rmse,0.15,3.79031015456925,3.21857720253634,3.15377109697124,2.61035525709556,2.93065551788775,3.07174501711953,3.3360489270495,3.65272772740899,3.15377109697124,0.859664264141313,-0.983830275783547,6.42382810434624,3.10533911410098,2.61035525709556,3.65272772740899,1.04237247031343,5.19865916007376
2025Q1,2025-03-21,114,97,rmse,0.15,3.79031015456925,3.21857720253634,3.15377109697124,2.61035525709556,2.93065551788775,3.07174501711953,3.3360489270495,3.65272772740899,3.15377109697124,0.859664264141313,-0.983830275783547,6.42382810434624,3.10533911410098,2.61035525709556,3.65272772740899,1.04237247031343,5.19865916007376
2025Q1,2025-03-28,114,97,rmse,0.15,3.79545975471079,3.27035826328842,3.20999909321918,2.58863109797235,2.94380702346921,3.07720555053005,3.24724926732227,3.77079965180772,3.20999909321918,0.826757086267699,0.788216822204489,6.74887151713301,3.10474593793465,2.58863109797235,3.77079965180772,1.18216855383538,5.19865916007376
2025Q2,2025-04-04,114,97,rmse,0.15,2.16877982173164,3.06483496156549,3.20549152805873,2.66470612070422,3.06028684996473,3.22975552411972,3.37100805830918,3.90691526364754,3.20549152805873,0.807361131168847,0.395420024491493,6.21992127951266,3.22837156307926,2.66470612070422,3.90691526364754,1.24220914294332,1.48476739021497
2025Q2,2025-04-11,114,97,rmse,0.15,2.16877982173164,3.06483496156549,3.20549152805873,2.66470612070422,3.06028684996473,3.22975552411972,3.37100805830918,3.90691526364754,3.20549152805873,0.807361131168847,0.395420024491493,6.21992127951266,3.22837156307926,2.66470612070422,3.90691526364754,1.24220914294332,1.48476739021497
2025Q2,2025-04-18,114,97,rmse,0.15,2.16877982173164,3.06483496156549,3.20549152805873,2.66470612070422,3.06028684996473,3.22975552411972,3.37100805830918,3.90691526364754,3.20549152805873,0.807361131168847,0.395420024491493,6.21992127951266,3.22837156307926,2.66470612070422,3.90691526364754,1.24220914294332,1.48476739021497
2025Q2,2025-04-25,114,97,rmse,0.15,2.16877982173164,3.06483496156549,3.20549152805873,2.66470612070422,3.06028684996473,3.22975552411972,3.37100805830918,3.90691526364754,3.20549152805873,0.807361131168847,0.395420024491493,6.21992127951266,3.22837156307926,2.66470612070422,3.90691526364754,1.24220914294332,1.48476739021497
2025Q2,2025-05-02,114,97,rmse,0.15,1.78449183500096,2.97013039733474,3.10641615863576,2.46311340631808,2.94527596599113,3.17796751372984,3.33017151849263,3.77034332562482,3.10641615863576,0.770957847362633,0.0658894401973496,5.70839331282203,3.16379888272411,2.46311340631808,3.77034332562482,1.30722991930674,1.48476739021497
2025Q2,2025-05-09,114,97,rmse,0.15,1.78192082792826,2.94116087398534,3.07994404826078,2.39167814894965,2.92522263910071,3.19387043709396,3.32916938015752,3.65205132795567,3.07994404826078,0.754871903533149,0.0658894401973496,5.70839331282203,3.13927338012405,2.39167814894965,3.65205132795567,1.26037317900601,1.48476739021497
2025Q2,2025-05-16,114,97,rmse,0.15,1.78192082792826,2.94116087398534,3.07994404826078,2.39167814894965,2.92522263910071,3.19387043709396,3.32916938015752,3.65205132795567,3.07994404826078,0.754871903533149,0.0658894401973496,5.70839331282203,3.13927338012405,2.39167814894965,3.65205132795567,1.26037317900601,1.48476739021497
2025Q2,2025-05-23,114,97,rmse,0.15,1.78192082792826,2.94116087398534,3.07994404826078,2.39167814894965,2.92522263910071,3.19387043709396,3.32916938015752,3.65205132795567,3.07994404826078,0.754871903533149,0.0658894401973496,5.70839331282203,3.13927338012405,2.39167814894965,3.65205132795567,1.26037317900601,1.48476739021497
2025Q2,2025-05-30,114,97,rmse,0.15,2.47315263028133,3.13333351292932,3.27037420115779,2.80730778501852,3.06293217029316,3.26666401647022,3.45566112920043,3.82714754012807,3.27037420115779,0.650685854618524,0.456208862772769,5.50729188788017,3.26429888828136,2.80730778501852,3.82714754012807,1.01983975510955,1.48476739021497
2025Q2,2025-06-06,114,97,rmse,0.15,2.9608697143886,3.21058197994674,3.29726792797375,2.87310307342226,3.14211035508276,3.25455044844383,3.50684020106336,3.78867683025461,3.29726792797375,1.04403164065026,-3.75567374314572,8.70955864646358,3.30408608845891,2.87310307342226,3.78867683025461,0.91557375683235,1.48476739021497
2025Q2,2025-06-13,114,97,rmse,0.15,2.9608697143886,3.21058197994674,3.29726792797375,2.87310307342226,3.14211035508276,3.25455044844383,3.50684020106336,3.78867683025461,3.29726792797375,1.04403164065026,-3.75567374314572,8.70955864646358,3.30408608845891,2.87310307342226,3.78867683025461,0.91557375683235,1.48476739021497
2025Q2,2025-06-20,114,97,rmse,0.15,2.9608697143886,3.21058197994674,3.29726792797375,2.87310307342226,3.14211035508276,3.25455044844383,3.50684020106336,3.78867683025461,3.29726792797375,1.04403164065026,-3.75567374314572,8.70955864646358,3.30408608845891,2.87310307342226,3.78867683025461,0.91557375683235,1.48476739021497
2025Q2,2025-06-27,114,97,rmse,0.15,2.95968487598558,3.18872963919345,3.27870457811683,2.89148804510752,3.14966939031827,3.29972081677643,3.44882774418799,3.80007373481614,3.27870457811683,1.07137860925351,-3.75567374314572,8.70955864646358,3.30274585638743,2.89148804510752,3.80007373481614,0.908585689708627,1.48476739021497
