quarter,test_date,variable,metric_value,included,weight_bic,weight_rmse,y_hat
2016Q3,2016-09-30,DA3m_AUTO_SALES_US,8.95397172418835,FALSE,,,-5.76116006718912
2016Q3,2016-09-30,DA3m_CAP_UTILI_US,4.63219701232839,TRUE,0.00131896743351233,0.0177591430881246,-6.84057462254745
2016Q3,2016-09-30,DA3m_CONS_CONF_US,7.53187421015099,TRUE,2.49596495856025e-08,0.00671722559566606,-13.1358774262857
2016Q3,2016-09-30,DA3m_CONS_SENTI_US,7.51157980281023,TRUE,1.67061860509567e-08,0.00675357115016314,-13.4904793816992
2016Q3,2016-09-30,DA3m_CPI_US,7.60058573287341,TRUE,8.63761453048585e-10,0.00659632319733915,8.24000235117751
2016Q3,2016-09-30,DA3m_Credit,5.10197751858205,TRUE,1.39594716649313e-10,0.0146392547872676,0.0422746675526938
2016Q3,2016-09-30,DA3m_EMPLOY_NONFARM_US,4.02399592227753,TRUE,0.000102628249925935,0.0235332000559278,-5.15684163318958
2016Q3,2016-09-30,DA3m_Fx,4.06439578028959,TRUE,4.16516692149044e-09,0.023067687909961,1.66801317784799
2016Q3,2016-09-30,DA3m_HOUSING_STARTS_US,9.28142253528475,FALSE,,,-8.36151094233921
2016Q3,2016-09-30,DA3m_HVT,4.84579224998234,TRUE,0.0316263639530875,0.0162280549138848,-2.33316243679419
2016Q3,2016-09-30,DA3m_IC_Br,4.69964289336272,TRUE,1.78620514644206e-10,0.0172530679523637,0.227719101697359
2016Q3,2016-09-30,DA3m_IE_S,5.09985704520565,TRUE,7.02565037698769e-05,0.0146514310515318,-0.703758066847362
2016Q3,2016-09-30,DA3m_IE_S_alt,6.17525038940325,TRUE,2.18095933631278e-06,0.00999279337004043,-0.474898637149114
2016Q3,2016-09-30,DA3m_INCC_DI,6.7251911898511,TRUE,6.49099578731364e-11,0.00842532727986903,-11.1875845489162
2016Q3,2016-09-30,DA3m_INDF,6.020633745786,TRUE,3.71786401157821e-05,0.0105126361559481,-9.21792613226707
2016Q3,2016-09-30,DA3m_INDFE,5.23025402474221,TRUE,7.16922595711651e-05,0.0139299797789881,-3.77598749924058
2016Q3,2016-09-30,DA3m_IP,3.67406017260587,TRUE,0.798272524910948,0.0282295217841646,-0.323872092859059
2016Q3,2016-09-30,DA3m_IPCA,5.99460509955857,TRUE,4.14314367203309e-12,0.010604126332377,-7.19961815761827
2016Q3,2016-09-30,DA3m_IPCA_EX1,6.32872402038069,TRUE,7.13576189329026e-10,0.00951401288954362,-6.68382078926764
2016Q3,2016-09-30,DA3m_IPCA_MA,6.86397555835064,TRUE,9.46279500055518e-09,0.0080880642754128,5.65982171881307
2016Q3,2016-09-30,DA3m_IPCDG,4.0653736723133,TRUE,0.0251612966950442,0.0230565917614662,-3.48111283408763
2016Q3,2016-09-30,DA3m_IPCI,5.51300526862143,TRUE,0.000126223167999132,0.0125377393120055,5.25479093662833
2016Q3,2016-09-30,DA3m_IPKG,7.94665868710888,FALSE,,,-18.0247985560949
2016Q3,2016-09-30,DA3m_IPME,7.85513554499057,FALSE,,,13.181551488216
2016Q3,2016-09-30,DA3m_IPMI,3.22102339581057,TRUE,0.126391303019303,0.0367289313134889,-4.75124823902512
2016Q3,2016-09-30,DA3m_IPSDG,12.3787224843088,FALSE,,,-7.56183776585265
2016Q3,2016-09-30,DA3m_IP_US,3.77813216118002,TRUE,0.00584641616109131,0.0266957274194804,-7.08585346121478
2016Q3,2016-09-30,DA3m_ISA_S,3.62092743494111,TRUE,0.00212332294043108,0.0290640684573864,-1.08183354739584
2016Q3,2016-09-30,DA3m_M1,8.71008857698967,FALSE,,,-3.20248161595491
2016Q3,2016-09-30,DA3m_PIB_monthly,8.28797021213723,FALSE,,,-14.0053190214059
2016Q3,2016-09-30,DA3m_QSC,7.14865231058712,TRUE,6.05710038789302e-08,0.00745671769063401,-0.0687368928593742
2016Q3,2016-09-30,DA3m_REER_IPCA,4.26695368317741,TRUE,2.88623910424859e-09,0.0209295645752347,2.37717403745627
2016Q3,2016-09-30,DA3m_REER_USD,4.20748921447457,TRUE,2.87810037959736e-09,0.0215253403925544,2.33043986930064
2016Q3,2016-09-30,DA3m_RE_Value,6.59836694717504,TRUE,4.29232014227854e-10,0.00875231869537916,0.166553940205688
2016Q3,2016-09-30,DA3m_Retail_Sales,6.16592483988259,TRUE,8.05148452028357e-06,0.0100230430932777,-6.00918243247106
2016Q3,2016-09-30,DA3m_Savings,5.53065079306888,TRUE,2.69561386588356e-08,0.0124578636991572,-4.40166654224233
2016Q3,2016-09-30,DA3m_Steel,6.99916357740309,TRUE,5.01294744082007e-09,0.00777864163120571,-5.08897481290158
2016Q3,2016-09-30,DA3m_TRUCK_IMP_US,5.80912666979967,TRUE,8.8025605279031e-08,0.0112920906960973,-0.339239666224935
2016Q3,2016-09-30,DA_AUTO_SALES_US,5.20187070954046,TRUE,4.08021563780969e-08,0.0140824086629119,-11.2754731707963
2016Q3,2016-09-30,DA_BGS,5.22252331224536,TRUE,6.90855591205195e-10,0.0139712503932628,-2.0318450370487
2016Q3,2016-09-30,DA_CAP_UTILI_US,3.65646157302377,TRUE,4.6773688622089e-05,0.0285019138730997,-3.66191951476675
2016Q3,2016-09-30,DA_CONS_CONF_US,6.85165664571981,TRUE,4.44192778383489e-08,0.00811717423598493,-8.42678908387857
2016Q3,2016-09-30,DA_CONS_SENTI_US,8.56192481508008,FALSE,,,-7.19476750835165
2016Q3,2016-09-30,DA_CPI_US,8.0678839946071,FALSE,,,-4.22057086475896
2016Q3,2016-09-30,DA_Credit,5.2625356151542,TRUE,1.33500024796853e-11,0.0137596046180676,0.56514767872976
2016Q3,2016-09-30,DA_EMPLOY_NONFARM_US,6.10753919562791,TRUE,1.3333014028728e-05,0.0102155916657422,4.63046458299502
2016Q3,2016-09-30,DA_Fx,4.25524617654842,TRUE,3.10824412522935e-09,0.0210448904985169,3.97677708805614
2016Q3,2016-09-30,DA_HOUSING_STARTS_US,6.63215831959861,TRUE,1.25203124619947e-09,0.00866335838886844,-8.76728243868849
2016Q3,2016-09-30,DA_HVT,6.05988127307718,TRUE,8.13320885116372e-05,0.0103769044984512,5.98998578956197
2016Q3,2016-09-30,DA_IC_Br,5.79489319458327,TRUE,7.40498344309824e-10,0.011347630315447,0.922436031966548
2016Q3,2016-09-30,DA_IE_S,5.07252657757893,TRUE,5.60178476684541e-05,0.0148097384368168,3.92007088629204
2016Q3,2016-09-30,DA_IE_S_alt,6.38006704050064,TRUE,6.12907353006068e-06,0.00936150268551567,4.63862657336663
2016Q3,2016-09-30,DA_INCC_DI,6.13863043637224,TRUE,9.62106125493911e-09,0.0101123728497794,-2.66434009175971
2016Q3,2016-09-30,DA_INDFE,4.87498915625087,TRUE,8.64851930135437e-09,0.0160342533963504,-10.8663588096801
2016Q3,2016-09-30,DA_IP,3.65604511341715,TRUE,0.00438563039251354,0.0285084075412687,-6.12479392169988
2016Q3,2016-09-30,DA_IPCA,5.09711667720503,TRUE,1.7851547456401e-11,0.0146671894139108,-3.71790486226401
2016Q3,2016-09-30,DA_IPCA_EX1,7.51810607335218,TRUE,2.63524734712719e-09,0.00674185104364412,-6.48051447518119
2016Q3,2016-09-30,DA_IPCA_MA,5.99517433173773,TRUE,7.89169878914711e-07,0.0106021127384289,-3.08735536197056
2016Q3,2016-09-30,DA_IPCDG,4.07380192831042,TRUE,0.000376134145824504,0.0229612872569432,-3.630040669346
2016Q3,2016-09-30,DA_IPCG,6.09288804570124,TRUE,0.00021010769744932,0.0102647801998987,-14.8026717005004
2016Q3,2016-09-30,DA_IPCI,3.94345461520381,TRUE,3.44588028318913e-06,0.0245043031597951,0.635021956814748
2016Q3,2016-09-30,DA_IPCIG,4.81514245195787,TRUE,0.0024897367182846,0.0164353051111286,-4.90421093086111
2016Q3,2016-09-30,DA_IPKG,5.37832755413027,TRUE,8.65923542849094e-05,0.0131735114715751,-4.82781905385217
2016Q3,2016-09-30,DA_IPME,6.40979301596528,TRUE,1.95739748523642e-10,0.00927487445118667,-4.71416443064955
2016Q3,2016-09-30,DA_IPSDG,5.50681049657261,TRUE,0.000171843553003695,0.0125659633167505,-6.95257279548917
2016Q3,2016-09-30,DA_IP_US,2.66191311322528,TRUE,0.000152383651351258,0.0537784522855369,-3.64918178901244
2016Q3,2016-09-30,DA_ISA_S,4.11981676406825,TRUE,0.000755436118809955,0.0224512357248962,-2.27307676878147
2016Q3,2016-09-30,DA_PIB_monthly,8.05954198360034,FALSE,,,-15.2959083427182
2016Q3,2016-09-30,DA_QSC,8.90083350019482,FALSE,,,4.05902634276496
2016Q3,2016-09-30,DA_REER_IPCA,4.54970009590873,TRUE,1.36236062802291e-09,0.0184090132598378,4.33839098212157
2016Q3,2016-09-30,DA_REER_USD,4.82042680517594,TRUE,1.52570677431183e-08,0.016399290726226,4.75903315063836
2016Q3,2016-09-30,DA_RE_Value,5.10942078524012,TRUE,2.02034396862191e-10,0.0145966337099235,-1.11412782076422
2016Q3,2016-09-30,DA_Retail_Sales,7.55808113805099,TRUE,5.49239709160317e-06,0.00667072367370635,-7.10110414869779
2016Q3,2016-09-30,DA_Savings,7.25543722747204,TRUE,1.4083451855959e-10,0.00723883825113381,-4.83455739480622
2016Q3,2016-09-30,DA_Selic,7.50527979930504,TRUE,1.32158146837481e-08,0.00676491393296533,-1.36105950300962
2016Q3,2016-09-30,DA_Steel,7.33598866506424,TRUE,9.14055648935443e-10,0.00708074162616759,-5.20254183067654
2016Q3,2016-09-30,DA_TRUCK_IMP_US,5.70259895191787,TRUE,2.85755371341936e-08,0.0117179162803206,7.1324523666345
2017Q1,2017-03-31,DA3m_AUTO_SALES_US,8.95397172418835,FALSE,,,-5.121270600216
2017Q1,2017-03-31,DA3m_BGS,13.8329388981171,FALSE,,,-23.8357957159109
2017Q1,2017-03-31,DA3m_CAP_UTILI_US,4.63219701232839,TRUE,0.0013029959616171,0.0164254771222892,-2.36030585932115
2017Q1,2017-03-31,DA3m_CONS_CONF_US,7.53187421015099,TRUE,2.46574113864306e-08,0.00621277923148484,-2.38807537841126
2017Q1,2017-03-31,DA3m_CONS_SENTI_US,7.51157980281023,TRUE,1.65038896377096e-08,0.00624639532832725,-4.48548333023169
2017Q1,2017-03-31,DA3m_CPI_US,7.60058573287341,TRUE,8.53302103241282e-10,0.00610095629228703,-1.90499304284269
2017Q1,2017-03-31,DA3m_Credit,5.10197751858205,TRUE,1.37904354145252e-10,0.0135398844078472,-0.608510805937361
2017Q1,2017-03-31,DA3m_EMPLOY_NONFARM_US,4.02399592227753,TRUE,0.000101385517036781,0.0217659172638445,6.79034547618987
2017Q1,2017-03-31,DA3m_Fx,4.06439578028959,TRUE,4.11473061447081e-09,0.0213353638826491,-1.79644311626041
2017Q1,2017-03-31,DA3m_HOUSING_STARTS_US,9.28142253528475,FALSE,,,-7.99594446480635
2017Q1,2017-03-31,DA3m_HVT,4.84579224998234,TRUE,0.0312433980282353,0.0150093697316685,-6.35510590199857
2017Q1,2017-03-31,DA3m_IC_Br,4.69964289336272,TRUE,1.76457585934166e-10,0.015957406927497,-3.55140479910391
2017Q1,2017-03-31,DA3m_IE_S,5.09985704520565,TRUE,6.94057626924953e-05,0.013551146265985,-4.65809911228457
2017Q1,2017-03-31,DA3m_IE_S_alt,6.17525038940325,TRUE,2.15454994222199e-06,0.00924236029142186,-5.46520602659043
2017Q1,2017-03-31,DA3m_INCC_DI,6.7251911898511,TRUE,6.41239585060932e-11,0.00779260687278474,-5.83150738466818
2017Q1,2017-03-31,DA3m_INDF,6.020633745786,TRUE,3.67284412779451e-05,0.00972316422124792,-4.9900640391452
2017Q1,2017-03-31,DA3m_INDFE,5.23025402474221,TRUE,7.08241328231096e-05,0.0128838741282917,11.4924403767815
2017Q1,2017-03-31,DA3m_IP,3.67406017260587,TRUE,0.788606185263428,0.0261095573101734,8.97669587675796
2017Q1,2017-03-31,DA3m_IPCA,5.99460509955857,TRUE,4.09297404613145e-12,0.00980778372075811,-4.31372908120315
2017Q1,2017-03-31,DA3m_IPCA_EX1,6.32872402038069,TRUE,7.04935443725002e-10,0.00879953499349081,-3.22599499528706
2017Q1,2017-03-31,DA3m_IPCA_MA,6.86397555835064,TRUE,9.34820933258368e-09,0.007480671452455,-5.18262378709651
2017Q1,2017-03-31,DA3m_IPCDG,4.0653736723133,TRUE,0.0248566167364631,0.0213251010263647,-3.27538258826734
2017Q1,2017-03-31,DA3m_IPCG,9.97137156578508,FALSE,,,27.6102006465098
2017Q1,2017-03-31,DA3m_IPCI,5.51300526862143,TRUE,0.000124694722543238,0.0115961873392574,2.60097303423084
2017Q1,2017-03-31,DA3m_IPCIG,4.18174275587091,TRUE,0.000875205182460652,0.020154749810452,3.93090091483955
2017Q1,2017-03-31,DA3m_IPKG,7.94665868710888,TRUE,0.0084716045865927,0.00558114000900564,1.08514762898515
2017Q1,2017-03-31,DA3m_IPME,7.85513554499057,TRUE,2.67095083914767e-11,0.0057119536019913,-3.71263946271975
2017Q1,2017-03-31,DA3m_IPMI,3.22102339581057,TRUE,0.124860821604309,0.0339706830460338,4.1296083463673
2017Q1,2017-03-31,DA3m_IPSDG,12.3787224843088,FALSE,,,-27.6160320199847
2017Q1,2017-03-31,DA3m_IP_US,3.77813216118002,TRUE,0.00577562148562611,0.0246909469570499,-2.67265666883906
2017Q1,2017-03-31,DA3m_ISA_S,3.62092743494111,TRUE,0.00209761146961995,0.0268814316748578,-2.29777965475987
2017Q1,2017-03-31,DA3m_M1,8.71008857698967,FALSE,,,-15.1922987646062
2017Q1,2017-03-31,DA3m_PIB_monthly,8.28797021213723,FALSE,,,-1.26650227251459
2017Q1,2017-03-31,DA3m_QSC,7.14865231058712,TRUE,5.98375452191194e-08,0.00689673737224288,-4.826656485104
2017Q1,2017-03-31,DA3m_REER_IPCA,4.26695368317741,TRUE,2.8512894265195e-09,0.0193578081106781,-1.15807942144142
2017Q1,2017-03-31,DA3m_REER_USD,4.20748921447457,TRUE,2.84324925427277e-09,0.0199088426965722,-2.21170084537159
2017Q1,2017-03-31,DA3m_RETAIL_SALES_US,6.72491754234431,TRUE,7.85677251423076e-05,0.00779324107262872,-4.60013467753474
2017Q1,2017-03-31,DA3m_RE_Value,6.59836694717504,TRUE,4.24034412772664e-10,0.00809504207407766,-5.97198614796815
2017Q1,2017-03-31,DA3m_Retail_Sales,6.16592483988259,TRUE,7.95398851282861e-06,0.00927033833825236,6.03163277463778
2017Q1,2017-03-31,DA3m_Savings,5.53065079306888,TRUE,2.66297248293091e-08,0.0115223101794779,-2.19378393386236
2017Q1,2017-03-31,DA3m_Selic,9.26003860488041,FALSE,,,-0.800360636241314
2017Q1,2017-03-31,DA3m_Steel,6.99916357740309,TRUE,4.95224529827353e-09,0.00719448565293067,-2.43778920823932
2017Q1,2017-03-31,DA3m_TRUCK_IMP_US,5.80912666979967,TRUE,8.69596968683657e-08,0.0104440837303455,-6.90052267269843
2017Q1,2017-03-31,DA_AUTO_SALES_US,5.20187070954046,TRUE,4.03080801201849e-08,0.0130248559951105,-4.48322926311997
2017Q1,2017-03-31,DA_BGS,5.22252331224536,TRUE,6.8248997096451e-10,0.0129220454255908,-0.510292388059855
2017Q1,2017-03-31,DA_CAP_UTILI_US,3.65646157302377,TRUE,4.62073026490294e-05,0.0263614934538767,2.55381274389074
2017Q1,2017-03-31,DA_CONS_CONF_US,6.85165664571981,TRUE,4.3881401595482e-08,0.00750759532986482,-3.60210466873734
2017Q1,2017-03-31,DA_CONS_SENTI_US,8.56192481508008,FALSE,,,-5.6582085800407
2017Q1,2017-03-31,DA_CPI_US,8.0678839946071,TRUE,1.21239561495058e-10,0.00541467940617876,-3.58490180631547
2017Q1,2017-03-31,DA_Credit,5.2625356151542,TRUE,1.31883463356532e-11,0.0127262937037173,0.109011341731032
2017Q1,2017-03-31,DA_EMPLOY_NONFARM_US,6.10753919562791,TRUE,1.31715635990752e-05,0.00944842700819836,-4.81025661197485
2017Q1,2017-03-31,DA_Fx,4.25524617654842,TRUE,3.07060617267019e-09,0.0194644733537633,-1.75128550268004
2017Q1,2017-03-31,DA_HOUSING_STARTS_US,6.63215831959861,TRUE,1.23687030942988e-09,0.00801276245776211,-6.61380204929394
2017Q1,2017-03-31,DA_HVT,6.05988127307718,TRUE,8.03472323788481e-05,0.00959762566209992,-2.09798969044937
2017Q1,2017-03-31,DA_IC_Br,5.79489319458327,TRUE,7.31531596387085e-10,0.0104954524671412,-2.6214318475067
2017Q1,2017-03-31,DA_IE_S,5.07252657757893,TRUE,5.533952350598e-05,0.0136975651738335,-4.84543099567598
2017Q1,2017-03-31,DA_IE_S_alt,6.38006704050064,TRUE,6.0548561361039e-06,0.00865847791349849,-7.39017159636982
2017Q1,2017-03-31,DA_INCC_DI,6.13863043637224,TRUE,9.50455912946484e-09,0.00935295965981485,-7.31957888775685
2017Q1,2017-03-31,DA_INDF,4.42224459405665,TRUE,3.52365787050455e-07,0.0180221466164848,2.1084958537971
2017Q1,2017-03-31,DA_INDFE,4.87498915625087,TRUE,8.54379375662346e-09,0.0148301222096045,2.1022802687317
2017Q1,2017-03-31,DA_IP,3.65604511341715,TRUE,0.0043325244774036,0.0263674994642691,4.71137021300723
2017Q1,2017-03-31,DA_IPCA,5.09711667720503,TRUE,1.76353817791887e-11,0.0135657212158829,-4.09561128924087
2017Q1,2017-03-31,DA_IPCA_EX0,14.843926009342,FALSE,,,-11.7578834780748
2017Q1,2017-03-31,DA_IPCA_EX1,7.51810607335218,TRUE,2.60333694670924e-09,0.00623555537166135,-1.25078045553639
2017Q1,2017-03-31,DA_IPCA_MA,5.99517433173773,TRUE,7.79613763864863e-07,0.00980592134253616,-7.74389094197308
2017Q1,2017-03-31,DA_IPCDG,4.07380192831042,TRUE,0.000371579510292015,0.021236953644989,-4.08306034502703
2017Q1,2017-03-31,DA_IPCG,6.09288804570124,TRUE,0.000207563488168999,0.00949392160996251,2.54100626508448
2017Q1,2017-03-31,DA_IPCI,3.94345461520381,TRUE,3.40415387001249e-06,0.0226640930224835,2.06290007027246
2017Q1,2017-03-31,DA_IPCIG,4.81514245195787,TRUE,0.00245958831657865,0.0152010559721884,3.03361046107138
2017Q1,2017-03-31,DA_IPKG,5.37832755413027,TRUE,8.55438012140271e-05,0.012184214644977,-0.119301853512675
2017Q1,2017-03-31,DA_IPME,6.40979301596528,TRUE,1.93369521774374e-10,0.00857835523674237,-2.7767801517244
2017Q1,2017-03-31,DA_IPMI,7.0989628740985,TRUE,0.00268334153376518,0.00699362317161213,12.889312589735
2017Q1,2017-03-31,DA_IPSDG,5.50681049657261,TRUE,0.000169762687011525,0.0116222917938439,-0.429112957924035
2017Q1,2017-03-31,DA_IP_US,2.66191311322528,TRUE,0.000150538426713401,0.049739828847873,2.2734683213238
2017Q1,2017-03-31,DA_ISA_S,4.11981676406825,TRUE,0.000746288488297135,0.0207652056710438,-4.21140916819279
2017Q1,2017-03-31,DA_M1,11.8087348255421,FALSE,,,-9.29775355508569
2017Q1,2017-03-31,DA_PIB_monthly,8.05954198360034,TRUE,6.6844599278028e-10,0.00542589411080987,-6.03563974916918
2017Q1,2017-03-31,DA_QSC,8.90083350019482,FALSE,,,-8.45157383651021
2017Q1,2017-03-31,DA_REER_IPCA,4.54970009590873,TRUE,1.34586370480192e-09,0.0170265437157033,-1.28490466215027
2017Q1,2017-03-31,DA_REER_USD,4.82042680517594,TRUE,1.50723188081019e-08,0.0151677461749557,-2.11768497832005
2017Q1,2017-03-31,DA_RE_Value,5.10942078524012,TRUE,1.99587947761654e-10,0.0135004640637817,1.25406064840087
2017Q1,2017-03-31,DA_Retail_Sales,7.55808113805099,TRUE,5.42588925861417e-06,0.00616976948425202,-9.65965500249927
2017Q1,2017-03-31,DA_Savings,7.25543722747204,TRUE,1.39129143204672e-10,0.00669522011821947,-5.27995048240191
2017Q1,2017-03-31,DA_Selic,7.50527979930504,TRUE,1.30557834294267e-08,0.00625688629731691,-4.24153611315683
2017Q1,2017-03-31,DA_Steel,7.33598866506424,TRUE,9.02987283078395e-10,0.00654899614313194,-2.77875450237277
2017Q1,2017-03-31,DA_TRUCK_IMP_US,5.70259895191787,TRUE,2.8229513891592e-08,0.0108379309085026,-4.97776705711668
2017Q2,2017-06-30,DA3m_AUTO_SALES_US,8.95397172418835,FALSE,,,1.38016838442171
2017Q2,2017-06-30,DA3m_BGS,13.8329388981171,FALSE,,,-0.462289809817485
2017Q2,2017-06-30,DA3m_CAP_UTILI_US,4.63219701232839,TRUE,6.56235222347007e-23,0.015649122284335,3.06163599729951
2017Q2,2017-06-30,DA3m_CONS_CONF_US,7.53187421015099,TRUE,1.24183514917377e-27,0.00591913045783922,-6.75447451050273
2017Q2,2017-06-30,DA3m_CONS_SENTI_US,7.51157980281023,TRUE,8.31194723930805e-28,0.00595115768032368,-2.97656243239344
2017Q2,2017-06-30,DA3m_CPI_US,7.60058573287341,TRUE,4.2975336220901e-29,0.00581259286159944,-4.04681176995361
2017Q2,2017-06-30,DA3m_Credit,5.10197751858205,TRUE,6.94535494897593e-30,0.0128999179285108,-2.99580123759913
2017Q2,2017-06-30,DA3m_EMPLOY_NONFARM_US,4.02399592227753,TRUE,5.10613611056989e-24,0.0207371450069117,-0.942857140800756
2017Q2,2017-06-30,DA3m_Fx,4.06439578028959,TRUE,2.07232504108004e-28,0.0203269418534753,-3.11614252070522
2017Q2,2017-06-30,DA3m_HOUSING_STARTS_US,9.28142253528475,FALSE,,,0.66112813556721
2017Q2,2017-06-30,DA3m_HVT,4.84579224998234,TRUE,1.573528917656e-21,0.0142999476114422,-1.94763471413682
2017Q2,2017-06-30,DA3m_IC_Br,4.69964289336272,TRUE,8.88703315677289e-30,0.0152031755601442,-2.46807710006543
2017Q2,2017-06-30,DA3m_IE_S,5.09985704520565,TRUE,3.49552166348598e-24,0.0129106474917274,1.22917123083554
2017Q2,2017-06-30,DA3m_IE_S_alt,6.17525038940325,TRUE,1.08510816767003e-25,0.00880551750914287,0.224736488532988
2017Q2,2017-06-30,DA3m_INCC_DI,6.7251911898511,TRUE,3.22951117329572e-30,0.00742428709729697,-1.53323738773338
2017Q2,2017-06-30,DA3m_INDF,6.020633745786,TRUE,1.8497752516883e-24,0.00926359610476715,-0.540057694868649
2017Q2,2017-06-30,DA3m_INDFE,5.23025402474221,TRUE,3.56695584021811e-24,0.012274914161003,1.1889004554183
2017Q2,2017-06-30,DA3m_IP,3.67406017260587,TRUE,3.97170191293844e-20,0.024875481673668,-0.895706249599175
2017Q2,2017-06-30,DA3m_IPCA,5.99460509955857,TRUE,2.06136765757137e-31,0.00934421603961684,-4.46060012285479
2017Q2,2017-06-30,DA3m_IPCA_EX0,39.6020730583031,FALSE,,,42.7779435554482
2017Q2,2017-06-30,DA3m_IPCA_EX1,6.32872402038069,TRUE,3.55030622718924e-29,0.00838362247459825,-5.18918140809147
2017Q2,2017-06-30,DA3m_IPCA_EX2,4.18721900522234,TRUE,0.995081000976542,0.0191519357201728,-1.01134850807716
2017Q2,2017-06-30,DA3m_IPCA_MA,6.86397555835064,TRUE,4.70809151419085e-28,0.00712709539314053,-0.781615812734903
2017Q2,2017-06-30,DA3m_IPCA_MS,4.24383404321784,TRUE,0.00491899902345766,0.0186443498595321,7.41970454036302
2017Q2,2017-06-30,DA3m_IPCDG,4.0653736723133,TRUE,1.25186784083376e-21,0.0203171640740059,-0.143141812567556
2017Q2,2017-06-30,DA3m_IPCG,9.97137156578508,FALSE,,,-1.69029861122552
2017Q2,2017-06-30,DA3m_IPCI,5.51300526862143,TRUE,6.2800708048323e-24,0.011048090253515,-0.405651402578066
2017Q2,2017-06-30,DA3m_IPCIG,4.18174275587091,TRUE,4.40784533820444e-23,0.0192021298404745,-1.01643865045731
2017Q2,2017-06-30,DA3m_IPKG,7.94665868710888,TRUE,4.2666021102775e-22,0.00531734584247813,-1.26128053744078
2017Q2,2017-06-30,DA3m_IPME,7.85513554499057,TRUE,1.34518607074629e-30,0.00544197649386468,-4.3251957285879
2017Q2,2017-06-30,DA3m_IPMI,3.22102339581057,TRUE,6.28843614574545e-21,0.0323650490705307,-0.645068112423554
2017Q2,2017-06-30,DA3m_IPSDG,12.3787224843088,FALSE,,,-2.09679857560834
2017Q2,2017-06-30,DA3m_IP_US,3.77813216118002,TRUE,2.908808899997e-22,0.0235239223415053,2.06672258499879
2017Q2,2017-06-30,DA3m_ISA_S,3.62092743494111,TRUE,1.05643192282447e-22,0.0256108731774374,4.09442241187139
2017Q2,2017-06-30,DA3m_M1,8.71008857698967,FALSE,,,-3.27041543548856
2017Q2,2017-06-30,DA3m_PIB_monthly,8.28797021213723,TRUE,7.54598951079143e-28,0.00488841046821528,-10.9011176778342
2017Q2,2017-06-30,DA3m_QSC,7.14865231058712,TRUE,3.01363211769547e-27,0.0065707611229579,-6.42667673444871
2017Q2,2017-06-30,DA3m_REER_IPCA,4.26695368317741,TRUE,1.43601101300845e-28,0.0184428558163231,-4.48466237834332
2017Q2,2017-06-30,DA3m_REER_USD,4.20748921447457,TRUE,1.43196169560651e-28,0.018967845596124,-3.43948329275899
2017Q2,2017-06-30,DA3m_RETAIL_SALES_US,6.72491754234431,TRUE,3.95695075785749e-24,0.00742489132150532,8.01899013938732
2017Q2,2017-06-30,DA3m_RE_Value,6.59836694717504,TRUE,2.13558848488913e-29,0.00771242761296563,6.90804183337757
2017Q2,2017-06-30,DA3m_Retail_Sales,6.16592483988259,TRUE,4.00591220082037e-25,0.00883217316564938,5.02555746694651
2017Q2,2017-06-30,DA3m_Savings,5.53065079306888,TRUE,1.34116788610098e-27,0.0109777049186598,-3.32387991509878
2017Q2,2017-06-30,DA3m_Selic,9.26003860488041,FALSE,,,11.7483223489867
2017Q2,2017-06-30,DA3m_Steel,6.99916357740309,TRUE,2.49412729598655e-28,0.00685443624665407,-5.2903003865911
2017Q2,2017-06-30,DA3m_TRUCK_IMP_US,5.80912666979967,TRUE,4.3796003741115e-27,0.00995044114866067,-6.11383420343702
2017Q2,2017-06-30,DA_AUTO_SALES_US,5.20187070954046,TRUE,2.03005862636922e-27,0.0124092324798741,1.6490840463175
2017Q2,2017-06-30,DA_BGS,5.22252331224536,TRUE,3.43726282382071e-29,0.0123112812811016,3.49547817252895
2017Q2,2017-06-30,DA_CAP_UTILI_US,3.65646157302377,TRUE,2.32716450558363e-24,0.0251155099840363,0.564726037361739
2017Q2,2017-06-30,DA_CONS_CONF_US,6.85165664571981,TRUE,2.2100238359274e-27,0.00715274670584323,-4.47266208556658
2017Q2,2017-06-30,DA_CONS_SENTI_US,8.56192481508008,TRUE,1.09020808538874e-28,0.00458058776539699,-3.59738900810356
2017Q2,2017-06-30,DA_CPI_US,8.0678839946071,TRUE,6.10605657566443e-30,0.0051587530472876,-3.45094845710331
2017Q2,2017-06-30,DA_Credit,5.2625356151542,TRUE,6.64212142240695e-31,0.0121247818199194,-4.38778404742298
2017Q2,2017-06-30,DA_EMPLOY_NONFARM_US,6.10753919562791,TRUE,6.63366903790674e-25,0.00900184442406645,-5.76957132105337
2017Q2,2017-06-30,DA_Fx,4.25524617654842,TRUE,1.54646674573076e-28,0.0185444794964209,-3.02048260595225
2017Q2,2017-06-30,DA_HOUSING_STARTS_US,6.63215831959861,TRUE,6.22931986309294e-29,0.00763403696606729,-1.45631442206565
2017Q2,2017-06-30,DA_HVT,6.05988127307718,TRUE,4.0465730868162e-24,0.00914399116124679,-7.4434313017812
2017Q2,2017-06-30,DA_IC_Br,5.79489319458327,TRUE,3.68425393439561e-29,0.00999938192753256,-1.75826009730096
2017Q2,2017-06-30,DA_IE_S,5.07252657757893,TRUE,2.7870957073001e-24,0.0130501458683408,-1.14329809868802
2017Q2,2017-06-30,DA_IE_S_alt,6.38006704050064,TRUE,3.04944142560812e-25,0.00824923249752564,-3.39015893594949
2017Q2,2017-06-30,DA_INCC_DI,6.13863043637224,TRUE,4.7868348462829e-28,0.00891088936699919,-2.84096137577536
2017Q2,2017-06-30,DA_INDF,4.42224459405665,TRUE,1.77463973353805e-26,0.0171703247417315,7.56424281031597
2017Q2,2017-06-30,DA_INDFE,4.87498915625087,TRUE,4.3029591500855e-28,0.0141291722743814,0.641680551125031
2017Q2,2017-06-30,DA_IP,3.65604511341715,TRUE,2.18201379551803e-22,0.025121232118643,-2.01713245243888
2017Q2,2017-06-30,DA_IPCA,5.09711667720503,TRUE,8.88180702316026e-31,0.0129245335524819,-1.35579028714216
2017Q2,2017-06-30,DA_IPCA_EX0,14.843926009342,FALSE,,,-10.7640965549106
2017Q2,2017-06-30,DA_IPCA_EX1,7.51810607335218,TRUE,1.31113330385743e-28,0.00594083007728612,17.952138610384
2017Q2,2017-06-30,DA_IPCA_EX2,86.4479570038161,FALSE,,,89.6238275009613
2017Q2,2017-06-30,DA_IPCA_MA,5.99517433173773,TRUE,3.92641287268231e-26,0.00934244168723012,-0.900384283967479
2017Q2,2017-06-30,DA_IPCA_MS,8.60878125144728,FALSE,,,-5.4329107543021
2017Q2,2017-06-30,DA_IPCDG,4.07380192831042,TRUE,1.87140689410461e-23,0.0202331830036283,0.231790768058857
2017Q2,2017-06-30,DA_IPCG,6.09288804570124,TRUE,1.04536372960555e-23,0.00904518871056625,-4.90559161136115
2017Q2,2017-06-30,DA_IPCI,3.94345461520381,TRUE,1.71445325818096e-25,0.0215928682334044,-0.055714022206294
2017Q2,2017-06-30,DA_IPCIG,4.81514245195787,TRUE,1.23873636861385e-22,0.0144825737474008,-4.53921952686359
2017Q2,2017-06-30,DA_IPKG,5.37832755413027,TRUE,4.30829082082694e-24,0.0116083242817398,-1.79743433830987
2017Q2,2017-06-30,DA_IPME,6.40979301596528,TRUE,9.73877854227996e-30,0.00817289684182629,-3.41939101838569
2017Q2,2017-06-30,DA_IPMI,7.0989628740985,TRUE,1.35142646632454e-22,0.00666306758752249,16.218659881633
2017Q2,2017-06-30,DA_IPSDG,5.50681049657261,TRUE,8.54985417751971e-24,0.0110729608736467,-8.44673911895652
2017Q2,2017-06-30,DA_IP_US,2.66191311322528,TRUE,7.58165188811746e-24,0.0473888617205525,0.391581242938575
2017Q2,2017-06-30,DA_ISA_S,4.11981676406825,TRUE,3.75857490337025e-23,0.01978373233156,1.65472211403811
2017Q2,2017-06-30,DA_M1,11.8087348255421,FALSE,,,26.0744514689902
2017Q2,2017-06-30,DA_PIB_monthly,8.05954198360034,TRUE,3.36653234254641e-29,0.00516943768572143,-1.0445191115053
2017Q2,2017-06-30,DA_QSC,8.90083350019482,FALSE,,,-3.19305646730851
2017Q2,2017-06-30,DA_REER_IPCA,4.54970009590873,TRUE,6.77824946190427e-29,0.0162217792946207,-4.57752732922471
2017Q2,2017-06-30,DA_REER_USD,4.82042680517594,TRUE,7.59095712932554e-28,0.0144508383471881,-3.63727837699797
2017Q2,2017-06-30,DA_RE_Value,5.10942078524012,TRUE,1.00519606457261e-29,0.0128623607981955,5.34099791433765
2017Q2,2017-06-30,DA_Retail_Sales,7.55808113805099,TRUE,2.73267128137366e-25,0.0058781535785161,9.72971043089708
2017Q2,2017-06-30,DA_Savings,7.25543722747204,TRUE,7.00703969278273e-30,0.0063787686391392,-2.5272904668865
2017Q2,2017-06-30,DA_Selic,7.50527979930504,TRUE,6.57535801652921e-28,0.00596115279068657,3.03997764191083
2017Q2,2017-06-30,DA_Steel,7.33598866506424,TRUE,4.54776590214486e-29,0.00623945598173449,-6.15884089175107
2017Q2,2017-06-30,DA_TRUCK_IMP_US,5.70259895191787,TRUE,1.42173896704989e-27,0.0103256730281631,-2.69440028647754
2021Q4,2021-12-31,DA3m_AUTO_SALES_US,8.95397172418835,FALSE,,,-11.3012352061046
2021Q4,2021-12-31,DA3m_BGS,13.8329388981171,FALSE,,,-0.175010284746826
2021Q4,2021-12-31,DA3m_CAP_UTILI_US,4.63219701232839,TRUE,0.00130299525144292,0.0160835980782065,5.29383185160437
2021Q4,2021-12-31,DA3m_CONS_CONF_US,7.53187421015099,TRUE,2.46573979473583e-08,0.00608346676104985,0.134383793133857
2021Q4,2021-12-31,DA3m_CONS_SENTI_US,7.51157980281023,TRUE,1.65038806425656e-08,0.00611638317416504,7.96840319428333
2021Q4,2021-12-31,DA3m_CPI_US,7.60058573287341,TRUE,8.53301638164535e-10,0.00597397129881206,15.6278496704046
2021Q4,2021-12-31,DA3m_Credit,5.10197751858205,TRUE,1.37904278982999e-10,0.0132580659435261,0.092309200992803
2021Q4,2021-12-31,DA3m_EMPLOY_NONFARM_US,4.02399592227753,TRUE,0.000101385461778454,0.0213128825707063,-1.54248375661908
2021Q4,2021-12-31,DA3m_Fx,4.06439578028959,TRUE,4.11472837181195e-09,0.020891290705654,-0.353882424959584
2021Q4,2021-12-31,DA3m_HOUSING_STARTS_US,9.28142253528475,FALSE,,,0.125758701621541
2021Q4,2021-12-31,DA3m_HVT,4.84579224998234,TRUE,0.0312433809995911,0.0146969654746754,2.57949660177007
2021Q4,2021-12-31,DA3m_IC_Br,4.69964289336272,TRUE,1.76457489759178e-10,0.0156252702726045,5.65740007669517
2021Q4,2021-12-31,DA3m_IE_S,5.09985704520565,TRUE,6.94057248641504e-05,0.0132690933979223,2.37296035470346
2021Q4,2021-12-31,DA3m_IE_S_alt,6.17525038940325,TRUE,2.15454876792384e-06,0.00904999027513716,0.0948211864904561
2021Q4,2021-12-31,DA3m_INCC_DI,6.7251911898511,TRUE,6.41239235564993e-11,0.00763041195030274,0.951731940715603
2021Q4,2021-12-31,DA3m_INDF,6.020633745786,TRUE,3.67284212597782e-05,0.00952078677646076,0.272376009165317
2021Q4,2021-12-31,DA3m_INDFE,5.23025402474221,TRUE,7.08240942217079e-05,0.0126157098285111,0.223914609929457
2021Q4,2021-12-31,DA3m_IP,3.67406017260587,TRUE,0.788605755448011,0.025566114314383,-0.605105291892946
2021Q4,2021-12-31,DA3m_IPCA,5.99460509955857,TRUE,4.0929718153306e-12,0.00960364501001879,-0.124246756783613
2021Q4,2021-12-31,DA3m_IPCA_EX1,6.32872402038069,TRUE,7.04935059512797e-10,0.008616381920399,-2.2165941012382
2021Q4,2021-12-31,DA3m_IPCA_MA,6.86397555835064,TRUE,9.3482042375127e-09,0.00732496913792124,0.0192199059545576
2021Q4,2021-12-31,DA3m_IPCDG,4.0653736723133,TRUE,0.0248566031888175,0.0208812414599375,-0.153380369613718
2021Q4,2021-12-31,DA3m_IPCG,9.97137156578508,FALSE,,,2.51330484482417
2021Q4,2021-12-31,DA3m_IPCI,5.51300526862143,TRUE,0.000124694654580654,0.0113548248867069,-4.09440118799631
2021Q4,2021-12-31,DA3m_IPCIG,4.18174275587091,TRUE,0.000875204705446032,0.0197352498746131,-2.57842702120864
2021Q4,2021-12-31,DA3m_IPKG,7.94665868710888,TRUE,0.00847159996929915,0.0054649744451706,-1.15478730878086
2021Q4,2021-12-31,DA3m_IPME,7.85513554499057,TRUE,2.67094938339464e-11,0.00559306529069571,1.47749297628816
2021Q4,2021-12-31,DA3m_IPMI,3.22102339581057,TRUE,0.124860753551195,0.0332636189796358,0.183909752650165
2021Q4,2021-12-31,DA3m_IPSDG,12.3787224843088,FALSE,,,1.60338021696965
2021Q4,2021-12-31,DA3m_IP_US,3.77813216118002,TRUE,0.00577561833772897,0.024177030844883,5.14848514777128
2021Q4,2021-12-31,DA3m_ISA_S,3.62092743494111,TRUE,0.00209761032635508,0.0263219229253615,3.54358652577192
2021Q4,2021-12-31,DA3m_M1,8.71008857698967,FALSE,,,5.32261378741463
2021Q4,2021-12-31,DA3m_PIB_monthly,8.28797021213723,FALSE,,,5.88373386514255
2021Q4,2021-12-31,DA3m_QSC,7.14865231058712,TRUE,5.98375126057568e-08,0.0067531890319081,-6.98255090315748
2021Q4,2021-12-31,DA3m_REER_IPCA,4.26695368317741,TRUE,2.85128787247621e-09,0.0189548956787808,2.92462134438263
2021Q4,2021-12-31,DA3m_REER_USD,4.20748921447457,TRUE,2.84324770461163e-09,0.0194944610588747,0.433329587968641
2021Q4,2021-12-31,DA3m_RETAIL_SALES_US,6.72491754234431,TRUE,7.85676823204022e-05,0.00763103294994347,-4.87096288841862
2021Q4,2021-12-31,DA3m_RE_Value,6.59836694717504,TRUE,4.24034181660442e-10,0.00792655228072249,-4.19176598917506
2021Q4,2021-12-31,DA3m_Retail_Sales,6.16592483988259,TRUE,7.95398417765226e-06,0.00907738598832617,-6.74481791600163
2021Q4,2021-12-31,DA3m_Savings,5.53065079306888,TRUE,2.66297103152633e-08,0.0112824854023676,5.94984270738631
2021Q4,2021-12-31,DA3m_Selic,9.26003860488041,FALSE,,,-14.0503537356087
2021Q4,2021-12-31,DA3m_Steel,6.99916357740309,TRUE,4.95224259914257e-09,0.00704473999504944,-5.08010809740748
2021Q4,2021-12-31,DA3m_TRUCK_IMP_US,5.80912666979967,TRUE,8.69596494725692e-08,0.0102267011036208,0.991050165577416
2021Q4,2021-12-31,DA_AUTO_SALES_US,5.20187070954046,TRUE,4.03080581510011e-08,0.0127537573059358,0.854055071840081
2021Q4,2021-12-31,DA_BGS,5.22252331224536,TRUE,6.82489598985801e-10,0.0126530866303726,3.28547728565839
2021Q4,2021-12-31,DA_CAP_UTILI_US,3.65646157302377,TRUE,4.62072774645819e-05,0.0258128066720253,5.14118000713186
2021Q4,2021-12-31,DA_CONS_CONF_US,6.85165664571981,TRUE,4.38813776787245e-08,0.00735133262311821,-7.79060266622959
2021Q4,2021-12-31,DA_CONS_SENTI_US,8.56192481508008,FALSE,,,1.79140305846154
2021Q4,2021-12-31,DA_CPI_US,8.0678839946071,FALSE,,,20.7713435578774
2021Q4,2021-12-31,DA_Credit,5.2625356151542,TRUE,1.31883391475856e-11,0.0124614092748663,-0.0537416928650658
2021Q4,2021-12-31,DA_EMPLOY_NONFARM_US,6.10753919562791,TRUE,1.31715564201548e-05,0.00925176792976805,1.50703644209744
2021Q4,2021-12-31,DA_Fx,4.25524617654842,TRUE,3.07060449909231e-09,0.0190593407969301,0.552141526863302
2021Q4,2021-12-31,DA_HOUSING_STARTS_US,6.63215831959861,TRUE,1.23686963529628e-09,0.00784598522814948,1.02933710863619
2021Q4,2021-12-31,DA_HVT,6.05988127307718,TRUE,8.03471885870546e-05,0.00939786117048773,6.78707107566977
2021Q4,2021-12-31,DA_IC_Br,5.79489319458327,TRUE,7.31531197679132e-10,0.0102770006541456,13.8791564237096
2021Q4,2021-12-31,DA_IE_S,5.07252657757893,TRUE,5.53394933441822e-05,0.0134124647500817,0.270227723011096
2021Q4,2021-12-31,DA_IE_S_alt,6.38006704050064,TRUE,6.05485283601501e-06,0.00847826079528396,-1.46959034053917
2021Q4,2021-12-31,DA_INCC_DI,6.13863043637224,TRUE,9.50455394917826e-09,0.00915828763391053,5.22983681009118
2021Q4,2021-12-31,DA_INDF,4.42224459405665,TRUE,3.5236559499991e-07,0.0176470345748869,0.439170384622329
2021Q4,2021-12-31,DA_INDFE,4.87498915625087,TRUE,8.54378909998452e-09,0.0145214488014045,0.0960041571204739
2021Q4,2021-12-31,DA_IP,3.65604511341715,TRUE,0.00433252211604016,0.0258186876736234,0.577200599700477
2021Q4,2021-12-31,DA_IPCA,5.09711667720503,TRUE,1.76353721673455e-11,0.0132833649855556,-0.259626029914814
2021Q4,2021-12-31,DA_IPCA_EX1,7.51810607335218,TRUE,2.60333552780792e-09,0.00610576883980498,-1.89563124136663
2021Q4,2021-12-31,DA_IPCA_MA,5.99517433173773,TRUE,7.79613338950602e-07,0.00960182139524228,1.18350856807908
2021Q4,2021-12-31,DA_IPCDG,4.07380192831042,TRUE,0.000371579307769381,0.0207949287736674,3.71829934552064
2021Q4,2021-12-31,DA_IPCG,6.09288804570124,TRUE,0.000207563375040306,0.00929631560920865,2.26503049697174
2021Q4,2021-12-31,DA_IPCI,3.94345461520381,TRUE,3.40415201464052e-06,0.0221923637448595,-3.94432361441394
2021Q4,2021-12-31,DA_IPCIG,4.81514245195787,TRUE,0.0024595869760249,0.01488466196755,-2.25410550590119
2021Q4,2021-12-31,DA_IPKG,5.37832755413027,TRUE,8.55437545899387e-05,0.0119306130220403,1.4414234283618
2021Q4,2021-12-31,DA_IPME,6.40979301596528,TRUE,1.93369416381843e-10,0.00839980578784027,0.94882132810369
2021Q4,2021-12-31,DA_IPMI,7.0989628740985,TRUE,0.00268334007125882,0.0068480582551848,0.410006466904472
2021Q4,2021-12-31,DA_IPSDG,5.50681049657261,TRUE,0.000169762594485469,0.0113803860045054,-0.152985364219939
2021Q4,2021-12-31,DA_IP_US,2.66191311322528,TRUE,0.000150538344665177,0.0487045465840616,4.3648703907549
2021Q4,2021-12-31,DA_ISA_S,4.11981676406825,TRUE,0.000746288081546207,0.0203329997380203,2.86657128466164
2021Q4,2021-12-31,DA_M1,11.8087348255421,FALSE,,,4.09450819400554
2021Q4,2021-12-31,DA_PIB_monthly,8.05954198360034,TRUE,6.68445628455985e-10,0.0053129598271914,0.591231541129386
2021Q4,2021-12-31,DA_QSC,8.90083350019482,FALSE,,,-12.1754164194769
2021Q4,2021-12-31,DA_REER_IPCA,4.54970009590873,TRUE,1.34586297126346e-09,0.0166721541021646,3.35636118616778
2021Q4,2021-12-31,DA_REER_USD,4.82042680517594,TRUE,1.50723105932095e-08,0.01485204547874,0.893159677464891
2021Q4,2021-12-31,DA_RETAIL_SALES_US,3.63517982996897,TRUE,5.45152998641647e-07,0.0261159276032151,3.87785015024671
2021Q4,2021-12-31,DA_RE_Value,5.10942078524012,TRUE,1.99587838979884e-10,0.0132194660924938,-1.49982790357706
2021Q4,2021-12-31,DA_Retail_Sales,7.55808113805099,TRUE,5.4258863013322e-06,0.00604135221650494,-0.559855303170325
2021Q4,2021-12-31,DA_Savings,7.25543722747204,TRUE,1.3912906737487e-10,0.00655586614774432,9.99642597819023
2021Q4,2021-12-31,DA_Selic,7.50527979930504,TRUE,1.30557763136101e-08,0.00612665578466058,-11.2939391984609
2021Q4,2021-12-31,DA_Steel,7.33598866506424,TRUE,9.02986790921648e-10,0.00641268567102537,-6.98551730738292
2021Q4,2021-12-31,DA_TRUCK_IMP_US,5.70259895191787,TRUE,2.82294985056104e-08,0.0106123507666749,2.98715888354684
2022Q3,2022-09-30,DA3m_AUTO_SALES_US,8.95397172418835,FALSE,,,-9.98181853820389
2022Q3,2022-09-30,DA3m_BGS,13.8329388981171,FALSE,,,2.95120208978305
2022Q3,2022-09-30,DA3m_CAP_UTILI_US,4.63219701232839,TRUE,0.00130299525144292,0.0160835980782065,0.0795438043001071
2022Q3,2022-09-30,DA3m_CONS_CONF_US,7.53187421015099,TRUE,2.46573979473583e-08,0.00608346676104985,-1.20892825617467
2022Q3,2022-09-30,DA3m_CONS_SENTI_US,7.51157980281023,TRUE,1.65038806425656e-08,0.00611638317416504,-1.8108809990339
2022Q3,2022-09-30,DA3m_CPI_US,7.60058573287341,TRUE,8.53301638164535e-10,0.00597397129881206,-1.75000664257621
2022Q3,2022-09-30,DA3m_Credit,5.10197751858205,TRUE,1.37904278982999e-10,0.0132580659435261,-2.69048224641926
2022Q3,2022-09-30,DA3m_EMPLOY_NONFARM_US,4.02399592227753,TRUE,0.000101385461778454,0.0213128825707063,0.316071937106375
2022Q3,2022-09-30,DA3m_Fx,4.06439578028959,TRUE,4.11472837181195e-09,0.020891290705654,3.4640504459072
2022Q3,2022-09-30,DA3m_HOUSING_STARTS_US,9.28142253528475,FALSE,,,-14.545474574228
2022Q3,2022-09-30,DA3m_HVT,4.84579224998234,TRUE,0.0312433809995911,0.0146969654746754,-0.326117618456056
2022Q3,2022-09-30,DA3m_IC_Br,4.69964289336272,TRUE,1.76457489759178e-10,0.0156252702726045,0.107560716613816
2022Q3,2022-09-30,DA3m_IE_S,5.09985704520565,TRUE,6.94057248641504e-05,0.0132690933979223,1.91594204402391
2022Q3,2022-09-30,DA3m_IE_S_alt,6.17525038940325,TRUE,2.15454876792384e-06,0.00904999027513716,1.21547026161777
2022Q3,2022-09-30,DA3m_INCC_DI,6.7251911898511,TRUE,6.41239235564993e-11,0.00763041195030274,-1.70643405832734
2022Q3,2022-09-30,DA3m_INDF,6.020633745786,TRUE,3.67284212597782e-05,0.00952078677646076,-1.22810470440567
2022Q3,2022-09-30,DA3m_INDFE,5.23025402474221,TRUE,7.08240942217079e-05,0.0126157098285111,3.900177486261
2022Q3,2022-09-30,DA3m_IP,3.67406017260587,TRUE,0.788605755448011,0.025566114314383,0.776969969062787
2022Q3,2022-09-30,DA3m_IPCA,5.99460509955857,TRUE,4.0929718153306e-12,0.00960364501001879,-2.97255073951919
2022Q3,2022-09-30,DA3m_IPCA_EX1,6.32872402038069,TRUE,7.04935059512797e-10,0.008616381920399,-2.93453206325888
2022Q3,2022-09-30,DA3m_IPCA_MA,6.86397555835064,TRUE,9.3482042375127e-09,0.00732496913792124,-6.217416126914
2022Q3,2022-09-30,DA3m_IPCDG,4.0653736723133,TRUE,0.0248566031888175,0.0208812414599375,3.19449738688012
2022Q3,2022-09-30,DA3m_IPCG,9.97137156578508,FALSE,,,3.54907400208704
2022Q3,2022-09-30,DA3m_IPCI,5.51300526862143,TRUE,0.000124694654580654,0.0113548248867069,-3.67228030245321
2022Q3,2022-09-30,DA3m_IPCIG,4.18174275587091,TRUE,0.000875204705446032,0.0197352498746131,-0.00857429251097031
2022Q3,2022-09-30,DA3m_IPKG,7.94665868710888,TRUE,0.00847159996929915,0.0054649744451706,0.142228564656908
2022Q3,2022-09-30,DA3m_IPME,7.85513554499057,TRUE,2.67094938339464e-11,0.00559306529069571,-3.01285824028036
2022Q3,2022-09-30,DA3m_IPMI,3.22102339581057,TRUE,0.124860753551195,0.0332636189796358,1.03144570569364
2022Q3,2022-09-30,DA3m_IPSDG,12.3787224843088,FALSE,,,6.16416484147362
2022Q3,2022-09-30,DA3m_IP_US,3.77813216118002,TRUE,0.00577561833772897,0.024177030844883,1.94942637800055
2022Q3,2022-09-30,DA3m_ISA_S,3.62092743494111,TRUE,0.00209761032635508,0.0263219229253615,1.35730900198396
2022Q3,2022-09-30,DA3m_M1,8.71008857698967,FALSE,,,-3.11022693672872
2022Q3,2022-09-30,DA3m_PIB_monthly,8.28797021213723,FALSE,,,-0.0699162507309179
2022Q3,2022-09-30,DA3m_QSC,7.14865231058712,TRUE,5.98375126057568e-08,0.0067531890319081,4.08835784539984
2022Q3,2022-09-30,DA3m_REER_IPCA,4.26695368317741,TRUE,2.85128787247621e-09,0.0189548956787808,2.43207078995866
2022Q3,2022-09-30,DA3m_REER_USD,4.20748921447457,TRUE,2.84324770461163e-09,0.0194944610588747,2.27762395597352
2022Q3,2022-09-30,DA3m_RETAIL_SALES_US,6.72491754234431,TRUE,7.85676823204022e-05,0.00763103294994347,-0.316476849074899
2022Q3,2022-09-30,DA3m_RE_Value,6.59836694717504,TRUE,4.24034181660442e-10,0.00792655228072249,-4.93927502943218
2022Q3,2022-09-30,DA3m_Retail_Sales,6.16592483988259,TRUE,7.95398417765226e-06,0.00907738598832617,-5.08615345317451
2022Q3,2022-09-30,DA3m_Savings,5.53065079306888,TRUE,2.66297103152633e-08,0.0112824854023676,13.3102244276487
2022Q3,2022-09-30,DA3m_Selic,9.26003860488041,FALSE,,,-2.38722271037005
2022Q3,2022-09-30,DA3m_Steel,6.99916357740309,TRUE,4.95224259914257e-09,0.00704473999504944,-5.38884490439366
2022Q3,2022-09-30,DA3m_TRUCK_IMP_US,5.80912666979967,TRUE,8.69596494725692e-08,0.0102267011036208,5.12881786976484
2022Q3,2022-09-30,DA_AUTO_SALES_US,5.20187070954046,TRUE,4.03080581510011e-08,0.0127537573059358,3.06225402755955
2022Q3,2022-09-30,DA_BGS,5.22252331224536,TRUE,6.82489598985801e-10,0.0126530866303726,0.256713361244875
2022Q3,2022-09-30,DA_CAP_UTILI_US,3.65646157302377,TRUE,4.62072774645819e-05,0.0258128066720253,-0.12198697435412
2022Q3,2022-09-30,DA_CONS_CONF_US,6.85165664571981,TRUE,4.38813776787245e-08,0.00735133262311821,0.708806655295115
2022Q3,2022-09-30,DA_CONS_SENTI_US,8.56192481508008,FALSE,,,-12.9159381168619
2022Q3,2022-09-30,DA_CPI_US,8.0678839946071,FALSE,,,-5.58926712215312
2022Q3,2022-09-30,DA_Credit,5.2625356151542,TRUE,1.31883391475856e-11,0.0124614092748663,-3.55051899358139
2022Q3,2022-09-30,DA_EMPLOY_NONFARM_US,6.10753919562791,TRUE,1.31715564201548e-05,0.00925176792976805,2.11203069829547
2022Q3,2022-09-30,DA_Fx,4.25524617654842,TRUE,3.07060449909231e-09,0.0190593407969301,3.09576276925948
2022Q3,2022-09-30,DA_HOUSING_STARTS_US,6.63215831959861,TRUE,1.23686963529628e-09,0.00784598522814948,-5.36690529735689
2022Q3,2022-09-30,DA_HVT,6.05988127307718,TRUE,8.03471885870546e-05,0.00939786117048773,0.104943041441548
2022Q3,2022-09-30,DA_IC_Br,5.79489319458327,TRUE,7.31531197679132e-10,0.0102770006541456,-1.75748953145777
2022Q3,2022-09-30,DA_IE_S,5.07252657757893,TRUE,5.53394933441822e-05,0.0134124647500817,1.46843919554972
2022Q3,2022-09-30,DA_IE_S_alt,6.38006704050064,TRUE,6.05485283601501e-06,0.00847826079528396,1.59821771524466
2022Q3,2022-09-30,DA_INCC_DI,6.13863043637224,TRUE,9.50455394917826e-09,0.00915828763391053,2.1982775847268
2022Q3,2022-09-30,DA_INDF,4.42224459405665,TRUE,3.5236559499991e-07,0.0176470345748869,-0.800826125616267
2022Q3,2022-09-30,DA_INDFE,4.87498915625087,TRUE,8.54378909998452e-09,0.0145214488014045,1.58813663097761
2022Q3,2022-09-30,DA_IP,3.65604511341715,TRUE,0.00433252211604016,0.0258186876736234,0.364196044495734
2022Q3,2022-09-30,DA_IPCA,5.09711667720503,TRUE,1.76353721673455e-11,0.0132833649855556,-0.712123997691546
2022Q3,2022-09-30,DA_IPCA_EX1,7.51810607335218,TRUE,2.60333552780792e-09,0.00610576883980498,-2.59642244728027
2022Q3,2022-09-30,DA_IPCA_MA,5.99517433173773,TRUE,7.79613338950602e-07,0.00960182139524228,-4.36244922938309
2022Q3,2022-09-30,DA_IPCDG,4.07380192831042,TRUE,0.000371579307769381,0.0207949287736674,1.23586222028245
2022Q3,2022-09-30,DA_IPCG,6.09288804570124,TRUE,0.000207563375040306,0.00929631560920865,1.1955785817946
2022Q3,2022-09-30,DA_IPCI,3.94345461520381,TRUE,3.40415201464052e-06,0.0221923637448595,3.60724272351865
2022Q3,2022-09-30,DA_IPCIG,4.81514245195787,TRUE,0.0024595869760249,0.01488466196755,-2.17086251049748
2022Q3,2022-09-30,DA_IPKG,5.37832755413027,TRUE,8.55437545899387e-05,0.0119306130220403,-1.81957498022825
2022Q3,2022-09-30,DA_IPME,6.40979301596528,TRUE,1.93369416381843e-10,0.00839980578784027,-7.42904392255544
2022Q3,2022-09-30,DA_IPMI,7.0989628740985,TRUE,0.00268334007125882,0.0068480582551848,0.767205263884319
2022Q3,2022-09-30,DA_IPSDG,5.50681049657261,TRUE,0.000169762594485469,0.0113803860045054,2.50009028479336
2022Q3,2022-09-30,DA_IP_US,2.66191311322528,TRUE,0.000150538344665177,0.0487045465840616,1.56236867204921
2022Q3,2022-09-30,DA_ISA_S,4.11981676406825,TRUE,0.000746288081546207,0.0203329997380203,0.71917993034513
2022Q3,2022-09-30,DA_M1,11.8087348255421,FALSE,,,-4.51785028503184
2022Q3,2022-09-30,DA_PIB_monthly,8.05954198360034,TRUE,6.68445628455985e-10,0.0053129598271914,-0.418251571439513
2022Q3,2022-09-30,DA_QSC,8.90083350019482,FALSE,,,2.23188031393074
2022Q3,2022-09-30,DA_REER_IPCA,4.54970009590873,TRUE,1.34586297126346e-09,0.0166721541021646,2.95161582781257
2022Q3,2022-09-30,DA_REER_USD,4.82042680517594,TRUE,1.50723105932095e-08,0.01485204547874,-0.486171412198601
2022Q3,2022-09-30,DA_RETAIL_SALES_US,3.63517982996897,TRUE,5.45152998641647e-07,0.0261159276032151,-2.51967460027896
2022Q3,2022-09-30,DA_RE_Value,5.10942078524012,TRUE,1.99587838979884e-10,0.0132194660924938,-5.73215885011474
2022Q3,2022-09-30,DA_Retail_Sales,7.55808113805099,TRUE,5.4258863013322e-06,0.00604135221650494,-6.37615151489752
2022Q3,2022-09-30,DA_Savings,7.25543722747204,TRUE,1.3912906737487e-10,0.00655586614774432,14.1633354338572
2022Q3,2022-09-30,DA_Selic,7.50527979930504,TRUE,1.30557763136101e-08,0.00612665578466058,-1.54791475340087
2022Q3,2022-09-30,DA_Steel,7.33598866506424,TRUE,9.02986790921648e-10,0.00641268567102537,-5.43191139336727
2022Q3,2022-09-30,DA_TRUCK_IMP_US,5.70259895191787,TRUE,2.82294985056104e-08,0.0106123507666749,4.35872162922863
2023Q1,2023-03-31,DA3m_AUTO_SALES_US,8.95397172418835,FALSE,,,1.57945972570363
2023Q1,2023-03-31,DA3m_BGS,13.8329388981171,FALSE,,,12.0040290103769
2023Q1,2023-03-31,DA3m_CAP_UTILI_US,4.63219701232839,TRUE,0.00130299525144292,0.0160835980782065,-1.62119098151727
2023Q1,2023-03-31,DA3m_CONS_CONF_US,7.53187421015099,TRUE,2.46573979473583e-08,0.00608346676104985,2.32122672323993
2023Q1,2023-03-31,DA3m_CONS_SENTI_US,7.51157980281023,TRUE,1.65038806425656e-08,0.00611638317416504,9.68362457914683
2023Q1,2023-03-31,DA3m_CPI_US,7.60058573287341,TRUE,8.53301638164535e-10,0.00597397129881206,1.8826972982872
2023Q1,2023-03-31,DA3m_Credit,5.10197751858205,TRUE,1.37904278982999e-10,0.0132580659435261,-1.24438886522785
2023Q1,2023-03-31,DA3m_EMPLOY_NONFARM_US,4.02399592227753,TRUE,0.000101385461778454,0.0213128825707063,0.453645193667517
2023Q1,2023-03-31,DA3m_Fx,4.06439578028959,TRUE,4.11472837181195e-09,0.020891290705654,3.96007016285445
2023Q1,2023-03-31,DA3m_HOUSING_STARTS_US,9.28142253528475,FALSE,,,-1.88917928769814
2023Q1,2023-03-31,DA3m_HVT,4.84579224998234,TRUE,0.0312433809995911,0.0146969654746754,5.3020818930196
2023Q1,2023-03-31,DA3m_IC_Br,4.69964289336272,TRUE,1.76457489759178e-10,0.0156252702726045,-1.14887625715313
2023Q1,2023-03-31,DA3m_IE_S,5.09985704520565,TRUE,6.94057248641504e-05,0.0132690933979223,-4.18256087069495
2023Q1,2023-03-31,DA3m_IE_S_alt,6.17525038940325,TRUE,2.15454876792384e-06,0.00904999027513716,-6.43459816319399
2023Q1,2023-03-31,DA3m_INCC_DI,6.7251911898511,TRUE,6.41239235564993e-11,0.00763041195030274,-2.11849376219105
2023Q1,2023-03-31,DA3m_INDF,6.020633745786,TRUE,3.67284212597782e-05,0.00952078677646076,-2.53923855315173
2023Q1,2023-03-31,DA3m_INDFE,5.23025402474221,TRUE,7.08240942217079e-05,0.0126157098285111,-4.5357735876543
2023Q1,2023-03-31,DA3m_IP,3.67406017260587,TRUE,0.788605755448011,0.025566114314383,2.11689039255857
2023Q1,2023-03-31,DA3m_IPCA,5.99460509955857,TRUE,4.0929718153306e-12,0.00960364501001879,1.46414178388723
2023Q1,2023-03-31,DA3m_IPCA_EX1,6.32872402038069,TRUE,7.04935059512797e-10,0.008616381920399,2.08829757385553
2023Q1,2023-03-31,DA3m_IPCA_MA,6.86397555835064,TRUE,9.3482042375127e-09,0.00732496913792124,-0.361426664754616
2023Q1,2023-03-31,DA3m_IPCDG,4.0653736723133,TRUE,0.0248566031888175,0.0208812414599375,1.14520334396299
2023Q1,2023-03-31,DA3m_IPCG,9.97137156578508,FALSE,,,2.74188799359627
2023Q1,2023-03-31,DA3m_IPCI,5.51300526862143,TRUE,0.000124694654580654,0.0113548248867069,2.03690230413094
2023Q1,2023-03-31,DA3m_IPCIG,4.18174275587091,TRUE,0.000875204705446032,0.0197352498746131,0.952374863159122
2023Q1,2023-03-31,DA3m_IPKG,7.94665868710888,TRUE,0.00847159996929915,0.0054649744451706,-3.57133844846531
2023Q1,2023-03-31,DA3m_IPME,7.85513554499057,TRUE,2.67094938339464e-11,0.00559306529069571,1.94669914132856
2023Q1,2023-03-31,DA3m_IPMI,3.22102339581057,TRUE,0.124860753551195,0.0332636189796358,1.40336296812385
2023Q1,2023-03-31,DA3m_IPSDG,12.3787224843088,FALSE,,,5.2307507008687
2023Q1,2023-03-31,DA3m_IP_US,3.77813216118002,TRUE,0.00577561833772897,0.024177030844883,1.27057260519
2023Q1,2023-03-31,DA3m_ISA_S,3.62092743494111,TRUE,0.00209761032635508,0.0263219229253615,-0.217312478811145
2023Q1,2023-03-31,DA3m_M1,8.71008857698967,FALSE,,,-0.340642097847417
2023Q1,2023-03-31,DA3m_PIB_monthly,8.28797021213723,FALSE,,,-3.9845420685928
2023Q1,2023-03-31,DA3m_QSC,7.14865231058712,TRUE,5.98375126057568e-08,0.0067531890319081,-0.333073874228559
2023Q1,2023-03-31,DA3m_REER_IPCA,4.26695368317741,TRUE,2.85128787247621e-09,0.0189548956787808,1.29419613024785
2023Q1,2023-03-31,DA3m_REER_USD,4.20748921447457,TRUE,2.84324770461163e-09,0.0194944610588747,4.02653680459025
2023Q1,2023-03-31,DA3m_RETAIL_SALES_US,6.72491754234431,TRUE,7.85676823204022e-05,0.00763103294994347,-1.34080057467242
2023Q1,2023-03-31,DA3m_RE_Value,6.59836694717504,TRUE,4.24034181660442e-10,0.00792655228072249,0.308136844257334
2023Q1,2023-03-31,DA3m_Retail_Sales,6.16592483988259,TRUE,7.95398417765226e-06,0.00907738598832617,0.479559100005876
2023Q1,2023-03-31,DA3m_Savings,5.53065079306888,TRUE,2.66297103152633e-08,0.0112824854023676,-0.615536155618903
2023Q1,2023-03-31,DA3m_Selic,9.26003860488041,FALSE,,,0.645988768891483
2023Q1,2023-03-31,DA3m_Steel,6.99916357740309,TRUE,4.95224259914257e-09,0.00704473999504944,-0.591180558608566
2023Q1,2023-03-31,DA3m_TRUCK_IMP_US,5.80912666979967,TRUE,8.69596494725692e-08,0.0102267011036208,1.49012054772263
2023Q1,2023-03-31,DA_AUTO_SALES_US,5.20187070954046,TRUE,4.03080581510011e-08,0.0127537573059358,8.09385455191594
2023Q1,2023-03-31,DA_BGS,5.22252331224536,TRUE,6.82489598985801e-10,0.0126530866303726,13.2808170746706
2023Q1,2023-03-31,DA_CAP_UTILI_US,3.65646157302377,TRUE,4.62072774645819e-05,0.0258128066720253,-1.22023301870602
2023Q1,2023-03-31,DA_CONS_CONF_US,6.85165664571981,TRUE,4.38813776787245e-08,0.00735133262311821,6.81245686462406
2023Q1,2023-03-31,DA_CONS_SENTI_US,8.56192481508008,FALSE,,,10.0460029242217
2023Q1,2023-03-31,DA_CPI_US,8.0678839946071,FALSE,,,6.50611364835986
2023Q1,2023-03-31,DA_Credit,5.2625356151542,TRUE,1.31883391475856e-11,0.0124614092748663,0.253837182681345
2023Q1,2023-03-31,DA_EMPLOY_NONFARM_US,6.10753919562791,TRUE,1.31715564201548e-05,0.00925176792976805,-0.514208280001795
2023Q1,2023-03-31,DA_Fx,4.25524617654842,TRUE,3.07060449909231e-09,0.0190593407969301,4.17217772314761
2023Q1,2023-03-31,DA_HOUSING_STARTS_US,6.63215831959861,TRUE,1.23686963529628e-09,0.00784598522814948,-0.126747191780842
2023Q1,2023-03-31,DA_HVT,6.05988127307718,TRUE,8.03471885870546e-05,0.00939786117048773,6.46090336052564
2023Q1,2023-03-31,DA_IC_Br,5.79489319458327,TRUE,7.31531197679132e-10,0.0102770006541456,-0.40152670954517
2023Q1,2023-03-31,DA_IE_S,5.07252657757893,TRUE,5.53394933441822e-05,0.0134124647500817,0.379094088845191
2023Q1,2023-03-31,DA_IE_S_alt,6.38006704050064,TRUE,6.05485283601501e-06,0.00847826079528396,0.17663178346731
2023Q1,2023-03-31,DA_INCC_DI,6.13863043637224,TRUE,9.50455394917826e-09,0.00915828763391053,1.15415706326065
2023Q1,2023-03-31,DA_INDF,4.42224459405665,TRUE,3.5236559499991e-07,0.0176470345748869,-2.03298993307917
2023Q1,2023-03-31,DA_INDFE,4.87498915625087,TRUE,8.54378909998452e-09,0.0145214488014045,1.88917904195758
2023Q1,2023-03-31,DA_IP,3.65604511341715,TRUE,0.00433252211604016,0.0258186876736234,1.49331772294251
2023Q1,2023-03-31,DA_IPCA,5.09711667720503,TRUE,1.76353721673455e-11,0.0132833649855556,0.0698096911896062
2023Q1,2023-03-31,DA_IPCA_EX1,7.51810607335218,TRUE,2.60333552780792e-09,0.00610576883980498,-1.01843397148836
2023Q1,2023-03-31,DA_IPCA_MA,5.99517433173773,TRUE,7.79613338950602e-07,0.00960182139524228,2.06924724690619
2023Q1,2023-03-31,DA_IPCDG,4.07380192831042,TRUE,0.000371579307769381,0.0207949287736674,0.892407625813472
2023Q1,2023-03-31,DA_IPCG,6.09288804570124,TRUE,0.000207563375040306,0.00929631560920865,1.85538663060018
2023Q1,2023-03-31,DA_IPCI,3.94345461520381,TRUE,3.40415201464052e-06,0.0221923637448595,1.7143416102603
2023Q1,2023-03-31,DA_IPCIG,4.81514245195787,TRUE,0.0024595869760249,0.01488466196755,3.43557372229273
2023Q1,2023-03-31,DA_IPKG,5.37832755413027,TRUE,8.55437545899387e-05,0.0119306130220403,-3.30022693192417
2023Q1,2023-03-31,DA_IPME,6.40979301596528,TRUE,1.93369416381843e-10,0.00839980578784027,8.7979689478734
2023Q1,2023-03-31,DA_IPMI,7.0989628740985,TRUE,0.00268334007125882,0.0068480582551848,1.20228056538124
2023Q1,2023-03-31,DA_IPSDG,5.50681049657261,TRUE,0.000169762594485469,0.0113803860045054,2.58241440671481
2023Q1,2023-03-31,DA_IP_US,2.66191311322528,TRUE,0.000150538344665177,0.0487045465840616,0.88066854614562
2023Q1,2023-03-31,DA_ISA_S,4.11981676406825,TRUE,0.000746288081546207,0.0203329997380203,-0.556642162366964
2023Q1,2023-03-31,DA_M1,11.8087348255421,FALSE,,,-1.2698834126158
2023Q1,2023-03-31,DA_PIB_monthly,8.05954198360034,TRUE,6.68445628455985e-10,0.0053129598271914,-5.79813341280043
2023Q1,2023-03-31,DA_QSC,8.90083350019482,FALSE,,,-0.787048653774821
2023Q1,2023-03-31,DA_REER_IPCA,4.54970009590873,TRUE,1.34586297126346e-09,0.0166721541021646,1.4170815085293
2023Q1,2023-03-31,DA_REER_USD,4.82042680517594,TRUE,1.50723105932095e-08,0.01485204547874,4.79311193451702
2023Q1,2023-03-31,DA_RETAIL_SALES_US,3.63517982996897,TRUE,5.45152998641647e-07,0.0261159276032151,4.61208898234024
2023Q1,2023-03-31,DA_RE_Value,5.10942078524012,TRUE,1.99587838979884e-10,0.0132194660924938,-0.173034084304248
2023Q1,2023-03-31,DA_Retail_Sales,7.55808113805099,TRUE,5.4258863013322e-06,0.00604135221650494,2.59254808791823
2023Q1,2023-03-31,DA_Savings,7.25543722747204,TRUE,1.3912906737487e-10,0.00655586614774432,-4.69311955961083
2023Q1,2023-03-31,DA_Selic,7.50527979930504,TRUE,1.30557763136101e-08,0.00612665578466058,-0.227747096467514
2023Q1,2023-03-31,DA_Steel,7.33598866506424,TRUE,9.02986790921648e-10,0.00641268567102537,2.19056768546353
2023Q1,2023-03-31,DA_TRUCK_IMP_US,5.70259895191787,TRUE,2.82294985056104e-08,0.0106123507666749,0.462635613167834
2023Q2,2023-06-30,DA3m_AUTO_SALES_US,8.95397172418835,FALSE,,,3.3478505770607
2023Q2,2023-06-30,DA3m_BGS,13.8329388981171,FALSE,,,-13.7953444950802
2023Q2,2023-06-30,DA3m_CAP_UTILI_US,4.63219701232839,TRUE,0.00130299525144292,0.0160835980782065,-1.53058680141006
2023Q2,2023-06-30,DA3m_CONS_CONF_US,7.53187421015099,TRUE,2.46573979473583e-08,0.00608346676104985,-5.47950909506756
2023Q2,2023-06-30,DA3m_CONS_SENTI_US,7.51157980281023,TRUE,1.65038806425656e-08,0.00611638317416504,-6.18185592205705
2023Q2,2023-06-30,DA3m_CPI_US,7.60058573287341,TRUE,8.53301638164535e-10,0.00597397129881206,-3.78157208613028
2023Q2,2023-06-30,DA3m_Credit,5.10197751858205,TRUE,1.37904278982999e-10,0.0132580659435261,-0.150172430381624
2023Q2,2023-06-30,DA3m_EMPLOY_NONFARM_US,4.02399592227753,TRUE,0.000101385461778454,0.0213128825707063,1.62724877486439
2023Q2,2023-06-30,DA3m_Fx,4.06439578028959,TRUE,4.11472837181195e-09,0.020891290705654,1.74023763985061
2023Q2,2023-06-30,DA3m_HOUSING_STARTS_US,9.28142253528475,FALSE,,,2.16769308568401
2023Q2,2023-06-30,DA3m_HVT,4.84579224998234,TRUE,0.0312433809995911,0.0146969654746754,0.200280777971805
2023Q2,2023-06-30,DA3m_IC_Br,4.69964289336272,TRUE,1.76457489759178e-10,0.0156252702726045,1.1131610255623
2023Q2,2023-06-30,DA3m_IE_S,5.09985704520565,TRUE,6.94057248641504e-05,0.0132690933979223,1.48465115014084
2023Q2,2023-06-30,DA3m_IE_S_alt,6.17525038940325,TRUE,2.15454876792384e-06,0.00904999027513716,2.12487632940291
2023Q2,2023-06-30,DA3m_INCC_DI,6.7251911898511,TRUE,6.41239235564993e-11,0.00763041195030274,-0.324972926889811
2023Q2,2023-06-30,DA3m_INDF,6.020633745786,TRUE,3.67284212597782e-05,0.00952078677646076,2.71387219634795
2023Q2,2023-06-30,DA3m_INDFE,5.23025402474221,TRUE,7.08240942217079e-05,0.0126157098285111,0.145141957988221
2023Q2,2023-06-30,DA3m_IP,3.67406017260587,TRUE,0.788605755448011,0.025566114314383,1.91758135301265
2023Q2,2023-06-30,DA3m_IPCA,5.99460509955857,TRUE,4.0929718153306e-12,0.00960364501001879,-0.232998553042505
2023Q2,2023-06-30,DA3m_IPCA_EX1,6.32872402038069,TRUE,7.04935059512797e-10,0.008616381920399,-2.33372720302746
2023Q2,2023-06-30,DA3m_IPCA_MA,6.86397555835064,TRUE,9.3482042375127e-09,0.00732496913792124,-0.782731942527185
2023Q2,2023-06-30,DA3m_IPCDG,4.0653736723133,TRUE,0.0248566031888175,0.0208812414599375,0.340527604592092
2023Q2,2023-06-30,DA3m_IPCG,9.97137156578508,FALSE,,,2.31003803317251
2023Q2,2023-06-30,DA3m_IPCI,5.51300526862143,TRUE,0.000124694654580654,0.0113548248867069,4.51967057737472
2023Q2,2023-06-30,DA3m_IPCIG,4.18174275587091,TRUE,0.000875204705446032,0.0197352498746131,2.6382089113536
2023Q2,2023-06-30,DA3m_IPKG,7.94665868710888,TRUE,0.00847159996929915,0.0054649744451706,-2.04713306287261
2023Q2,2023-06-30,DA3m_IPME,7.85513554499057,TRUE,2.67094938339464e-11,0.00559306529069571,-0.985247683523368
2023Q2,2023-06-30,DA3m_IPMI,3.22102339581057,TRUE,0.124860753551195,0.0332636189796358,0.79037065390098
2023Q2,2023-06-30,DA3m_IPSDG,12.3787224843088,FALSE,,,1.6179369476183
2023Q2,2023-06-30,DA3m_IP_US,3.77813216118002,TRUE,0.00577561833772897,0.024177030844883,0.445807277313639
2023Q2,2023-06-30,DA3m_ISA_S,3.62092743494111,TRUE,0.00209761032635508,0.0263219229253615,-0.261231982165636
2023Q2,2023-06-30,DA3m_M1,8.71008857698967,FALSE,,,9.75099511789642
2023Q2,2023-06-30,DA3m_PIB_monthly,8.28797021213723,FALSE,,,6.02191586524325
2023Q2,2023-06-30,DA3m_QSC,7.14865231058712,TRUE,5.98375126057568e-08,0.0067531890319081,-0.774861046699638
2023Q2,2023-06-30,DA3m_REER_IPCA,4.26695368317741,TRUE,2.85128787247621e-09,0.0189548956787808,1.7195026507212
2023Q2,2023-06-30,DA3m_REER_USD,4.20748921447457,TRUE,2.84324770461163e-09,0.0194944610588747,2.06911948488549
2023Q2,2023-06-30,DA3m_RETAIL_SALES_US,6.72491754234431,TRUE,7.85676823204022e-05,0.00763103294994347,-1.31939344499751
2023Q2,2023-06-30,DA3m_RE_Value,6.59836694717504,TRUE,4.24034181660442e-10,0.00792655228072249,0.783872049393068
2023Q2,2023-06-30,DA3m_Retail_Sales,6.16592483988259,TRUE,7.95398417765226e-06,0.00907738598832617,0.589295050784741
2023Q2,2023-06-30,DA3m_Savings,5.53065079306888,TRUE,2.66297103152633e-08,0.0112824854023676,1.76589592744067
2023Q2,2023-06-30,DA3m_Selic,9.26003860488041,FALSE,,,0.796674671826162
2023Q2,2023-06-30,DA3m_Steel,6.99916357740309,TRUE,4.95224259914257e-09,0.00704473999504944,1.1635049763793
2023Q2,2023-06-30,DA3m_TRUCK_IMP_US,5.80912666979967,TRUE,8.69596494725692e-08,0.0102267011036208,3.37718253482922
2023Q2,2023-06-30,DA_AUTO_SALES_US,5.20187070954046,TRUE,4.03080581510011e-08,0.0127537573059358,5.86448976441171
2023Q2,2023-06-30,DA_BGS,5.22252331224536,TRUE,6.82489598985801e-10,0.0126530866303726,12.9724558688651
2023Q2,2023-06-30,DA_CAP_UTILI_US,3.65646157302377,TRUE,4.62072774645819e-05,0.0258128066720253,-1.45357899668938
2023Q2,2023-06-30,DA_CONS_CONF_US,6.85165664571981,TRUE,4.38813776787245e-08,0.00735133262311821,5.22804300550924
2023Q2,2023-06-30,DA_CONS_SENTI_US,8.56192481508008,FALSE,,,-2.56762401233852
2023Q2,2023-06-30,DA_CPI_US,8.0678839946071,FALSE,,,2.80015186876914
2023Q2,2023-06-30,DA_Credit,5.2625356151542,TRUE,1.31883391475856e-11,0.0124614092748663,-0.175216898354041
2023Q2,2023-06-30,DA_EMPLOY_NONFARM_US,6.10753919562791,TRUE,1.31715564201548e-05,0.00925176792976805,-0.385294028026686
2023Q2,2023-06-30,DA_Fx,4.25524617654842,TRUE,3.07060449909231e-09,0.0190593407969301,2.02971728477979
2023Q2,2023-06-30,DA_HOUSING_STARTS_US,6.63215831959861,TRUE,1.23686963529628e-09,0.00784598522814948,2.69053292424998
2023Q2,2023-06-30,DA_HVT,6.05988127307718,TRUE,8.03471885870546e-05,0.00939786117048773,-1.61550338230962
2023Q2,2023-06-30,DA_IC_Br,5.79489319458327,TRUE,7.31531197679132e-10,0.0102770006541456,6.60430188954742
2023Q2,2023-06-30,DA_IE_S,5.07252657757893,TRUE,5.53394933441822e-05,0.0134124647500817,3.73604177374823
2023Q2,2023-06-30,DA_IE_S_alt,6.38006704050064,TRUE,6.05485283601501e-06,0.00847826079528396,2.62050905968609
2023Q2,2023-06-30,DA_INCC_DI,6.13863043637224,TRUE,9.50455394917826e-09,0.00915828763391053,-5.58593076435031
2023Q2,2023-06-30,DA_INDF,4.42224459405665,TRUE,3.5236559499991e-07,0.0176470345748869,2.39345198689585
2023Q2,2023-06-30,DA_INDFE,4.87498915625087,TRUE,8.54378909998452e-09,0.0145214488014045,-2.90731381153004
2023Q2,2023-06-30,DA_IP,3.65604511341715,TRUE,0.00433252211604016,0.0258186876736234,1.14612283418356
2023Q2,2023-06-30,DA_IPCA,5.09711667720503,TRUE,1.76353721673455e-11,0.0132833649855556,-1.19853448967672
2023Q2,2023-06-30,DA_IPCA_EX1,7.51810607335218,TRUE,2.60333552780792e-09,0.00610576883980498,1.18275555977326
2023Q2,2023-06-30,DA_IPCA_MA,5.99517433173773,TRUE,7.79613338950602e-07,0.00960182139524228,5.93457042203097
2023Q2,2023-06-30,DA_IPCDG,4.07380192831042,TRUE,0.000371579307769381,0.0207949287736674,-0.24395993784049
2023Q2,2023-06-30,DA_IPCG,6.09288804570124,TRUE,0.000207563375040306,0.00929631560920865,1.71846768136196
2023Q2,2023-06-30,DA_IPCI,3.94345461520381,TRUE,3.40415201464052e-06,0.0221923637448595,2.53101392730188
2023Q2,2023-06-30,DA_IPCIG,4.81514245195787,TRUE,0.0024595869760249,0.01488466196755,1.10316855342022
2023Q2,2023-06-30,DA_IPKG,5.37832755413027,TRUE,8.55437545899387e-05,0.0119306130220403,-2.64210543085839
2023Q2,2023-06-30,DA_IPME,6.40979301596528,TRUE,1.93369416381843e-10,0.00839980578784027,-2.77162039108329
2023Q2,2023-06-30,DA_IPMI,7.0989628740985,TRUE,0.00268334007125882,0.0068480582551848,0.650168606831303
2023Q2,2023-06-30,DA_IPSDG,5.50681049657261,TRUE,0.000169762594485469,0.0113803860045054,2.6908534156523
2023Q2,2023-06-30,DA_IP_US,2.66191311322528,TRUE,0.000150538344665177,0.0487045465840616,0.0164570701617852
2023Q2,2023-06-30,DA_ISA_S,4.11981676406825,TRUE,0.000746288081546207,0.0203329997380203,1.83812997427393
2023Q2,2023-06-30,DA_M1,11.8087348255421,FALSE,,,8.1620977634284
2023Q2,2023-06-30,DA_PIB_monthly,8.05954198360034,TRUE,6.68445628455985e-10,0.0053129598271914,4.33859258052091
2023Q2,2023-06-30,DA_QSC,8.90083350019482,FALSE,,,3.02575020389292
2023Q2,2023-06-30,DA_REER_IPCA,4.54970009590873,TRUE,1.34586297126346e-09,0.0166721541021646,3.09530351784
2023Q2,2023-06-30,DA_REER_USD,4.82042680517594,TRUE,1.50723105932095e-08,0.01485204547874,2.47752454196819
2023Q2,2023-06-30,DA_RETAIL_SALES_US,3.63517982996897,TRUE,5.45152998641647e-07,0.0261159276032151,0.0626367263669208
2023Q2,2023-06-30,DA_RE_Value,5.10942078524012,TRUE,1.99587838979884e-10,0.0132194660924938,0.266963376366363
2023Q2,2023-06-30,DA_Retail_Sales,7.55808113805099,TRUE,5.4258863013322e-06,0.00604135221650494,0.983023059350706
2023Q2,2023-06-30,DA_Savings,7.25543722747204,TRUE,1.3912906737487e-10,0.00655586614774432,6.28321800792673
2023Q2,2023-06-30,DA_Selic,7.50527979930504,TRUE,1.30557763136101e-08,0.00612665578466058,-0.0503522536525967
2023Q2,2023-06-30,DA_Steel,7.33598866506424,TRUE,9.02986790921648e-10,0.00641268567102537,2.16979158161619
2023Q2,2023-06-30,DA_TRUCK_IMP_US,5.70259895191787,TRUE,2.82294985056104e-08,0.0106123507666749,1.25847182213791
